Geografía,Año,Provincia,Delitos Sexuales,Homicidios,Hurtos,Lesiones,Resto De Criminalidad Convencional,Robos Con Fuerza,Robos Con Violencia,Secuestro,Sustraccion De Vehiculos,Trafico De Drogas,Total Delitos
Alaquàs,2021,Valencia,4,1,205,8,0,100,14,0,10,8,350
Alaquàs,2022,Valencia,5,0,240,14,0,99,21,0,16,7,402
Alaquàs,2023,Valencia,13,0,178,9,0,60,35,1,8,7,311
Alaquàs,2024,Valencia,9,2,188,9,0,77,22,0,12,12,331
Alboraia / Alboraya,2021,Valencia,3,0,391,4,0,86,32,0,16,3,535
Alboraia / Alboraya,2022,Valencia,5,0,529,7,0,121,35,0,30,5,732
Alboraia / Alboraya,2023,Valencia,11,0,530,18,0,145,31,0,25,8,768
Alboraia / Alboraya,2024,Valencia,12,0,628,11,0,207,46,0,19,5,928
Aldaia,2017,Valencia,6,0,1179,8,0,145,34,0,17,5,1394
Aldaia,2018,Valencia,5,1,1035,5,0,116,28,0,21,11,1222
Aldaia,2019,Valencia,10,0,865,7,0,65,23,0,17,4,991
Aldaia,2020,Valencia,7,0,609,14,0,57,24,0,19,2,732
Aldaia,2021,Valencia,12,2,848,5,0,83,19,0,15,5,989
Aldaia,2022,Valencia,3,0,996,12,0,73,19,0,15,5,1123
Aldaia,2023,Valencia,12,1,1092,18,0,59,28,0,15,9,1234
Aldaia,2024,Valencia,6,2,942,19,0,108,22,0,29,7,1135
Alfafar,2021,Valencia,9,0,512,7,0,61,20,0,12,5,626
Alfafar,2022,Valencia,13,0,503,20,0,82,47,0,25,8,698
Alfafar,2023,Valencia,13,0,522,10,0,92,39,0,7,3,686
Alfafar,2024,Valencia,10,2,488,13,0,84,38,0,13,6,654
Algemesí,2021,Valencia,7,0,168,6,0,139,19,0,4,17,360
Algemesí,2022,Valencia,7,2,239,8,0,181,18,0,6,5,466
Algemesí,2023,Valencia,12,0,251,11,0,126,20,0,10,11,441
Algemesí,2024,Valencia,21,3,272,20,0,160,23,0,7,6,512
Alzira,2017,Valencia,12,2,476,6,0,296,38,0,21,10,861
Alzira,2018,Valencia,5,0,538,21,0,367,34,0,22,30,1017
Alzira,2019,Valencia,14,2,469,23,0,272,36,0,17,21,854
Alzira,2020,Valencia,20,2,369,19,0,306,31,0,20,28,795
Alzira,2021,Valencia,28,1,415,25,0,408,38,0,18,22,955
Alzira,2022,Valencia,11,2,474,26,0,356,39,0,22,9,939
Alzira,2023,Valencia,34,2,623,30,0,585,43,0,20,24,1361
Alzira,2024,Valencia,22,3,577,41,0,584,47,0,16,15,1305
Burjassot,2017,Valencia,2,0,251,6,0,133,32,0,23,5,452
Burjassot,2018,Valencia,11,1,276,8,0,97,28,0,29,2,452
Burjassot,2019,Valencia,12,3,289,9,0,77,20,0,34,7,451
Burjassot,2020,Valencia,7,3,272,8,0,52,17,0,25,7,391
Burjassot,2021,Valencia,14,3,367,11,0,127,48,0,18,7,595
Burjassot,2022,Valencia,17,3,524,5,0,102,34,0,23,6,714
Burjassot,2023,Valencia,18,0,350,3,0,132,28,0,13,12,556
Burjassot,2024,Valencia,20,3,368,11,0,140,44,0,16,11,613
Bétera,2021,Valencia,19,1,146,3,0,226,12,0,3,6,416
Bétera,2022,Valencia,11,0,137,12,0,216,22,0,8,2,408
Bétera,2023,Valencia,11,0,145,16,0,188,20,0,14,3,397
Bétera,2024,Valencia,17,1,117,20,0,187,14,0,13,2,371
Carcaixent,2021,Valencia,5,0,197,11,0,59,6,0,3,4,285
Carcaixent,2022,Valencia,10,0,251,12,0,121,14,1,5,6,420
Carcaixent,2023,Valencia,14,0,298,19,0,121,17,0,9,3,481
Carcaixent,2024,Valencia,8,2,259,19,0,112,16,0,6,1,423
Catarroja,2021,Valencia,7,1,197,5,0,172,33,0,13,7,435
Catarroja,2022,Valencia,8,0,193,8,0,120,25,0,17,3,374
Catarroja,2023,Valencia,15,0,157,9,0,118,29,0,13,3,344
Catarroja,2024,Valencia,13,1,204,12,0,117,34,0,24,7,412
Cullera,2021,Valencia,17,0,414,24,0,177,30,0,13,6,681
Cullera,2022,Valencia,17,1,780,33,0,161,62,0,17,15,1086
Cullera,2023,Valencia,26,1,1290,34,0,243,75,0,26,21,1716
Cullera,2024,Valencia,17,3,845,29,0,189,41,0,17,12,1153
Gandia,2016,Valencia,0,0,1384,0,536,0,0,0,0,0,1920
Gandia,2017,Valencia,29,2,1285,43,0,357,60,0,115,57,1948
Gandia,2018,Valencia,36,1,1171,47,0,463,68,0,110,49,1945
Gandia,2019,Valencia,26,7,1015,66,0,323,62,0,56,46,1601
Gandia,2020,Valencia,27,1,797,43,0,271,52,0,74,44,1309
Gandia,2021,Valencia,34,2,1005,54,0,379,57,0,63,23,1617
Gandia,2022,Valencia,43,2,1092,61,0,437,82,0,99,36,1852
Gandia,2023,Valencia,47,5,1209,56,0,430,98,0,78,62,1985
Gandia,2024,Valencia,57,7,1292,64,0,418,76,0,58,68,2040
Llíria,2021,Valencia,9,0,194,11,0,235,13,0,5,5,472
Llíria,2022,Valencia,7,3,239,20,0,285,19,0,3,8,584
Llíria,2023,Valencia,14,0,225,20,0,267,15,0,7,10,558
Llíria,2024,Valencia,17,1,218,32,0,392,13,0,3,8,684
Manises,2017,Valencia,4,0,371,7,0,163,38,0,81,15,679
Manises,2018,Valencia,9,0,478,6,0,167,33,0,61,19,773
Manises,2019,Valencia,9,2,390,9,0,110,23,0,60,17,620
Manises,2020,Valencia,8,0,236,7,0,141,19,0,49,21,481
Manises,2021,Valencia,7,3,329,7,0,110,34,0,50,34,574
Manises,2022,Valencia,5,1,387,14,0,97,22,0,58,33,617
Manises,2023,Valencia,10,2,365,15,0,79,20,0,59,47,597
Manises,2024,Valencia,11,3,304,11,0,80,13,0,92,73,587
Mislata,2017,Valencia,11,3,245,8,0,83,18,0,31,7,406
Mislata,2018,Valencia,4,2,240,5,0,93,15,0,14,4,377
Mislata,2019,Valencia,10,0,278,4,0,113,27,0,22,10,464
Mislata,2020,Valencia,10,0,222,7,0,119,24,0,22,3,407
Mislata,2021,Valencia,17,1,292,13,0,65,33,0,23,3,447
Mislata,2022,Valencia,13,3,317,13,0,98,30,0,14,7,495
Mislata,2023,Valencia,26,0,317,14,0,180,35,0,12,7,591
Mislata,2024,Valencia,30,1,349,17,0,172,36,0,19,7,631
Moncada,2021,Valencia,7,3,172,9,0,113,16,0,6,6,332
Moncada,2022,Valencia,9,0,162,5,0,128,9,0,5,0,318
Moncada,2023,Valencia,6,0,190,15,0,138,15,0,10,3,377
Moncada,2024,Valencia,10,0,165,6,0,186,8,0,6,0,381
Oliva,2021,Valencia,14,0,214,12,0,185,6,0,9,17,457
Oliva,2022,Valencia,14,2,210,19,0,168,14,0,13,11,451
Oliva,2023,Valencia,6,0,213,28,0,239,12,0,31,6,535
Oliva,2024,Valencia,9,0,303,29,0,248,23,0,19,4,635
Ontinyent,2017,Valencia,5,0,144,9,0,191,5,0,7,3,364
Ontinyent,2018,Valencia,13,0,149,5,0,376,4,0,4,1,552
Ontinyent,2019,Valencia,8,1,145,9,0,278,12,0,7,7,467
Ontinyent,2020,Valencia,8,1,78,7,0,139,5,0,2,2,242
Ontinyent,2021,Valencia,14,0,109,9,0,137,5,0,2,6,282
Ontinyent,2022,Valencia,16,0,142,10,0,181,8,0,11,10,378
Ontinyent,2023,Valencia,8,0,181,14,0,93,9,0,6,7,318
Ontinyent,2024,Valencia,13,1,155,13,0,283,11,0,12,9,497
Paiporta,2021,Valencia,3,0,197,11,0,67,16,0,11,5,310
Paiporta,2022,Valencia,21,0,163,14,0,105,25,0,11,5,344
Paiporta,2023,Valencia,10,0,122,17,0,76,15,0,19,7,266
Paiporta,2024,Valencia,20,0,173,20,0,77,15,0,12,9,326
Paterna,2016,Valencia,0,0,686,0,297,0,0,0,0,0,983
Paterna,2017,Valencia,16,3,556,7,0,263,48,0,78,19,990
Paterna,2018,Valencia,16,0,558,14,0,246,45,0,83,11,973
Paterna,2019,Valencia,20,5,570,18,0,225,48,1,57,16,960
Paterna,2020,Valencia,22,2,344,6,0,242,42,0,39,25,722
Paterna,2021,Valencia,22,2,452,15,0,345,41,0,43,19,939
Paterna,2022,Valencia,27,3,561,29,0,374,55,1,53,21,1124
Paterna,2023,Valencia,32,4,660,23,0,434,82,0,58,26,1319
Paterna,2024,Valencia,25,0,600,28,0,451,97,0,67,16,1284
Picassent,2021,Valencia,15,0,165,11,0,113,15,0,3,30,352
Picassent,2022,Valencia,11,0,158,15,0,207,10,0,3,54,458
Picassent,2023,Valencia,17,2,203,16,0,116,15,0,6,81,456
Picassent,2024,Valencia,8,0,232,19,0,113,13,0,11,49,445
Pobla de Vallbona (la),2021,Valencia,9,1,122,8,0,140,13,0,4,3,300
Pobla de Vallbona (la),2022,Valencia,17,0,184,17,0,280,15,0,8,6,527
Pobla de Vallbona (la),2023,Valencia,16,1,164,15,0,140,9,0,12,6,363
Pobla de Vallbona (la),2024,Valencia,14,1,146,20,0,243,4,0,11,5,444
Puçol,2023,Valencia,9,0,142,9,0,49,10,0,2,4,225
Puçol,2024,Valencia,6,0,163,6,0,58,11,0,2,4,250
Quart de Poblet,2021,Valencia,10,0,233,6,0,45,12,0,13,7,326
Quart de Poblet,2022,Valencia,4,0,227,6,0,50,24,0,28,1,340
Quart de Poblet,2023,Valencia,4,3,287,8,0,90,25,0,36,6,459
Quart de Poblet,2024,Valencia,14,3,251,15,0,74,27,0,22,5,411
Requena,2021,Valencia,7,3,101,13,0,93,3,0,2,4,226
Requena,2022,Valencia,19,0,157,23,0,141,8,0,1,1,350
Requena,2023,Valencia,9,0,172,32,0,89,12,0,1,14,329
Requena,2024,Valencia,8,0,170,16,0,137,6,0,5,6,348
Riba-roja de Túria,2021,Valencia,10,0,282,16,0,135,12,0,13,15,483
Riba-roja de Túria,2022,Valencia,4,0,306,20,0,194,12,0,12,15,563
Riba-roja de Túria,2023,Valencia,12,2,298,19,0,196,10,0,18,9,564
Riba-roja de Túria,2024,Valencia,11,0,266,20,0,147,13,0,15,10,482
Sagunto / Sagunt,2016,Valencia,0,0,832,0,323,0,0,0,0,0,1155
Sagunto / Sagunt,2017,Valencia,20,0,728,16,0,476,54,0,54,32,1380
Sagunto / Sagunt,2018,Valencia,13,2,773,16,0,450,61,0,34,55,1404
Sagunto / Sagunt,2019,Valencia,19,1,867,26,0,379,61,0,47,32,1432
Sagunto / Sagunt,2020,Valencia,21,3,492,20,0,299,34,0,48,17,934
Sagunto / Sagunt,2021,Valencia,31,1,676,20,0,342,53,0,52,23,1198
Sagunto / Sagunt,2022,Valencia,36,1,908,47,0,363,61,1,54,22,1493
Sagunto / Sagunt,2023,Valencia,30,4,861,47,0,374,57,0,55,24,1452
Sagunto / Sagunt,2024,Valencia,52,2,890,46,0,408,82,1,50,15,1546
Sueca,2021,Valencia,9,0,221,18,0,194,31,0,7,8,488
Sueca,2022,Valencia,22,2,291,33,0,189,16,0,6,6,565
Sueca,2023,Valencia,15,0,371,46,0,162,24,0,9,19,646
Sueca,2024,Valencia,31,3,374,35,0,189,30,0,12,8,682
Torrent,2016,Valencia,0,0,773,0,377,0,0,0,0,0,1150
Torrent,2017,Valencia,12,1,724,19,0,408,53,0,34,19,1270
Torrent,2018,Valencia,16,0,642,11,0,384,49,0,26,24,1152
Torrent,2019,Valencia,12,0,771,22,0,381,44,0,50,24,1304
Torrent,2020,Valencia,14,2,577,12,0,404,43,0,42,17,1111
Torrent,2021,Valencia,23,3,693,19,0,526,46,0,28,38,1376
Torrent,2022,Valencia,31,8,947,31,0,511,84,0,36,32,1680
Torrent,2023,Valencia,24,4,912,32,0,346,71,1,51,41,1482
Torrent,2024,Valencia,29,2,882,34,0,383,77,0,39,24,1470
Valencia,2016,Valencia,0,0,18963,0,4859,0,0,0,0,0,23822
Valencia,2017,Valencia,303,22,18624,471,0,4254,1887,0,899,309,26769
Valencia,2018,Valencia,359,26,19145,500,0,4747,1724,3,846,322,27672
Valencia,2019,Valencia,437,37,18973,485,0,4472,1854,1,811,310,27380
Valencia,2020,Valencia,335,40,12239,388,0,3113,1442,2,528,321,18408
Valencia,2021,Valencia,530,44,19863,555,0,4057,1994,1,615,275,27934
Valencia,2022,Valencia,494,37,23226,603,0,4298,2384,1,817,403,32263
Valencia,2023,Valencia,564,43,24234,590,0,4006,2267,3,598,579,32884
Valencia,2024,Valencia,555,39,23755,664,0,3986,2212,0,836,812,32859
Xirivella,2021,Valencia,7,0,221,12,0,77,13,0,11,1,342
Xirivella,2022,Valencia,8,1,268,11,0,78,20,0,13,5,404
Xirivella,2023,Valencia,14,1,300,16,0,72,22,0,13,3,441
Xirivella,2024,Valencia,24,1,410,18,0,85,25,0,15,6,584
Xàtiva,2021,Valencia,16,1,261,13,0,148,11,0,27,10,487
Xàtiva,2022,Valencia,18,1,369,14,0,157,14,0,17,3,593
Xàtiva,2023,Valencia,10,0,313,21,0,138,13,0,11,7,513
Xàtiva,2024,Valencia,12,1,319,21,0,150,15,0,9,4,531
Badalona,2016,Barcelona,0,0,3109,0,1170,0,0,0,0,0,4279
Badalona,2017,Barcelona,70,9,3448,0,0,966,1263,0,288,41,6085
Badalona,2018,Barcelona,90,9,3674,361,0,1002,1278,0,265,61,6740
Badalona,2019,Barcelona,102,11,3428,387,0,1039,1478,0,279,51,6775
Badalona,2020,Barcelona,74,9,2686,311,0,688,1259,0,142,40,5209
Badalona,2021,Barcelona,104,5,3347,112,0,934,1124,0,191,67,5884
Badalona,2022,Barcelona,126,10,3825,120,0,1307,1462,0,251,50,7151
Badalona,2023,Barcelona,146,13,3969,133,0,886,1373,1,233,75,6829
Badalona,2024,Barcelona,147,15,3753,156,0,1270,1370,0,237,92,7040
Barberà del Vallès,2017,Barcelona,15,1,480,0,0,291,53,0,21,4,865
Barberà del Vallès,2018,Barcelona,14,0,418,35,0,229,52,0,49,5,802
Barberà del Vallès,2019,Barcelona,26,1,452,45,0,214,49,0,39,3,829
Barberà del Vallès,2020,Barcelona,7,1,367,33,0,153,42,0,21,7,631
Barberà del Vallès,2021,Barcelona,14,2,411,10,0,174,52,0,43,9,715
Barberà del Vallès,2022,Barcelona,13,0,501,17,0,248,53,0,29,9,870
Barberà del Vallès,2023,Barcelona,23,2,457,12,0,184,37,1,49,5,770
Barberà del Vallès,2024,Barcelona,9,0,517,15,0,226,58,0,47,1,873
Barcelona,2016,Barcelona,0,0,85101,0,9155,0,0,0,0,0,94256
Barcelona,2017,Barcelona,763,56,93469,9,0,13152,10285,3,4661,478,122876
Barcelona,2018,Barcelona,900,54,109154,3557,0,15686,12277,0,4772,502,146902
Barcelona,2019,Barcelona,993,68,108308,3583,0,15101,14750,0,4643,527,147973
Barcelona,2020,Barcelona,801,56,44908,2456,0,9320,9229,2,2407,838,70017
Barcelona,2021,Barcelona,1043,42,54081,688,0,9198,10564,2,2481,1073,79172
Barcelona,2022,Barcelona,1137,53,79769,993,0,11619,13236,2,2874,1593,111276
Barcelona,2023,Barcelona,1667,55,85639,948,0,12463,13677,3,3170,1711,119333
Barcelona,2024,Barcelona,1718,57,79811,1024,0,10871,12510,5,2850,1887,110733
Castellar del Vallès,2021,Barcelona,2,0,44,4,0,37,4,0,9,4,104
Castellar del Vallès,2022,Barcelona,2,0,40,4,0,57,4,0,6,8,121
Castellar del Vallès,2023,Barcelona,14,0,55,0,0,36,13,0,14,3,135
Castellar del Vallès,2024,Barcelona,10,0,60,5,0,26,6,0,10,9,126
Castelldefels,2016,Barcelona,0,0,921,0,333,0,0,0,0,0,1254
Castelldefels,2017,Barcelona,24,0,947,0,0,563,134,0,53,7,1728
Castelldefels,2018,Barcelona,20,4,1049,100,0,578,113,0,63,3,1930
Castelldefels,2019,Barcelona,13,1,1025,97,0,489,107,0,42,9,1783
Castelldefels,2020,Barcelona,19,0,773,63,0,267,72,0,33,8,1235
Castelldefels,2021,Barcelona,30,2,976,25,0,326,85,0,35,11,1490
Castelldefels,2022,Barcelona,25,1,1073,24,0,379,88,0,48,16,1654
Castelldefels,2023,Barcelona,58,0,1043,30,0,406,74,0,69,21,1701
Castelldefels,2024,Barcelona,43,1,1021,32,0,337,56,0,45,9,1544
Cerdanyola del Vallès,2016,Barcelona,0,0,487,0,270,0,0,0,0,0,757
Cerdanyola del Vallès,2017,Barcelona,24,0,440,1,0,410,54,0,30,12,971
Cerdanyola del Vallès,2018,Barcelona,20,0,419,57,0,516,56,0,28,20,1116
Cerdanyola del Vallès,2019,Barcelona,22,1,506,55,0,349,61,0,37,10,1041
Cerdanyola del Vallès,2020,Barcelona,24,1,357,62,0,248,58,0,18,6,774
Cerdanyola del Vallès,2021,Barcelona,21,3,394,14,0,234,56,0,33,14,769
Cerdanyola del Vallès,2022,Barcelona,29,1,455,18,0,259,85,0,38,6,891
Cerdanyola del Vallès,2023,Barcelona,30,1,421,24,0,241,56,0,37,21,831
Cerdanyola del Vallès,2024,Barcelona,32,1,443,14,0,225,84,0,40,14,853
Cornellà de Llobregat,2016,Barcelona,0,0,1554,0,658,0,0,0,0,0,2212
Cornellà de Llobregat,2017,Barcelona,32,1,1561,0,0,452,340,0,86,21,2493
Cornellà de Llobregat,2018,Barcelona,27,3,1529,200,0,373,310,0,95,17,2554
Cornellà de Llobregat,2019,Barcelona,42,6,1508,217,0,358,358,0,151,17,2657
Cornellà de Llobregat,2020,Barcelona,44,4,1159,131,0,251,317,0,69,19,1994
Cornellà de Llobregat,2021,Barcelona,42,7,1315,41,0,260,297,0,65,34,2061
Cornellà de Llobregat,2022,Barcelona,61,8,1571,68,0,334,358,0,97,36,2533
Cornellà de Llobregat,2023,Barcelona,85,5,1604,59,0,284,407,0,164,34,2642
Cornellà de Llobregat,2024,Barcelona,81,8,1553,73,0,266,339,0,115,38,2473
Esparreguera,2021,Barcelona,10,0,68,11,0,52,15,0,5,4,165
Esparreguera,2022,Barcelona,6,4,69,9,0,60,10,0,10,2,170
Esparreguera,2023,Barcelona,13,0,83,13,0,35,8,0,11,4,167
Esparreguera,2024,Barcelona,10,1,52,6,0,47,6,0,10,8,140
Esplugues de Llobregat,2017,Barcelona,7,1,584,0,0,364,156,0,68,3,1183
Esplugues de Llobregat,2018,Barcelona,12,0,587,76,0,356,121,0,72,4,1228
Esplugues de Llobregat,2019,Barcelona,10,1,1120,64,0,268,150,0,86,7,1706
Esplugues de Llobregat,2020,Barcelona,15,3,1234,53,0,225,152,0,42,9,1733
Esplugues de Llobregat,2021,Barcelona,13,1,1180,14,0,239,131,0,44,9,1631
Esplugues de Llobregat,2022,Barcelona,18,0,1397,20,0,256,159,0,55,7,1912
Esplugues de Llobregat,2023,Barcelona,17,0,1242,19,0,220,159,0,83,7,1747
Esplugues de Llobregat,2024,Barcelona,26,0,1241,21,0,209,197,0,55,7,1756
Gavà,2017,Barcelona,5,0,545,0,0,206,88,0,50,4,898
Gavà,2018,Barcelona,15,0,570,64,0,241,90,0,53,12,1045
Gavà,2019,Barcelona,20,0,578,69,0,252,60,0,46,5,1030
Gavà,2020,Barcelona,13,1,588,51,0,143,69,0,24,4,893
Gavà,2021,Barcelona,13,0,704,21,0,157,51,0,40,9,995
Gavà,2022,Barcelona,12,0,735,8,0,169,58,0,28,7,1017
Gavà,2023,Barcelona,23,0,687,13,0,166,39,0,54,7,989
Gavà,2024,Barcelona,30,1,645,20,0,120,32,0,31,8,887
Granollers,2016,Barcelona,0,0,850,0,348,0,0,0,0,0,1198
Granollers,2017,Barcelona,32,3,760,0,0,430,144,0,73,5,1447
Granollers,2018,Barcelona,22,2,798,126,0,379,132,0,48,10,1517
Granollers,2019,Barcelona,26,1,815,142,0,491,135,0,43,11,1664
Granollers,2020,Barcelona,18,2,528,83,0,253,100,0,43,24,1051
Granollers,2021,Barcelona,40,0,627,29,0,222,125,1,39,11,1094
Granollers,2022,Barcelona,39,1,815,48,0,315,182,0,51,13,1464
Granollers,2023,Barcelona,51,5,809,36,0,240,201,0,49,6,1397
Granollers,2024,Barcelona,63,4,780,33,0,254,151,0,46,19,1350
Hospitalet de Llobregat (L'),2016,Barcelona,0,0,5720,0,1395,0,0,0,0,0,7115
Hospitalet de Llobregat (L'),2017,Barcelona,94,8,6385,4,0,1441,1252,0,346,81,9611
Hospitalet de Llobregat (L'),2018,Barcelona,146,7,6554,611,0,1240,1303,0,348,94,10303
Hospitalet de Llobregat (L'),2019,Barcelona,161,11,6760,604,0,1394,1530,0,379,86,10925
Hospitalet de Llobregat (L'),2020,Barcelona,150,8,3894,482,0,906,1031,0,216,127,6814
Hospitalet de Llobregat (L'),2021,Barcelona,172,11,4817,131,0,808,1225,1,215,116,7496
Hospitalet de Llobregat (L'),2022,Barcelona,156,13,6374,177,0,1209,1587,0,318,109,9943
Hospitalet de Llobregat (L'),2023,Barcelona,276,19,6940,175,0,1075,1911,1,333,99,10829
Hospitalet de Llobregat (L'),2024,Barcelona,292,20,7010,221,0,1014,2229,2,300,147,11235
Igualada,2017,Barcelona,17,0,468,2,0,198,51,0,18,7,761
Igualada,2018,Barcelona,4,2,378,96,0,144,36,0,24,12,696
Igualada,2019,Barcelona,19,0,431,81,0,149,46,0,32,10,768
Igualada,2020,Barcelona,13,1,319,60,0,195,35,0,22,14,659
Igualada,2021,Barcelona,30,2,381,13,0,192,24,0,32,6,680
Igualada,2022,Barcelona,33,0,498,23,0,205,51,0,31,8,849
Igualada,2023,Barcelona,50,1,478,22,0,232,48,0,40,10,881
Igualada,2024,Barcelona,27,1,412,23,0,209,41,0,25,17,755
Les Franqueses del Vallès,2021,Barcelona,11,0,98,4,0,78,25,0,6,2,224
Les Franqueses del Vallès,2022,Barcelona,12,0,118,7,0,60,33,2,6,1,239
Les Franqueses del Vallès,2023,Barcelona,12,1,107,8,0,73,32,0,16,3,252
Les Franqueses del Vallès,2024,Barcelona,6,0,137,7,0,54,16,0,14,8,242
Manlleu,2021,Barcelona,5,0,35,6,0,59,16,0,4,7,132
Manlleu,2022,Barcelona,9,0,45,9,0,36,9,0,1,2,111
Manlleu,2023,Barcelona,6,0,55,6,0,38,10,0,3,8,126
Manlleu,2024,Barcelona,13,0,56,13,0,28,12,0,4,4,130
Manresa,2016,Barcelona,0,0,776,0,372,0,0,0,0,0,1148
Manresa,2017,Barcelona,31,0,800,0,0,422,129,0,44,26,1452
Manresa,2018,Barcelona,33,3,868,180,0,535,167,0,33,15,1834
Manresa,2019,Barcelona,64,2,889,186,0,595,224,0,27,15,2002
Manresa,2020,Barcelona,52,2,705,156,0,286,163,0,27,22,1413
Manresa,2021,Barcelona,61,5,1092,54,0,390,184,0,25,14,1825
Manresa,2022,Barcelona,47,0,999,53,0,515,148,0,37,16,1815
Manresa,2023,Barcelona,83,3,1108,72,0,435,171,0,47,14,1933
Manresa,2024,Barcelona,63,4,1161,64,0,398,191,0,46,25,1952
Martorell,2021,Barcelona,13,3,350,18,0,85,31,0,20,11,531
Martorell,2022,Barcelona,7,5,407,11,0,167,42,0,17,7,663
Martorell,2023,Barcelona,18,0,423,14,0,118,56,0,23,14,666
Martorell,2024,Barcelona,34,1,435,17,0,97,60,0,24,16,684
Masnou (El),2021,Barcelona,10,3,169,7,0,71,55,0,10,4,329
Masnou (El),2022,Barcelona,8,1,160,9,0,76,30,0,9,0,293
Masnou (El),2023,Barcelona,14,0,173,13,0,69,23,0,24,4,320
Masnou (El),2024,Barcelona,10,4,130,5,0,98,34,0,11,2,294
Mataró,2016,Barcelona,0,0,2119,0,738,0,0,0,0,0,2857
Mataró,2017,Barcelona,51,3,2125,0,0,419,511,0,114,22,3245
Mataró,2018,Barcelona,49,1,2098,304,0,643,483,0,120,15,3713
Mataró,2019,Barcelona,50,8,2103,280,0,667,574,0,140,26,3848
Mataró,2020,Barcelona,57,3,1295,181,0,504,493,1,86,30,2650
Mataró,2021,Barcelona,58,5,1651,62,0,446,508,0,126,26,2882
Mataró,2022,Barcelona,84,3,2283,99,0,589,636,1,199,37,3931
Mataró,2023,Barcelona,88,5,2287,105,0,519,642,1,204,56,3907
Mataró,2024,Barcelona,79,4,2008,89,0,750,485,0,172,69,3656
Molins de Rei,2021,Barcelona,5,1,184,8,0,148,26,0,12,5,389
Molins de Rei,2022,Barcelona,14,0,240,17,0,188,36,0,25,6,526
Molins de Rei,2023,Barcelona,12,0,229,12,0,163,37,0,37,3,493
Molins de Rei,2024,Barcelona,12,2,191,8,0,184,31,0,41,3,472
Mollet del Vallès,2016,Barcelona,0,0,624,0,327,0,0,0,0,0,951
Mollet del Vallès,2017,Barcelona,11,1,704,0,0,231,87,0,44,19,1097
Mollet del Vallès,2018,Barcelona,18,1,566,107,0,241,58,0,28,12,1031
Mollet del Vallès,2019,Barcelona,23,2,519,97,0,342,70,0,30,17,1100
Mollet del Vallès,2020,Barcelona,30,3,484,65,0,169,74,0,32,27,884
Mollet del Vallès,2021,Barcelona,15,3,586,15,0,175,81,0,32,20,927
Mollet del Vallès,2022,Barcelona,25,2,680,20,0,205,89,0,33,11,1065
Mollet del Vallès,2023,Barcelona,33,1,568,19,0,183,65,0,42,12,923
Mollet del Vallès,2024,Barcelona,40,2,511,29,0,175,82,0,45,6,890
Montcada i Reixac,2017,Barcelona,10,1,357,0,0,269,90,0,61,5,793
Montcada i Reixac,2018,Barcelona,7,1,370,81,0,191,66,0,35,5,756
Montcada i Reixac,2019,Barcelona,21,4,394,95,0,340,65,0,52,4,975
Montcada i Reixac,2020,Barcelona,17,2,272,49,0,167,68,0,35,10,620
Montcada i Reixac,2021,Barcelona,12,1,422,13,0,170,70,0,39,21,748
Montcada i Reixac,2022,Barcelona,23,2,529,19,0,218,69,0,57,17,934
Montcada i Reixac,2023,Barcelona,16,1,520,28,0,226,86,0,40,5,922
Montcada i Reixac,2024,Barcelona,27,0,528,20,0,224,73,0,50,8,930
Olesa de Montserrat,2021,Barcelona,10,1,102,2,0,39,12,0,6,6,178
Olesa de Montserrat,2022,Barcelona,8,1,69,4,0,52,6,1,8,9,158
Olesa de Montserrat,2023,Barcelona,12,1,78,9,0,53,6,0,11,0,170
Olesa de Montserrat,2024,Barcelona,11,0,63,8,0,38,7,0,2,0,129
Pineda de Mar,2021,Barcelona,14,0,276,11,0,155,32,0,11,11,510
Pineda de Mar,2022,Barcelona,17,1,364,25,0,234,46,0,21,14,722
Pineda de Mar,2023,Barcelona,27,3,361,10,0,119,32,0,18,7,577
Pineda de Mar,2024,Barcelona,21,2,396,9,0,112,36,0,37,7,620
Prat de Llobregat (El),2016,Barcelona,0,0,3841,0,437,0,0,0,0,0,4278
Prat de Llobregat (El),2017,Barcelona,21,2,4593,0,0,174,153,0,183,117,5243
Prat de Llobregat (El),2018,Barcelona,30,0,5837,174,0,226,133,0,253,225,6878
Prat de Llobregat (El),2019,Barcelona,28,1,6215,146,0,267,172,0,292,253,7374
Prat de Llobregat (El),2020,Barcelona,26,1,2382,101,0,123,156,0,156,336,3281
Prat de Llobregat (El),2021,Barcelona,29,1,2193,26,0,127,156,0,129,561,3222
Prat de Llobregat (El),2022,Barcelona,35,1,4473,33,0,131,166,0,197,253,5289
Prat de Llobregat (El),2023,Barcelona,36,2,6075,34,0,171,166,0,263,292,7039
Prat de Llobregat (El),2024,Barcelona,43,8,10151,31,0,127,198,0,513,227,11298
Premià de Mar,2021,Barcelona,12,2,257,5,0,115,54,0,26,5,476
Premià de Mar,2022,Barcelona,13,2,282,13,0,131,69,0,29,2,541
Premià de Mar,2023,Barcelona,16,1,260,10,0,109,60,0,30,4,490
Premià de Mar,2024,Barcelona,22,0,281,13,0,145,47,0,30,3,541
Ripollet,2017,Barcelona,8,0,251,0,0,147,39,0,28,5,478
Ripollet,2018,Barcelona,14,0,257,46,0,123,39,0,23,4,506
Ripollet,2019,Barcelona,9,0,265,47,0,95,24,0,29,5,474
Ripollet,2020,Barcelona,5,0,168,37,0,76,30,0,21,6,343
Ripollet,2021,Barcelona,8,0,271,6,0,94,44,0,24,7,454
Ripollet,2022,Barcelona,7,1,331,14,0,121,46,0,50,5,575
Ripollet,2023,Barcelona,19,3,294,14,0,146,40,1,41,14,572
Ripollet,2024,Barcelona,24,4,344,8,0,139,42,0,57,5,623
Rubí,2016,Barcelona,0,0,663,0,379,0,0,0,0,0,1042
Rubí,2017,Barcelona,18,4,688,0,0,504,98,0,75,16,1403
Rubí,2018,Barcelona,27,4,680,117,0,559,94,0,64,18,1563
Rubí,2019,Barcelona,40,2,616,120,0,627,181,0,66,13,1665
Rubí,2020,Barcelona,36,8,571,109,0,363,139,0,71,20,1317
Rubí,2021,Barcelona,45,6,704,28,0,424,150,0,81,24,1462
Rubí,2022,Barcelona,38,3,819,21,0,478,139,0,79,19,1596
Rubí,2023,Barcelona,59,5,771,33,0,389,145,0,79,18,1499
Rubí,2024,Barcelona,40,6,720,24,0,335,113,0,70,16,1324
Sabadell,2016,Barcelona,0,0,2227,0,1140,0,0,0,0,0,3367
Sabadell,2017,Barcelona,81,9,2119,2,0,1111,442,0,105,49,3918
Sabadell,2018,Barcelona,92,6,2250,253,0,954,356,0,126,72,4109
Sabadell,2019,Barcelona,91,6,2354,248,0,957,366,0,186,65,4273
Sabadell,2020,Barcelona,92,6,2049,200,0,671,274,2,103,61,3458
Sabadell,2021,Barcelona,89,8,2366,59,0,669,383,0,106,76,3756
Sabadell,2022,Barcelona,110,3,2762,71,0,879,483,0,189,82,4579
Sabadell,2023,Barcelona,147,9,2602,70,0,832,373,0,200,54,4287
Sabadell,2024,Barcelona,105,9,2959,88,0,943,391,1,204,73,4773
Sant Adrià de Besòs,2017,Barcelona,20,2,1001,0,0,149,288,0,70,27,1557
Sant Adrià de Besòs,2018,Barcelona,14,3,997,87,0,156,291,0,105,46,1699
Sant Adrià de Besòs,2019,Barcelona,24,6,1132,69,0,241,387,0,130,31,2020
Sant Adrià de Besòs,2020,Barcelona,14,3,693,75,0,100,227,0,65,43,1220
Sant Adrià de Besòs,2021,Barcelona,28,6,879,16,0,104,256,0,86,25,1400
Sant Adrià de Besòs,2022,Barcelona,19,5,1229,22,0,250,286,0,65,36,1912
Sant Adrià de Besòs,2023,Barcelona,37,5,1068,15,0,209,234,0,75,43,1686
Sant Adrià de Besòs,2024,Barcelona,47,5,1179,32,0,129,295,1,68,32,1788
Sant Andreu de la Barca,2021,Barcelona,7,2,95,8,0,66,23,0,7,9,217
Sant Andreu de la Barca,2022,Barcelona,11,0,85,12,0,49,26,0,15,7,205
Sant Andreu de la Barca,2023,Barcelona,9,1,67,10,0,65,12,0,11,7,182
Sant Andreu de la Barca,2024,Barcelona,10,1,79,9,0,64,17,0,12,3,195
Sant Boi de Llobregat,2016,Barcelona,0,0,982,0,488,0,0,0,0,0,1470
Sant Boi de Llobregat,2017,Barcelona,20,2,1018,0,0,303,132,0,61,10,1546
Sant Boi de Llobregat,2018,Barcelona,27,2,1001,133,0,380,112,0,74,4,1733
Sant Boi de Llobregat,2019,Barcelona,38,2,1064,138,0,305,86,0,88,11,1732
Sant Boi de Llobregat,2020,Barcelona,37,0,870,128,0,254,72,0,46,14,1421
Sant Boi de Llobregat,2021,Barcelona,32,1,989,29,0,207,92,0,59,12,1421
Sant Boi de Llobregat,2022,Barcelona,27,4,1238,31,0,243,104,0,64,19,1730
Sant Boi de Llobregat,2023,Barcelona,44,2,1134,42,0,233,133,0,107,14,1709
Sant Boi de Llobregat,2024,Barcelona,54,2,1118,39,0,261,122,0,132,9,1737
Sant Cugat del Vallès,2016,Barcelona,0,0,1220,0,557,0,0,0,0,0,1777
Sant Cugat del Vallès,2017,Barcelona,23,0,1155,1,0,1358,136,0,93,13,2779
Sant Cugat del Vallès,2018,Barcelona,19,0,1042,128,0,1331,144,0,72,6,2742
Sant Cugat del Vallès,2019,Barcelona,32,2,1116,112,0,932,139,0,65,10,2408
Sant Cugat del Vallès,2020,Barcelona,23,1,802,76,0,547,78,0,89,10,1626
Sant Cugat del Vallès,2021,Barcelona,34,0,1192,26,0,539,139,0,85,13,2028
Sant Cugat del Vallès,2022,Barcelona,39,1,1462,28,0,641,154,0,93,8,2426
Sant Cugat del Vallès,2023,Barcelona,46,0,1357,28,0,678,108,0,65,8,2290
Sant Cugat del Vallès,2024,Barcelona,28,1,1369,27,0,506,110,0,79,16,2136
Sant Feliu de Llobregat,2017,Barcelona,8,1,310,0,0,230,54,0,36,6,645
Sant Feliu de Llobregat,2018,Barcelona,9,1,304,53,0,274,72,0,44,2,759
Sant Feliu de Llobregat,2019,Barcelona,9,2,331,58,0,225,60,0,41,2,728
Sant Feliu de Llobregat,2020,Barcelona,14,0,300,40,0,112,48,0,19,4,537
Sant Feliu de Llobregat,2021,Barcelona,14,1,317,6,0,188,58,0,25,8,617
Sant Feliu de Llobregat,2022,Barcelona,18,0,361,13,0,268,57,0,42,2,761
Sant Feliu de Llobregat,2023,Barcelona,29,0,372,10,0,213,63,0,57,6,750
Sant Feliu de Llobregat,2024,Barcelona,19,1,379,12,0,184,48,0,71,8,722
Sant Joan Despí,2017,Barcelona,4,3,231,0,0,98,53,0,27,1,417
Sant Joan Despí,2018,Barcelona,6,0,223,35,0,172,64,0,42,3,545
Sant Joan Despí,2019,Barcelona,11,0,247,46,0,125,53,0,48,3,533
Sant Joan Despí,2020,Barcelona,6,3,194,35,0,116,57,0,35,3,449
Sant Joan Despí,2021,Barcelona,8,2,248,8,0,99,51,0,23,6,445
Sant Joan Despí,2022,Barcelona,15,0,316,12,0,172,61,0,32,6,614
Sant Joan Despí,2023,Barcelona,12,0,302,6,0,165,43,0,48,5,581
Sant Joan Despí,2024,Barcelona,18,3,255,6,0,147,52,0,63,5,549
Sant Just Desvern,2023,Barcelona,3,0,134,5,0,128,24,0,22,1,317
Sant Just Desvern,2024,Barcelona,8,0,96,2,0,91,14,0,23,2,236
Sant Pere de Ribes,2017,Barcelona,4,1,158,0,0,167,27,0,13,7,377
Sant Pere de Ribes,2018,Barcelona,10,0,132,38,0,162,12,0,21,6,381
Sant Pere de Ribes,2019,Barcelona,5,1,136,42,0,189,19,0,28,4,424
Sant Pere de Ribes,2020,Barcelona,12,1,95,31,0,97,12,0,22,6,276
Sant Pere de Ribes,2021,Barcelona,13,0,124,16,0,110,11,0,17,7,298
Sant Pere de Ribes,2022,Barcelona,17,0,163,13,0,115,15,0,25,4,352
Sant Pere de Ribes,2023,Barcelona,18,0,161,7,0,109,15,0,31,5,346
Sant Pere de Ribes,2024,Barcelona,12,1,181,12,0,126,21,0,35,2,390
Sant Quirze del Vallès,2021,Barcelona,9,1,178,8,0,65,37,0,8,4,310
Sant Quirze del Vallès,2022,Barcelona,12,0,243,10,0,69,48,0,5,0,387
Sant Quirze del Vallès,2023,Barcelona,6,1,156,6,0,61,15,0,6,3,254
Sant Quirze del Vallès,2024,Barcelona,4,0,147,8,0,35,17,0,8,1,220
Sant Vicenç dels Horts,2021,Barcelona,19,0,226,10,0,123,33,0,15,4,430
Sant Vicenç dels Horts,2022,Barcelona,26,0,265,17,0,137,37,0,33,7,522
Sant Vicenç dels Horts,2023,Barcelona,19,0,286,9,0,124,33,0,24,6,501
Sant Vicenç dels Horts,2024,Barcelona,23,2,213,13,0,136,35,0,19,8,449
Santa Coloma de Gramenet,2016,Barcelona,0,0,1307,0,420,0,0,0,0,0,1727
Santa Coloma de Gramenet,2017,Barcelona,37,4,1480,1,0,512,418,0,104,16,2572
Santa Coloma de Gramenet,2018,Barcelona,42,5,1764,265,0,538,468,0,137,30,3249
Santa Coloma de Gramenet,2019,Barcelona,39,4,1715,275,0,592,583,0,169,10,3387
Santa Coloma de Gramenet,2020,Barcelona,32,3,1281,235,0,386,486,0,94,16,2533
Santa Coloma de Gramenet,2021,Barcelona,92,3,1488,54,0,415,471,0,116,21,2660
Santa Coloma de Gramenet,2022,Barcelona,62,8,1541,43,0,372,479,0,67,10,2582
Santa Coloma de Gramenet,2023,Barcelona,69,4,1508,55,0,294,395,0,88,22,2435
Santa Coloma de Gramenet,2024,Barcelona,79,12,1501,64,0,254,430,0,83,20,2443
Santa Perpètua de Mogoda,2021,Barcelona,9,0,218,6,0,115,35,0,16,115,514
Santa Perpètua de Mogoda,2022,Barcelona,18,2,266,10,0,150,28,0,17,26,517
Santa Perpètua de Mogoda,2023,Barcelona,14,1,270,8,0,117,31,0,24,82,547
Santa Perpètua de Mogoda,2024,Barcelona,15,2,333,9,0,63,32,0,20,102,576
Sitges,2021,Barcelona,18,0,732,11,0,285,56,0,26,10,1138
Sitges,2022,Barcelona,30,0,1111,28,0,354,133,0,28,10,1694
Sitges,2023,Barcelona,26,1,1341,22,0,276,165,0,47,19,1897
Sitges,2024,Barcelona,23,1,1245,25,0,322,140,0,51,8,1815
Terrassa,2016,Barcelona,0,0,1978,0,961,0,0,0,0,0,2939
Terrassa,2017,Barcelona,75,3,2086,0,0,871,286,0,138,36,3495
Terrassa,2018,Barcelona,77,10,2328,279,0,1053,352,0,119,35,4253
Terrassa,2019,Barcelona,101,11,2206,284,0,739,355,0,171,31,3898
Terrassa,2020,Barcelona,78,6,1755,242,0,645,350,0,136,35,3247
Terrassa,2021,Barcelona,93,4,2199,85,0,910,446,2,129,42,3910
Terrassa,2022,Barcelona,99,9,2481,84,0,986,401,0,163,37,4260
Terrassa,2023,Barcelona,128,9,2464,98,0,951,345,1,206,35,4237
Terrassa,2024,Barcelona,173,9,2399,107,0,744,324,0,183,48,3987
Vic,2017,Barcelona,15,0,449,0,0,204,31,0,12,2,713
Vic,2018,Barcelona,27,2,514,102,0,204,59,0,22,5,935
Vic,2019,Barcelona,25,1,414,91,0,189,66,0,19,7,812
Vic,2020,Barcelona,34,1,274,64,0,137,30,0,22,2,564
Vic,2021,Barcelona,24,0,600,25,0,223,56,0,22,8,958
Vic,2022,Barcelona,27,0,726,28,0,245,45,0,22,12,1105
Vic,2023,Barcelona,50,4,676,27,0,188,73,0,13,17,1048
Vic,2024,Barcelona,44,3,794,40,0,263,90,0,24,9,1267
Viladecans,2016,Barcelona,0,0,852,0,471,0,0,0,0,0,1323
Viladecans,2017,Barcelona,18,2,931,0,0,251,148,0,51,7,1408
Viladecans,2018,Barcelona,19,1,866,84,0,297,111,0,57,8,1443
Viladecans,2019,Barcelona,21,4,1150,102,0,209,111,0,64,4,1665
Viladecans,2020,Barcelona,11,0,790,72,0,140,108,0,38,11,1170
Viladecans,2021,Barcelona,14,4,984,18,0,218,92,0,40,8,1378
Viladecans,2022,Barcelona,31,0,1178,18,0,197,98,0,44,4,1570
Viladecans,2023,Barcelona,21,2,1109,33,0,179,71,0,73,9,1497
Viladecans,2024,Barcelona,26,1,903,15,0,153,72,0,76,1,1247
Vilafranca del Penedès,2017,Barcelona,16,1,734,1,0,215,76,0,42,7,1092
Vilafranca del Penedès,2018,Barcelona,22,1,699,109,0,195,73,0,40,3,1142
Vilafranca del Penedès,2019,Barcelona,18,1,665,98,0,256,152,0,35,2,1227
Vilafranca del Penedès,2020,Barcelona,11,3,481,79,0,157,90,0,28,3,852
Vilafranca del Penedès,2021,Barcelona,21,4,575,25,0,165,106,0,29,5,930
Vilafranca del Penedès,2022,Barcelona,21,0,735,33,0,210,130,0,64,8,1201
Vilafranca del Penedès,2023,Barcelona,23,4,763,33,0,262,123,0,35,11,1254
Vilafranca del Penedès,2024,Barcelona,29,2,828,43,0,245,132,0,52,8,1339
Vilanova i la Geltrú,2016,Barcelona,0,0,823,0,480,0,0,0,0,0,1303
Vilanova i la Geltrú,2017,Barcelona,21,4,888,0,0,475,108,0,34,6,1536
Vilanova i la Geltrú,2018,Barcelona,19,1,841,135,0,491,125,0,92,8,1712
Vilanova i la Geltrú,2019,Barcelona,32,1,841,155,0,497,106,0,85,4,1721
Vilanova i la Geltrú,2020,Barcelona,26,2,607,99,0,342,120,0,79,15,1290
Vilanova i la Geltrú,2021,Barcelona,39,5,842,37,0,382,95,0,41,10,1451
Vilanova i la Geltrú,2022,Barcelona,30,4,1104,40,0,332,186,0,58,15,1769
Vilanova i la Geltrú,2023,Barcelona,53,4,1234,39,0,354,138,0,74,20,1916
Vilanova i la Geltrú,2024,Barcelona,26,1,1297,46,0,381,157,0,79,24,2011
Vilassar de Mar,2021,Barcelona,3,0,145,2,0,59,38,0,8,1,256
Vilassar de Mar,2022,Barcelona,8,0,133,2,0,117,22,0,14,3,299
Vilassar de Mar,2023,Barcelona,11,0,130,7,0,97,34,0,15,1,295
Vilassar de Mar,2024,Barcelona,8,1,113,5,0,73,31,0,12,2,245
Alcalá de Henares,2016,Madrid,0,0,2801,0,1566,0,0,0,0,0,4367
Alcalá de Henares,2017,Madrid,55,5,2676,38,0,678,291,0,277,40,4060
Alcalá de Henares,2018,Madrid,53,4,2709,50,0,640,236,0,230,39,3961
Alcalá de Henares,2019,Madrid,55,4,2739,48,0,579,227,0,232,49,3933
Alcalá de Henares,2020,Madrid,52,2,1826,43,0,430,151,1,166,41,2712
Alcalá de Henares,2021,Madrid,62,9,2483,66,0,537,232,1,222,28,3640
Alcalá de Henares,2022,Madrid,66,7,2705,86,0,523,212,0,234,42,3875
Alcalá de Henares,2023,Madrid,69,8,2347,86,0,401,190,0,245,64,3410
Alcalá de Henares,2024,Madrid,81,14,2209,63,0,513,217,0,224,86,3407
Alcobendas,2016,Madrid,0,0,1625,0,658,0,0,0,0,0,2283
Alcobendas,2017,Madrid,35,3,1661,29,0,486,146,0,209,14,2583
Alcobendas,2018,Madrid,39,0,1505,21,0,459,132,0,158,26,2340
Alcobendas,2019,Madrid,57,3,1343,31,0,602,152,0,232,24,2444
Alcobendas,2020,Madrid,47,3,933,40,0,246,78,0,225,25,1597
Alcobendas,2021,Madrid,36,1,1114,43,0,353,70,0,246,32,1895
Alcobendas,2022,Madrid,33,1,1241,37,0,288,96,0,241,31,1968
Alcobendas,2023,Madrid,64,3,1171,41,0,345,81,0,157,60,1922
Alcobendas,2024,Madrid,61,2,1200,34,0,280,78,0,183,44,1882
Alcorcón,2016,Madrid,0,0,2469,0,835,0,0,0,0,0,3304
Alcorcón,2017,Madrid,22,5,2478,27,0,504,346,0,231,22,3635
Alcorcón,2018,Madrid,45,2,2315,26,0,498,231,1,174,30,3322
Alcorcón,2019,Madrid,29,2,2281,27,0,407,259,0,134,38,3177
Alcorcón,2020,Madrid,32,3,1757,32,0,332,202,0,120,26,2504
Alcorcón,2021,Madrid,43,4,2135,30,0,396,245,1,142,26,3022
Alcorcón,2022,Madrid,48,4,2565,31,0,420,195,1,98,30,3392
Alcorcón,2023,Madrid,37,3,2512,46,0,303,197,0,151,39,3288
Alcorcón,2024,Madrid,42,0,2429,47,0,348,159,1,106,46,3178
Algete,2021,Madrid,3,0,132,6,0,54,8,0,17,4,224
Algete,2022,Madrid,5,0,163,1,0,103,9,0,10,3,294
Algete,2023,Madrid,10,0,138,5,0,152,10,0,10,2,327
Algete,2024,Madrid,9,0,133,11,0,52,16,0,15,0,236
Aranjuez,2016,Madrid,0,0,737,0,447,0,0,0,0,0,1184
Aranjuez,2017,Madrid,18,1,648,17,0,187,45,0,82,12,1010
Aranjuez,2018,Madrid,16,3,544,15,0,173,35,0,50,11,847
Aranjuez,2019,Madrid,15,4,547,15,0,192,34,0,55,9,871
Aranjuez,2020,Madrid,8,0,447,20,0,148,30,0,29,11,693
Aranjuez,2021,Madrid,10,1,555,22,0,129,36,0,35,8,796
Aranjuez,2022,Madrid,12,2,714,15,0,145,42,0,44,16,990
Aranjuez,2023,Madrid,17,3,632,10,0,197,46,0,39,17,961
Aranjuez,2024,Madrid,18,2,703,14,0,179,48,0,55,16,1035
Arganda del Rey,2016,Madrid,0,0,425,0,459,0,0,0,0,0,884
Arganda del Rey,2017,Madrid,11,1,446,23,0,298,82,0,71,12,944
Arganda del Rey,2018,Madrid,10,2,680,31,0,272,115,0,27,21,1158
Arganda del Rey,2019,Madrid,18,0,1129,47,0,212,185,0,26,16,1633
Arganda del Rey,2020,Madrid,16,0,364,36,0,166,51,0,22,10,665
Arganda del Rey,2021,Madrid,23,0,413,50,0,160,48,0,21,11,726
Arganda del Rey,2022,Madrid,14,1,755,53,0,167,92,2,24,13,1121
Arganda del Rey,2023,Madrid,39,1,973,34,0,297,116,0,29,30,1519
Arganda del Rey,2024,Madrid,18,1,828,34,0,162,92,0,36,20,1191
Arroyomolinos,2019,Madrid,21,0,1621,7,0,151,32,0,52,2,1886
Arroyomolinos,2020,Madrid,10,3,1015,15,0,126,36,0,58,4,1267
Arroyomolinos,2021,Madrid,8,1,1314,11,0,120,40,0,40,12,1546
Arroyomolinos,2022,Madrid,16,1,1276,16,0,126,36,0,46,3,1520
Arroyomolinos,2023,Madrid,8,0,1290,25,0,164,30,4,58,7,1586
Arroyomolinos,2024,Madrid,28,1,1002,6,0,132,17,0,44,7,1237
Boadilla del Monte,2017,Madrid,7,1,339,4,0,206,24,0,34,6,621
Boadilla del Monte,2018,Madrid,10,1,385,5,0,193,21,0,11,4,630
Boadilla del Monte,2019,Madrid,6,0,363,6,0,213,11,0,14,3,616
Boadilla del Monte,2020,Madrid,7,0,264,12,0,120,32,0,8,2,445
Boadilla del Monte,2021,Madrid,18,1,371,13,0,204,20,0,5,8,640
Boadilla del Monte,2022,Madrid,23,0,471,17,0,293,26,0,11,3,844
Boadilla del Monte,2023,Madrid,24,1,406,24,0,308,20,0,12,7,802
Boadilla del Monte,2024,Madrid,18,0,393,16,0,280,17,0,12,7,743
Ciempozuelos,2021,Madrid,15,1,209,21,0,196,32,0,22,9,505
Ciempozuelos,2022,Madrid,16,3,255,22,0,118,32,0,25,7,478
Ciempozuelos,2023,Madrid,19,2,229,22,0,173,46,0,19,9,519
Ciempozuelos,2024,Madrid,8,2,265,21,0,81,39,0,17,5,438
Collado Villalba,2016,Madrid,0,0,791,0,381,0,0,0,0,0,1172
Collado Villalba,2017,Madrid,49,4,837,37,0,360,125,0,39,12,1463
Collado Villalba,2018,Madrid,36,2,951,35,0,324,114,2,17,17,1498
Collado Villalba,2019,Madrid,37,0,941,44,0,269,138,0,21,23,1473
Collado Villalba,2020,Madrid,29,3,506,30,0,175,44,0,19,17,823
Collado Villalba,2021,Madrid,31,1,596,35,0,214,72,0,15,6,970
Collado Villalba,2022,Madrid,34,0,739,46,0,245,80,1,17,16,1178
Collado Villalba,2023,Madrid,38,1,746,42,0,243,72,0,21,9,1172
Collado Villalba,2024,Madrid,44,3,711,65,0,278,80,1,14,9,1205
Colmenar Viejo,2017,Madrid,22,1,464,28,0,204,42,0,21,5,787
Colmenar Viejo,2018,Madrid,22,0,471,24,0,277,56,0,14,4,868
Colmenar Viejo,2019,Madrid,24,0,443,25,0,205,59,0,8,8,772
Colmenar Viejo,2020,Madrid,13,2,336,22,0,116,40,1,9,8,547
Colmenar Viejo,2021,Madrid,17,2,296,29,0,174,40,0,14,12,584
Colmenar Viejo,2022,Madrid,7,1,356,23,0,152,21,0,10,4,574
Colmenar Viejo,2023,Madrid,19,2,569,31,0,216,48,0,14,8,907
Colmenar Viejo,2024,Madrid,40,0,477,21,0,247,38,0,14,7,844
Coslada,2016,Madrid,0,0,1102,0,661,0,0,0,0,0,1763
Coslada,2017,Madrid,15,0,1104,16,0,298,90,0,118,9,1650
Coslada,2018,Madrid,19,1,912,32,0,298,90,0,131,12,1495
Coslada,2019,Madrid,16,1,901,26,0,311,90,0,99,20,1464
Coslada,2020,Madrid,10,3,669,24,0,176,61,0,69,26,1038
Coslada,2021,Madrid,15,2,877,27,0,217,60,0,75,19,1292
Coslada,2022,Madrid,23,2,899,22,0,239,76,0,109,18,1388
Coslada,2023,Madrid,21,0,908,17,0,232,56,0,82,30,1346
Coslada,2024,Madrid,39,1,973,30,0,205,61,0,128,12,1449
Fuenlabrada,2016,Madrid,0,0,2655,0,1398,0,0,0,0,0,4053
Fuenlabrada,2017,Madrid,42,2,2531,25,0,555,343,0,311,22,3831
Fuenlabrada,2018,Madrid,55,2,2175,28,0,639,287,0,249,6,3441
Fuenlabrada,2019,Madrid,34,5,1863,22,0,377,305,0,203,20,2829
Fuenlabrada,2020,Madrid,39,5,1415,28,0,377,187,0,140,33,2224
Fuenlabrada,2021,Madrid,58,2,1696,33,0,419,235,0,161,39,2643
Fuenlabrada,2022,Madrid,38,1,1653,30,0,368,203,0,229,49,2571
Fuenlabrada,2023,Madrid,59,3,1508,24,0,326,186,0,249,51,2406
Fuenlabrada,2024,Madrid,56,0,1344,36,0,521,188,0,193,50,2388
Galapagar,2017,Madrid,12,0,216,10,0,222,41,0,12,3,516
Galapagar,2018,Madrid,13,0,236,3,0,335,22,0,3,8,620
Galapagar,2019,Madrid,26,0,231,9,0,411,28,0,5,7,717
Galapagar,2020,Madrid,18,0,184,21,0,306,26,0,3,3,561
Galapagar,2021,Madrid,21,2,217,26,0,197,25,0,8,5,501
Galapagar,2022,Madrid,19,0,195,35,0,176,18,0,4,6,453
Galapagar,2023,Madrid,25,0,208,46,0,247,27,0,8,9,570
Galapagar,2024,Madrid,14,0,218,35,0,166,36,0,9,3,481
Getafe,2016,Madrid,0,0,2585,0,862,0,0,0,0,0,3447
Getafe,2017,Madrid,41,1,2703,17,0,660,533,0,372,11,4338
Getafe,2018,Madrid,44,2,2551,25,0,664,424,0,336,7,4053
Getafe,2019,Madrid,63,0,2428,46,0,654,386,2,308,11,3898
Getafe,2020,Madrid,59,5,1854,34,0,446,286,1,203,29,2917
Getafe,2021,Madrid,81,1,2413,26,0,369,360,1,204,21,3476
Getafe,2022,Madrid,62,1,2502,27,0,386,282,0,255,29,3544
Getafe,2023,Madrid,79,1,2420,36,0,404,259,0,266,32,3497
Getafe,2024,Madrid,74,4,2356,53,0,295,233,3,253,22,3293
Las Rozas de Madrid,2016,Madrid,0,0,1523,0,655,0,0,0,0,0,2178
Las Rozas de Madrid,2017,Madrid,26,0,1546,22,0,609,143,0,102,15,2463
Las Rozas de Madrid,2018,Madrid,23,0,1635,40,0,814,139,2,70,5,2728
Las Rozas de Madrid,2019,Madrid,33,0,1529,29,0,685,118,0,52,4,2450
Las Rozas de Madrid,2020,Madrid,30,0,1063,31,0,453,82,0,64,10,1733
Las Rozas de Madrid,2021,Madrid,21,0,1144,35,0,369,54,0,66,9,1698
Las Rozas de Madrid,2022,Madrid,37,3,1256,54,0,305,84,0,43,14,1796
Las Rozas de Madrid,2023,Madrid,33,2,1321,58,0,389,93,0,34,8,1938
Las Rozas de Madrid,2024,Madrid,48,1,1268,55,0,302,43,0,50,17,1784
Leganés,2016,Madrid,0,0,4264,0,1053,0,0,0,0,0,5317
Leganés,2017,Madrid,42,1,4191,52,0,599,288,0,289,22,5484
Leganés,2018,Madrid,51,1,4058,57,0,596,314,0,273,25,5375
Leganés,2019,Madrid,66,2,3667,53,0,588,363,1,228,29,4997
Leganés,2020,Madrid,44,1,2763,37,0,453,286,0,202,24,3810
Leganés,2021,Madrid,56,2,2780,72,0,467,256,0,197,28,3858
Leganés,2022,Madrid,64,0,3268,66,0,496,199,0,221,57,4371
Leganés,2023,Madrid,105,2,3195,55,0,492,249,2,287,49,4436
Leganés,2024,Madrid,79,1,2911,70,0,479,186,0,308,72,4106
Madrid,2016,Madrid,0,0,106153,0,22158,0,0,0,0,0,128311
Madrid,2017,Madrid,1148,71,112272,1245,0,15729,11507,4,6256,1199,149431
Madrid,2018,Madrid,1327,66,109909,1229,0,14549,10086,2,5455,1465,144088
Madrid,2019,Madrid,1356,58,111748,1426,0,13931,10939,9,5020,1839,146326
Madrid,2020,Madrid,1263,62,63140,1310,0,8716,7668,4,3813,1744,87720
Madrid,2021,Madrid,1503,68,73259,1507,0,9741,8609,9,4302,1824,100822
Madrid,2022,Madrid,1661,110,91604,1753,0,11902,9118,5,4489,2208,122850
Madrid,2023,Madrid,2088,142,88516,1838,0,11966,8883,10,4039,2478,119960
Madrid,2024,Madrid,2160,95,79774,1929,0,11254,8175,7,3982,2964,110340
Majadahonda,2016,Madrid,0,0,1717,0,451,0,0,0,0,0,2168
Majadahonda,2017,Madrid,21,3,1481,13,0,297,91,0,98,11,2015
Majadahonda,2018,Madrid,21,0,1424,18,0,535,99,0,37,9,2143
Majadahonda,2019,Madrid,24,3,1425,24,0,690,83,0,74,17,2340
Majadahonda,2020,Madrid,12,1,1142,19,0,277,61,0,153,13,1678
Majadahonda,2021,Madrid,32,1,1507,29,0,287,72,0,114,8,2050
Majadahonda,2022,Madrid,31,1,1464,47,0,369,52,0,148,7,2119
Majadahonda,2023,Madrid,34,0,1214,55,0,296,53,0,69,15,1736
Majadahonda,2024,Madrid,44,0,1382,41,0,271,63,0,77,10,1888
Mejorada del Campo,2021,Madrid,6,0,240,20,0,59,14,0,35,9,383
Mejorada del Campo,2022,Madrid,11,0,200,16,0,71,15,0,29,4,346
Mejorada del Campo,2023,Madrid,10,2,205,17,0,90,17,1,25,11,378
Mejorada del Campo,2024,Madrid,20,2,154,17,0,49,14,0,23,6,285
Móstoles,2016,Madrid,0,0,2365,0,1406,0,0,0,0,0,3771
Móstoles,2017,Madrid,55,4,2354,48,0,758,362,1,336,22,3940
Móstoles,2018,Madrid,57,7,2224,65,0,686,341,0,263,59,3702
Móstoles,2019,Madrid,61,4,2102,60,0,643,383,1,221,41,3516
Móstoles,2020,Madrid,54,8,1302,40,0,500,217,0,187,47,2355
Móstoles,2021,Madrid,61,3,1514,46,0,591,227,0,145,47,2634
Móstoles,2022,Madrid,82,5,1739,49,0,615,256,1,190,46,2983
Móstoles,2023,Madrid,75,7,1779,55,0,548,217,0,207,57,2945
Móstoles,2024,Madrid,76,5,1732,74,0,584,201,0,166,66,2904
Navalcarnero,2021,Madrid,10,0,188,5,0,123,18,0,25,11,380
Navalcarnero,2022,Madrid,11,2,240,10,0,144,27,0,40,14,488
Navalcarnero,2023,Madrid,18,1,237,13,0,100,14,0,37,13,433
Navalcarnero,2024,Madrid,11,1,283,5,0,88,15,0,37,13,453
Paracuellos de Jarama,2021,Madrid,7,0,122,7,0,68,14,0,19,5,242
Paracuellos de Jarama,2022,Madrid,10,0,177,8,0,79,15,0,24,3,316
Paracuellos de Jarama,2023,Madrid,17,0,119,7,0,113,14,0,27,4,301
Paracuellos de Jarama,2024,Madrid,8,1,109,4,0,85,6,0,38,9,260
Parla,2016,Madrid,0,0,1796,0,944,0,0,0,0,0,2740
Parla,2017,Madrid,27,3,1893,25,0,335,358,0,131,18,2790
Parla,2018,Madrid,39,3,1692,12,0,395,418,0,113,10,2682
Parla,2019,Madrid,46,2,1599,15,0,281,421,0,138,17,2519
Parla,2020,Madrid,40,2,1242,32,0,237,284,1,110,20,1968
Parla,2021,Madrid,67,3,1316,42,0,233,316,0,75,31,2083
Parla,2022,Madrid,57,3,1558,42,0,299,382,1,91,17,2450
Parla,2023,Madrid,54,3,1634,42,0,241,273,0,85,25,2357
Parla,2024,Madrid,80,10,1738,69,0,462,415,0,97,25,2896
Pinto,2017,Madrid,14,0,879,15,0,195,105,0,116,9,1333
Pinto,2018,Madrid,10,3,819,19,0,293,74,0,47,16,1281
Pinto,2019,Madrid,10,0,731,18,0,262,97,0,24,10,1152
Pinto,2020,Madrid,11,0,479,13,0,143,64,0,24,9,743
Pinto,2021,Madrid,27,0,618,13,0,107,99,0,38,24,926
Pinto,2022,Madrid,27,1,871,24,0,233,64,0,23,20,1263
Pinto,2023,Madrid,26,3,786,33,0,206,46,0,17,20,1137
Pinto,2024,Madrid,26,2,646,24,0,193,57,1,26,26,1001
Pozuelo de Alarcón,2016,Madrid,0,0,1009,0,372,0,0,0,0,0,1381
Pozuelo de Alarcón,2017,Madrid,9,0,1010,8,0,333,65,0,107,3,1535
Pozuelo de Alarcón,2018,Madrid,22,1,1045,14,0,396,74,0,128,3,1683
Pozuelo de Alarcón,2019,Madrid,17,1,1058,12,0,309,75,0,92,8,1572
Pozuelo de Alarcón,2020,Madrid,23,0,757,21,0,172,71,0,88,16,1148
Pozuelo de Alarcón,2021,Madrid,13,2,861,14,0,164,63,0,77,16,1210
Pozuelo de Alarcón,2022,Madrid,13,2,920,21,0,151,57,1,79,9,1253
Pozuelo de Alarcón,2023,Madrid,17,0,711,23,0,192,33,0,70,21,1067
Pozuelo de Alarcón,2024,Madrid,13,0,652,29,0,196,20,0,64,7,981
Rivas-Vaciamadrid,2016,Madrid,0,0,1542,0,737,0,0,0,0,0,2279
Rivas-Vaciamadrid,2017,Madrid,25,1,1813,30,0,520,153,0,143,2,2687
Rivas-Vaciamadrid,2018,Madrid,16,0,1641,25,0,486,141,0,67,14,2390
Rivas-Vaciamadrid,2019,Madrid,32,1,1814,22,0,608,133,0,49,14,2673
Rivas-Vaciamadrid,2020,Madrid,16,1,1279,35,0,326,73,0,24,13,1767
Rivas-Vaciamadrid,2021,Madrid,39,2,1528,44,0,414,141,0,29,8,2205
Rivas-Vaciamadrid,2022,Madrid,23,2,1673,68,0,390,154,0,42,21,2373
Rivas-Vaciamadrid,2023,Madrid,35,1,1830,62,0,638,136,0,54,17,2773
Rivas-Vaciamadrid,2024,Madrid,37,0,1530,60,0,444,100,0,51,22,2244
San Fernando de Henares,2017,Madrid,6,0,606,6,0,93,27,0,96,3,837
San Fernando de Henares,2018,Madrid,5,0,588,3,0,144,34,0,66,3,843
San Fernando de Henares,2019,Madrid,11,0,583,7,0,121,39,0,70,15,846
San Fernando de Henares,2020,Madrid,10,0,383,5,0,99,31,0,51,23,602
San Fernando de Henares,2021,Madrid,11,0,433,16,0,91,34,0,64,24,673
San Fernando de Henares,2022,Madrid,7,0,476,9,0,95,53,0,57,20,717
San Fernando de Henares,2023,Madrid,9,0,515,9,0,42,49,0,67,7,698
San Fernando de Henares,2024,Madrid,11,1,463,10,0,89,27,0,65,10,676
San Martín de la Vega,2023,Madrid,6,0,185,9,0,42,9,0,7,5,263
San Martín de la Vega,2024,Madrid,12,0,202,21,0,88,6,0,11,6,346
San Sebastián de los Reyes,2016,Madrid,0,0,1977,0,554,0,0,0,0,0,2531
San Sebastián de los Reyes,2017,Madrid,22,0,2101,9,0,379,102,0,110,17,2740
San Sebastián de los Reyes,2018,Madrid,19,1,1791,12,0,377,96,0,100,8,2404
San Sebastián de los Reyes,2019,Madrid,31,0,1904,14,0,421,113,0,89,9,2581
San Sebastián de los Reyes,2020,Madrid,40,4,1171,11,0,222,77,0,57,16,1598
San Sebastián de los Reyes,2021,Madrid,26,2,1349,22,0,222,74,0,62,23,1780
San Sebastián de los Reyes,2022,Madrid,37,0,1537,22,0,245,80,0,89,34,2044
San Sebastián de los Reyes,2023,Madrid,24,2,1509,33,0,265,73,0,77,25,2008
San Sebastián de los Reyes,2024,Madrid,36,6,1571,31,0,172,71,0,87,28,2002
Torrejón de Ardoz,2016,Madrid,0,0,1561,0,762,0,0,0,0,0,2323
Torrejón de Ardoz,2017,Madrid,32,3,1312,51,0,322,116,0,114,9,1959
Torrejón de Ardoz,2018,Madrid,41,3,1303,47,0,304,115,0,94,3,1910
Torrejón de Ardoz,2019,Madrid,47,4,1251,46,0,342,101,0,93,12,1896
Torrejón de Ardoz,2020,Madrid,59,5,934,37,0,181,95,0,64,26,1401
Torrejón de Ardoz,2021,Madrid,60,6,1305,45,0,164,95,0,56,48,1779
Torrejón de Ardoz,2022,Madrid,55,16,1667,55,0,195,118,0,107,64,2277
Torrejón de Ardoz,2023,Madrid,52,3,1615,49,0,187,108,0,95,48,2157
Torrejón de Ardoz,2024,Madrid,59,6,1529,68,0,210,90,0,83,44,2089
Torrelodones,2021,Madrid,5,0,278,9,0,160,35,0,4,5,496
Torrelodones,2022,Madrid,5,1,286,13,0,141,30,0,6,1,483
Torrelodones,2023,Madrid,12,0,280,14,0,168,15,0,6,5,500
Torrelodones,2024,Madrid,10,0,246,18,0,123,13,0,6,4,420
Tres Cantos,2017,Madrid,6,0,414,14,0,147,34,0,16,3,634
Tres Cantos,2018,Madrid,17,0,423,17,0,196,50,0,9,12,724
Tres Cantos,2019,Madrid,10,0,352,8,0,125,26,0,8,8,537
Tres Cantos,2020,Madrid,7,0,239,10,0,88,12,0,3,6,365
Tres Cantos,2021,Madrid,14,0,374,12,0,82,25,0,5,6,518
Tres Cantos,2022,Madrid,12,0,426,22,0,115,35,0,8,1,619
Tres Cantos,2023,Madrid,12,0,411,17,0,136,16,0,2,2,596
Tres Cantos,2024,Madrid,13,0,329,10,0,166,24,0,10,4,556
Valdemoro,2016,Madrid,0,0,883,0,520,0,0,0,0,0,1403
Valdemoro,2017,Madrid,22,1,905,43,0,247,119,0,126,7,1470
Valdemoro,2018,Madrid,36,1,756,32,0,323,82,1,48,7,1286
Valdemoro,2019,Madrid,33,2,652,39,0,285,95,1,66,8,1181
Valdemoro,2020,Madrid,42,1,489,56,0,145,85,0,51,15,884
Valdemoro,2021,Madrid,50,0,656,58,0,183,53,0,40,13,1053
Valdemoro,2022,Madrid,31,1,830,65,0,191,77,0,46,18,1259
Valdemoro,2023,Madrid,38,1,785,74,0,165,60,0,45,14,1182
Valdemoro,2024,Madrid,37,0,734,79,0,264,62,0,56,10,1242
Villanueva de la Cañada,2021,Madrid,9,0,240,11,0,104,20,0,6,0,390
Villanueva de la Cañada,2022,Madrid,11,1,320,4,0,131,15,0,6,3,491
Villanueva de la Cañada,2023,Madrid,19,0,299,9,0,130,18,0,3,10,488
Villanueva de la Cañada,2024,Madrid,12,0,231,15,0,101,15,0,2,2,378
Villaviciosa de Odón,2021,Madrid,15,0,274,13,0,173,53,0,6,3,537
Villaviciosa de Odón,2022,Madrid,19,0,320,8,0,182,49,0,8,4,590
Villaviciosa de Odón,2023,Madrid,11,0,301,17,0,234,37,0,7,6,613
Villaviciosa de Odón,2024,Madrid,10,0,267,20,0,175,22,0,8,4,506
