Fecha,Provincia,Delitos,delitos_sum,poblacion_sum,tasa_100k
2018-03-31,Alicante,Delitos Sexuales,98.0,2549700,3.843589441895125
2018-03-31,Alicante,Homicidios,4.0,2549700,0.15688120171000508
2018-03-31,Alicante,Hurtos,4062.0,2549700,159.3128603365102
2018-03-31,Alicante,Lesiones,85.0,2549700,3.3337255363376084
2018-03-31,Alicante,Robos Con Fuerza,2158.0,2549700,84.63740832254776
2018-03-31,Alicante,Robos Con Violencia,293.0,2549700,11.491548025257874
2018-03-31,Alicante,Secuestro,0.0,2549700,0.0
2018-03-31,Alicante,Sustraccion De Vehiculos,193.0,2549700,7.5695179825077465
2018-03-31,Alicante,Trafico De Drogas,82.0,2549700,3.2160646350551048
2018-03-31,Barcelona,Delitos Sexuales,427.0,4091812,10.435474552594304
2018-03-31,Barcelona,Homicidios,28.0,4091812,0.6842934132848724
2018-03-31,Barcelona,Hurtos,34185.0,4091812,835.4489404694058
2018-03-31,Barcelona,Lesiones,1805.0,4091812,44.1124861063998
2018-03-31,Barcelona,Robos Con Fuerza,6994.0,4091812,170.92671901837133
2018-03-31,Barcelona,Robos Con Violencia,4432.0,4091812,108.3138717028055
2018-03-31,Barcelona,Secuestro,0.0,4091812,0.0
2018-03-31,Barcelona,Sustraccion De Vehiculos,1666.0,4091812,40.71545809044991
2018-03-31,Barcelona,Trafico De Drogas,329.0,4091812,8.040447606097251
2018-03-31,Castellón,Delitos Sexuales,0.0,31552,0.0
2018-03-31,Castellón,Homicidios,0.0,31552,0.0
2018-03-31,Castellón,Hurtos,58.0,31552,183.8235294117647
2018-03-31,Castellón,Lesiones,2.0,31552,6.338742393509127
2018-03-31,Castellón,Robos Con Fuerza,39.0,31552,123.60547667342799
2018-03-31,Castellón,Robos Con Violencia,1.0,31552,3.1693711967545637
2018-03-31,Castellón,Secuestro,0.0,31552,0.0
2018-03-31,Castellón,Sustraccion De Vehiculos,0.0,31552,0.0
2018-03-31,Castellón,Trafico De Drogas,3.0,31552,9.508113590263692
2018-03-31,Madrid,Delitos Sexuales,142.0,2540782,5.588830525405171
2018-03-31,Madrid,Homicidios,13.0,2540782,0.5116534988046987
2018-03-31,Madrid,Hurtos,8583.0,2540782,337.8093830954407
2018-03-31,Madrid,Lesiones,143.0,2540782,5.628188486851686
2018-03-31,Madrid,Robos Con Fuerza,2597.0,2540782,102.2126258766002
2018-03-31,Madrid,Robos Con Violencia,913.0,2540782,35.933818800668455
2018-03-31,Madrid,Secuestro,2.0,2540782,0.07871592289303057
2018-03-31,Madrid,Sustraccion De Vehiculos,721.0,2540782,28.37709020293752
2018-03-31,Madrid,Trafico De Drogas,86.0,2540782,3.384784684400315
2018-03-31,Valencia,Delitos Sexuales,112.0,3060720,3.659269714315586
2018-03-31,Valencia,Homicidios,10.0,3060720,0.32672051020674875
2018-03-31,Valencia,Hurtos,6393.0,3060720,208.87242217517448
2018-03-31,Valencia,Lesiones,146.0,3060720,4.770119449018532
2018-03-31,Valencia,Robos Con Fuerza,1823.0,3060720,59.5611490106903
2018-03-31,Valencia,Robos Con Violencia,568.0,3060720,18.557724979743327
2018-03-31,Valencia,Secuestro,0.0,3060720,0.0
2018-03-31,Valencia,Sustraccion De Vehiculos,291.0,3060720,9.507566847016388
2018-03-31,Valencia,Trafico De Drogas,113.0,3060720,3.691941765336261
2018-06-30,Barcelona,Delitos Sexuales,484.0,4091812,11.828500429638508
2018-06-30,Barcelona,Homicidios,30.0,4091812,0.7331715142337918
2018-06-30,Barcelona,Hurtos,37543.0,4091812,917.5152719626415
2018-06-30,Barcelona,Lesiones,2146.0,4091812,52.446202318190565
2018-06-30,Barcelona,Robos Con Fuerza,6864.0,4091812,167.74964245669156
2018-06-30,Barcelona,Robos Con Violencia,4246.0,4091812,103.76820831455599
2018-06-30,Barcelona,Secuestro,0.0,4091812,0.0
2018-06-30,Barcelona,Sustraccion De Vehiculos,1780.0,4091812,43.50150984453831
2018-06-30,Barcelona,Trafico De Drogas,334.0,4091812,8.162642858469548
2018-06-30,Madrid,Delitos Sexuales,174.0,2540782,6.848285291693659
2018-06-30,Madrid,Homicidios,10.0,2540782,0.3935796144651528
2018-06-30,Madrid,Hurtos,9297.0,2540782,365.9109675682526
2018-06-30,Madrid,Lesiones,142.0,2540782,5.588830525405171
2018-06-30,Madrid,Robos Con Fuerza,2212.0,2540782,87.05981071969181
2018-06-30,Madrid,Robos Con Violencia,868.0,2540782,34.162710535575265
2018-06-30,Madrid,Secuestro,1.0,2540782,0.03935796144651529
2018-06-30,Madrid,Sustraccion De Vehiculos,703.0,2540782,27.668646896900245
2018-06-30,Madrid,Trafico De Drogas,118.0,2540782,4.644239450688803
2018-09-30,Alicante,Delitos Sexuales,250.0,2549700,9.805075106875318
2018-09-30,Alicante,Homicidios,16.0,2549700,0.6275248068400203
2018-09-30,Alicante,Hurtos,10186.0,2549700,399.49798015452797
2018-09-30,Alicante,Lesiones,278.0,2549700,10.903243518845354
2018-09-30,Alicante,Robos Con Fuerza,3936.0,2549700,154.37110248264503
2018-09-30,Alicante,Robos Con Violencia,619.0,2549700,24.27736596462329
2018-09-30,Alicante,Secuestro,0.0,2549700,0.0
2018-09-30,Alicante,Sustraccion De Vehiculos,467.0,2549700,18.315880299643094
2018-09-30,Alicante,Trafico De Drogas,276.0,2549700,10.824802917990352
2018-09-30,Barcelona,Delitos Sexuales,494.0,4091812,12.072890934383103
2018-09-30,Barcelona,Homicidios,35.0,4091812,0.8553667666060905
2018-09-30,Barcelona,Hurtos,39752.0,4091812,971.501134460723
2018-09-30,Barcelona,Lesiones,2123.0,4091812,51.884104157277996
2018-09-30,Barcelona,Robos Con Fuerza,8414.0,4091812,205.63017069210412
2018-09-30,Barcelona,Robos Con Violencia,4883.0,4091812,119.33588346678685
2018-09-30,Barcelona,Secuestro,0.0,4091812,0.0
2018-09-30,Barcelona,Sustraccion De Vehiculos,1881.0,4091812,45.96985394245874
2018-09-30,Barcelona,Trafico De Drogas,290.0,4091812,7.08732463759332
2018-09-30,Castellón,Delitos Sexuales,5.0,31552,15.84685598377282
2018-09-30,Castellón,Homicidios,0.0,31552,0.0
2018-09-30,Castellón,Hurtos,109.0,31552,345.4614604462475
2018-09-30,Castellón,Lesiones,5.0,31552,15.84685598377282
2018-09-30,Castellón,Robos Con Fuerza,67.0,31552,212.3478701825558
2018-09-30,Castellón,Robos Con Violencia,4.0,31552,12.677484787018255
2018-09-30,Castellón,Secuestro,0.0,31552,0.0
2018-09-30,Castellón,Sustraccion De Vehiculos,2.0,31552,6.338742393509127
2018-09-30,Castellón,Trafico De Drogas,1.0,31552,3.1693711967545637
2018-09-30,Madrid,Delitos Sexuales,223.0,2540782,8.776825402572909
2018-09-30,Madrid,Homicidios,5.0,2540782,0.1967898072325764
2018-09-30,Madrid,Hurtos,7963.0,2540782,313.4074469986012
2018-09-30,Madrid,Lesiones,193.0,2540782,7.59608655917745
2018-09-30,Madrid,Robos Con Fuerza,2634.0,2540782,103.66887045012126
2018-09-30,Madrid,Robos Con Violencia,958.0,2540782,37.704927065761645
2018-09-30,Madrid,Secuestro,0.0,2540782,0.0
2018-09-30,Madrid,Sustraccion De Vehiculos,569.0,2540782,22.394680063067195
2018-09-30,Madrid,Trafico De Drogas,89.0,2540782,3.5028585687398603
2018-09-30,Valencia,Delitos Sexuales,261.0,3060720,8.527405316396141
2018-09-30,Valencia,Homicidios,16.0,3060720,0.522752816330798
2018-09-30,Valencia,Hurtos,12614.0,3060720,412.12525157479286
2018-09-30,Valencia,Lesiones,349.0,3060720,11.402545806215532
2018-09-30,Valencia,Robos Con Fuerza,3917.0,3060720,127.9764238479835
2018-09-30,Valencia,Robos Con Violencia,1022.0,3060720,33.390836143129725
2018-09-30,Valencia,Secuestro,1.0,3060720,0.03267205102067487
2018-09-30,Valencia,Sustraccion De Vehiculos,580.0,3060720,18.949789591991426
2018-09-30,Valencia,Trafico De Drogas,287.0,3060720,9.376878642933688
2018-12-31,Alicante,Delitos Sexuales,108.0,2549700,4.235792446170138
2018-12-31,Alicante,Homicidios,5.0,2549700,0.19610150213750638
2018-12-31,Alicante,Hurtos,4322.0,2549700,169.51013844766052
2018-12-31,Alicante,Lesiones,100.0,2549700,3.922030042750128
2018-12-31,Alicante,Robos Con Fuerza,1965.0,2549700,77.06789034004001
2018-12-31,Alicante,Robos Con Violencia,341.0,2549700,13.374122445777934
2018-12-31,Alicante,Secuestro,1.0,2549700,0.03922030042750127
2018-12-31,Alicante,Sustraccion De Vehiculos,280.0,2549700,10.981684119700358
2018-12-31,Alicante,Trafico De Drogas,111.0,2549700,4.353453347452642
2018-12-31,Barcelona,Delitos Sexuales,426.0,4091812,10.411035502119844
2018-12-31,Barcelona,Homicidios,30.0,4091812,0.7331715142337918
2018-12-31,Barcelona,Hurtos,37287.0,4091812,911.2588750411799
2018-12-31,Barcelona,Lesiones,1919.0,4091812,46.89853786048821
2018-12-31,Barcelona,Robos Con Fuerza,7197.0,4091812,175.88784626468666
2018-12-31,Barcelona,Robos Con Violencia,5486.0,4091812,134.07263090288606
2018-12-31,Barcelona,Secuestro,0.0,4091812,0.0
2018-12-31,Barcelona,Sustraccion De Vehiculos,1997.0,4091812,48.80478379749607
2018-12-31,Barcelona,Trafico De Drogas,309.0,4091812,7.551666596608055
2018-12-31,Castellón,Delitos Sexuales,2.0,31552,6.338742393509127
2018-12-31,Castellón,Homicidios,0.0,31552,0.0
2018-12-31,Castellón,Hurtos,48.0,31552,152.12981744421907
2018-12-31,Castellón,Lesiones,3.0,31552,9.508113590263692
2018-12-31,Castellón,Robos Con Fuerza,35.0,31552,110.92799188640973
2018-12-31,Castellón,Robos Con Violencia,3.0,31552,9.508113590263692
2018-12-31,Castellón,Secuestro,0.0,31552,0.0
2018-12-31,Castellón,Sustraccion De Vehiculos,1.0,31552,3.1693711967545637
2018-12-31,Castellón,Trafico De Drogas,0.0,31552,0.0
2018-12-31,Madrid,Delitos Sexuales,180.0,2540782,7.084433060372752
2018-12-31,Madrid,Homicidios,11.0,2540782,0.43293757591166815
2018-12-31,Madrid,Hurtos,8990.0,2540782,353.8280734041724
2018-12-31,Madrid,Lesiones,178.0,2540782,7.005717137479721
2018-12-31,Madrid,Robos Con Fuerza,2874.0,2540782,113.11478119728493
2018-12-31,Madrid,Robos Con Violencia,1001.0,2540782,39.397319407961795
2018-12-31,Madrid,Secuestro,3.0,2540782,0.11807388433954584
2018-12-31,Madrid,Sustraccion De Vehiculos,722.0,2540782,28.416448164384036
2018-12-31,Madrid,Trafico De Drogas,66.0,2540782,2.597625455470009
2018-12-31,Valencia,Delitos Sexuales,114.0,3060720,3.724613816356935
2018-12-31,Valencia,Homicidios,7.0,3060720,0.22870435714472412
2018-12-31,Valencia,Hurtos,5998.0,3060720,195.96696202200792
2018-12-31,Valencia,Lesiones,143.0,3060720,4.672103295956507
2018-12-31,Valencia,Robos Con Fuerza,1766.0,3060720,57.698842102511826
2018-12-31,Valencia,Robos Con Violencia,499.0,3060720,16.303353459316764
2018-12-31,Valencia,Secuestro,2.0,3060720,0.06534410204134974
2018-12-31,Valencia,Sustraccion De Vehiculos,379.0,3060720,12.382707336835777
2018-12-31,Valencia,Trafico De Drogas,128.0,3060720,4.182022530646384
2019-03-31,Alicante,Delitos Sexuales,95.0,2574996,3.689326119341545
2019-03-31,Alicante,Homicidios,4.0,2574996,0.1553400471301703
2019-03-31,Alicante,Hurtos,3890.0,2574996,151.06819583409063
2019-03-31,Alicante,Lesiones,107.0,2574996,4.155346260732055
2019-03-31,Alicante,Robos Con Fuerza,2050.0,2574996,79.61177415421228
2019-03-31,Alicante,Robos Con Violencia,253.0,2574996,9.82525798098327
2019-03-31,Alicante,Secuestro,0.0,2574996,0.0
2019-03-31,Alicante,Sustraccion De Vehiculos,258.0,2574996,10.019433039895985
2019-03-31,Alicante,Trafico De Drogas,126.0,2574996,4.893211484600364
2019-03-31,Barcelona,Delitos Sexuales,520.0,4131654,12.585758633225339
2019-03-31,Barcelona,Homicidios,38.0,4131654,0.9197285155049286
2019-03-31,Barcelona,Hurtos,36451.0,4131654,882.2374768071091
2019-03-31,Barcelona,Lesiones,1839.0,4131654,44.51001947404115
2019-03-31,Barcelona,Robos Con Fuerza,6981.0,4131654,168.96380965105016
2019-03-31,Barcelona,Robos Con Violencia,5323.0,4131654,128.83460231665092
2019-03-31,Barcelona,Secuestro,0.0,4131654,0.0
2019-03-31,Barcelona,Sustraccion De Vehiculos,1946.0,4131654,47.09978134664713
2019-03-31,Barcelona,Trafico De Drogas,327.0,4131654,7.91450590973978
2019-03-31,Castellón,Delitos Sexuales,0.0,31660,0.0
2019-03-31,Castellón,Homicidios,0.0,31660,0.0
2019-03-31,Castellón,Hurtos,44.0,31660,138.97662665824384
2019-03-31,Castellón,Lesiones,5.0,31660,15.792798483891344
2019-03-31,Castellón,Robos Con Fuerza,40.0,31660,126.34238787113075
2019-03-31,Castellón,Robos Con Violencia,2.0,31660,6.317119393556538
2019-03-31,Castellón,Secuestro,0.0,31660,0.0
2019-03-31,Castellón,Sustraccion De Vehiculos,0.0,31660,0.0
2019-03-31,Castellón,Trafico De Drogas,1.0,31660,3.158559696778269
2019-03-31,Madrid,Delitos Sexuales,204.0,2598769,7.849870457897565
2019-03-31,Madrid,Homicidios,9.0,2598769,0.34631781431901026
2019-03-31,Madrid,Hurtos,8657.0,2598769,333.1192576177413
2019-03-31,Madrid,Lesiones,179.0,2598769,6.887876529233648
2019-03-31,Madrid,Robos Con Fuerza,2518.0,2598769,96.89202849502976
2019-03-31,Madrid,Robos Con Violencia,837.0,2598769,32.20755673166796
2019-03-31,Madrid,Secuestro,1.0,2598769,0.0384797571465567
2019-03-31,Madrid,Sustraccion De Vehiculos,749.0,2598769,28.821338102770966
2019-03-31,Madrid,Trafico De Drogas,90.0,2598769,3.4631781431901025
2019-03-31,Valencia,Delitos Sexuales,133.0,3082426,4.314783225939569
2019-03-31,Valencia,Homicidios,19.0,3082426,0.6163976037056526
2019-03-31,Valencia,Hurtos,6843.0,3082426,222.00046327146214
2019-03-31,Valencia,Lesiones,149.0,3082426,4.833854892218013
2019-03-31,Valencia,Robos Con Fuerza,1739.0,3082426,56.41660172863842
2019-03-31,Valencia,Robos Con Violencia,607.0,3082426,19.69228133943848
2019-03-31,Valencia,Secuestro,1.0,3082426,0.032441979142402766
2019-03-31,Valencia,Sustraccion De Vehiculos,288.0,3082426,9.343289993011998
2019-03-31,Valencia,Trafico De Drogas,110.0,3082426,3.5686177056643045
2019-06-30,Barcelona,Delitos Sexuales,484.0,4131654,11.714436881694352
2019-06-30,Barcelona,Homicidios,34.0,4131654,0.8229149875570414
2019-06-30,Barcelona,Hurtos,39363.0,4131654,952.7177251531712
2019-06-30,Barcelona,Lesiones,2038.0,4131654,49.32649248944853
2019-06-30,Barcelona,Robos Con Fuerza,6223.0,4131654,150.61764610492554
2019-06-30,Barcelona,Robos Con Violencia,5342.0,4131654,129.29446657440337
2019-06-30,Barcelona,Secuestro,0.0,4131654,0.0
2019-06-30,Barcelona,Sustraccion De Vehiculos,1894.0,4131654,45.84120548332459
2019-06-30,Barcelona,Trafico De Drogas,318.0,4131654,7.696675471857033
2019-06-30,Madrid,Delitos Sexuales,201.0,2598769,7.734431186457896
2019-06-30,Madrid,Homicidios,13.0,2598769,0.5002368429052371
2019-06-30,Madrid,Hurtos,9011.0,2598769,346.7410916476224
2019-06-30,Madrid,Lesiones,175.0,2598769,6.733957500647422
2019-06-30,Madrid,Robos Con Fuerza,2234.0,2598769,85.96377746540766
2019-06-30,Madrid,Robos Con Violencia,1002.0,2598769,38.55671666084981
2019-06-30,Madrid,Secuestro,1.0,2598769,0.0384797571465567
2019-06-30,Madrid,Sustraccion De Vehiculos,614.0,2598769,23.626570887985814
2019-06-30,Madrid,Trafico De Drogas,118.0,2598769,4.5406113432936905
2019-09-30,Alicante,Delitos Sexuales,271.0,2574996,10.524288193069038
2019-09-30,Alicante,Homicidios,18.0,2574996,0.6990302120857663
2019-09-30,Alicante,Hurtos,10132.0,2574996,393.47633938072136
2019-09-30,Alicante,Lesiones,293.0,2574996,11.378658452284974
2019-09-30,Alicante,Robos Con Fuerza,3263.0,2574996,126.71864344643642
2019-09-30,Alicante,Robos Con Violencia,613.0,2574996,23.805862222698597
2019-09-30,Alicante,Secuestro,0.0,2574996,0.0
2019-09-30,Alicante,Sustraccion De Vehiculos,515.0,2574996,20.000031068009427
2019-09-30,Alicante,Trafico De Drogas,303.0,2574996,11.7670085701104
2019-09-30,Barcelona,Delitos Sexuales,566.0,4131654,13.69911420462604
2019-09-30,Barcelona,Homicidios,51.0,4131654,1.2343724813355619
2019-09-30,Barcelona,Hurtos,38784.0,4131654,938.7039669827145
2019-09-30,Barcelona,Lesiones,2063.0,4131654,49.93157703912283
2019-09-30,Barcelona,Robos Con Fuerza,8181.0,4131654,198.00786803541632
2019-09-30,Barcelona,Robos Con Violencia,5830.0,4131654,141.1057169840456
2019-09-30,Barcelona,Secuestro,0.0,4131654,0.0
2019-09-30,Barcelona,Sustraccion De Vehiculos,1691.0,4131654,40.927918939969324
2019-09-30,Barcelona,Trafico De Drogas,289.0,4131654,6.994777394234851
2019-09-30,Castellón,Delitos Sexuales,3.0,31660,9.475679090334808
2019-09-30,Castellón,Homicidios,0.0,31660,0.0
2019-09-30,Castellón,Hurtos,83.0,31660,262.1604548325963
2019-09-30,Castellón,Lesiones,10.0,31660,31.58559696778269
2019-09-30,Castellón,Robos Con Fuerza,65.0,31660,205.3063802905875
2019-09-30,Castellón,Robos Con Violencia,5.0,31660,15.792798483891344
2019-09-30,Castellón,Secuestro,0.0,31660,0.0
2019-09-30,Castellón,Sustraccion De Vehiculos,1.0,31660,3.158559696778269
2019-09-30,Castellón,Trafico De Drogas,5.0,31660,15.792798483891344
2019-09-30,Madrid,Delitos Sexuales,220.0,2598769,8.465546572242474
2019-09-30,Madrid,Homicidios,5.0,2598769,0.1923987857327835
2019-09-30,Madrid,Hurtos,8294.0,2598769,319.15110577354125
2019-09-30,Madrid,Lesiones,181.0,2598769,6.964836043526762
2019-09-30,Madrid,Robos Con Fuerza,2424.0,2598769,93.27493132325343
2019-09-30,Madrid,Robos Con Violencia,1042.0,2598769,40.09590694671208
2019-09-30,Madrid,Secuestro,3.0,2598769,0.11543927143967009
2019-09-30,Madrid,Sustraccion De Vehiculos,597.0,2598769,22.972415016494345
2019-09-30,Madrid,Trafico De Drogas,114.0,2598769,4.386692314707464
2019-09-30,Valencia,Delitos Sexuales,304.0,3082426,9.86236165929044
2019-09-30,Valencia,Homicidios,24.0,3082426,0.7786074994176665
2019-09-30,Valencia,Hurtos,11969.0,3082426,388.29804835541876
2019-09-30,Valencia,Lesiones,366.0,3082426,11.873764366119413
2019-09-30,Valencia,Robos Con Fuerza,3314.0,3082426,107.5127188779228
2019-09-30,Valencia,Robos Con Violencia,1028.0,3082426,33.350354558390045
2019-09-30,Valencia,Secuestro,1.0,3082426,0.032441979142402766
2019-09-30,Valencia,Sustraccion De Vehiculos,607.0,3082426,19.69228133943848
2019-09-30,Valencia,Trafico De Drogas,271.0,3082426,8.791776347591151
2019-12-31,Alicante,Delitos Sexuales,113.0,2574996,4.388356331427311
2019-12-31,Alicante,Homicidios,5.0,2574996,0.19417505891271286
2019-12-31,Alicante,Hurtos,4235.0,2574996,164.46627489906783
2019-12-31,Alicante,Lesiones,126.0,2574996,4.893211484600364
2019-12-31,Alicante,Robos Con Fuerza,1681.0,2574996,65.28165480645407
2019-12-31,Alicante,Robos Con Violencia,344.0,2574996,13.359244053194645
2019-12-31,Alicante,Secuestro,0.0,2574996,0.0
2019-12-31,Alicante,Sustraccion De Vehiculos,240.0,2574996,9.320402827810218
2019-12-31,Alicante,Trafico De Drogas,131.0,2574996,5.087386543513077
2019-12-31,Barcelona,Delitos Sexuales,545.0,4131654,13.190843182899634
2019-12-31,Barcelona,Homicidios,38.0,4131654,0.9197285155049286
2019-12-31,Barcelona,Hurtos,34705.0,4131654,839.9783718578564
2019-12-31,Barcelona,Lesiones,2093.0,4131654,50.65767849873198
2019-12-31,Barcelona,Robos Con Fuerza,7108.0,4131654,172.03763916339557
2019-12-31,Barcelona,Robos Con Violencia,6022.0,4131654,145.7527663255442
2019-12-31,Barcelona,Secuestro,0.0,4131654,0.0
2019-12-31,Barcelona,Sustraccion De Vehiculos,2011.0,4131654,48.6730011758003
2019-12-31,Barcelona,Trafico De Drogas,319.0,4131654,7.720878853844005
2019-12-31,Castellón,Delitos Sexuales,3.0,31660,9.475679090334808
2019-12-31,Castellón,Homicidios,1.0,31660,3.158559696778269
2019-12-31,Castellón,Hurtos,45.0,31660,142.1351863550221
2019-12-31,Castellón,Lesiones,4.0,31660,12.634238787113077
2019-12-31,Castellón,Robos Con Fuerza,44.0,31660,138.97662665824384
2019-12-31,Castellón,Robos Con Violencia,1.0,31660,3.158559696778269
2019-12-31,Castellón,Secuestro,0.0,31660,0.0
2019-12-31,Castellón,Sustraccion De Vehiculos,1.0,31660,3.158559696778269
2019-12-31,Castellón,Trafico De Drogas,0.0,31660,0.0
2019-12-31,Madrid,Delitos Sexuales,197.0,2598769,7.580512157871669
2019-12-31,Madrid,Homicidios,11.0,2598769,0.4232773286121237
2019-12-31,Madrid,Hurtos,9535.0,2598769,366.9044843924181
2019-12-31,Madrid,Lesiones,165.0,2598769,6.349159929181855
2019-12-31,Madrid,Robos Con Fuerza,2767.0,2598769,106.47348802452238
2019-12-31,Madrid,Robos Con Violencia,1072.0,2598769,41.25029966110878
2019-12-31,Madrid,Secuestro,0.0,2598769,0.0
2019-12-31,Madrid,Sustraccion De Vehiculos,633.0,2598769,24.357686273770387
2019-12-31,Madrid,Trafico De Drogas,100.0,2598769,3.8479757146556697
2019-12-31,Valencia,Delitos Sexuales,140.0,3082426,4.541877079936388
2019-12-31,Valencia,Homicidios,15.0,3082426,0.48662968713604154
2019-12-31,Valencia,Hurtos,5820.0,3082426,188.81231860878412
2019-12-31,Valencia,Lesiones,163.0,3082426,5.288042600211651
2019-12-31,Valencia,Robos Con Fuerza,1642.0,3082426,53.269729751825345
2019-12-31,Valencia,Robos Con Violencia,575.0,3082426,18.654138006881595
2019-12-31,Valencia,Secuestro,0.0,3082426,0.0
2019-12-31,Valencia,Sustraccion De Vehiculos,283.0,3082426,9.181080097299985
2019-12-31,Valencia,Trafico De Drogas,113.0,3082426,3.6659436430915133
2020-03-31,Alicante,Delitos Sexuales,87.0,2604968,3.339772311982335
2020-03-31,Alicante,Homicidios,5.0,2604968,0.19194093747024915
2020-03-31,Alicante,Hurtos,3117.0,2604968,119.65598041895332
2020-03-31,Alicante,Lesiones,101.0,2604968,3.877206936899033
2020-03-31,Alicante,Robos Con Fuerza,1616.0,2604968,62.03531099038453
2020-03-31,Alicante,Robos Con Violencia,223.0,2604968,8.560565811173111
2020-03-31,Alicante,Secuestro,0.0,2604968,0.0
2020-03-31,Alicante,Sustraccion De Vehiculos,199.0,2604968,7.639249311315917
2020-03-31,Alicante,Trafico De Drogas,150.0,2604968,5.758228124107474
2020-03-31,Barcelona,Delitos Sexuales,504.0,4191220,12.025138265230648
2020-03-31,Barcelona,Homicidios,31.0,4191220,0.7396414409169645
2020-03-31,Barcelona,Hurtos,28020.0,4191220,668.5404249836563
2020-03-31,Barcelona,Lesiones,1517.0,4191220,36.19471180229146
2020-03-31,Barcelona,Robos Con Fuerza,11073.0,4191220,264.1951508152757
2020-03-31,Barcelona,Robos Con Violencia,5235.0,4191220,124.9039659096874
2020-03-31,Barcelona,Secuestro,2.0,4191220,0.04771880263980416
2020-03-31,Barcelona,Sustraccion De Vehiculos,1372.0,4191220,32.73509861090566
2020-03-31,Barcelona,Trafico De Drogas,362.0,4191220,8.637103277804552
2020-03-31,Castellón,Delitos Sexuales,4.0,31681,12.62586408257315
2020-03-31,Castellón,Homicidios,0.0,31681,0.0
2020-03-31,Castellón,Hurtos,53.0,31681,167.29269909409425
2020-03-31,Castellón,Lesiones,4.0,31681,12.62586408257315
2020-03-31,Castellón,Robos Con Fuerza,25.0,31681,78.91165051608219
2020-03-31,Castellón,Robos Con Violencia,2.0,31681,6.312932041286575
2020-03-31,Castellón,Secuestro,0.0,31681,0.0
2020-03-31,Castellón,Sustraccion De Vehiculos,0.0,31681,0.0
2020-03-31,Castellón,Trafico De Drogas,0.0,31681,0.0
2020-03-31,Madrid,Delitos Sexuales,175.0,2630815,6.651931055585437
2020-03-31,Madrid,Homicidios,14.0,2630815,0.5321544844468349
2020-03-31,Madrid,Hurtos,7738.0,2630815,294.1293857606863
2020-03-31,Madrid,Lesiones,177.0,2630815,6.727953124792127
2020-03-31,Madrid,Robos Con Fuerza,1928.0,2630815,73.28527471524984
2020-03-31,Madrid,Robos Con Violencia,766.0,2630815,29.11645250616254
2020-03-31,Madrid,Secuestro,1.0,2630815,0.03801103460334535
2020-03-31,Madrid,Sustraccion De Vehiculos,581.0,2630815,22.084411104543648
2020-03-31,Madrid,Trafico De Drogas,114.0,2630815,4.33325794478137
2020-03-31,Valencia,Delitos Sexuales,110.0,3116938,3.5291045250178223
2020-03-31,Valencia,Homicidios,6.0,3116938,0.19249661045551755
2020-03-31,Valencia,Hurtos,4922.0,3116938,157.9113861103429
2020-03-31,Valencia,Lesiones,153.0,3116938,4.908663566615698
2020-03-31,Valencia,Robos Con Fuerza,1371.0,3116938,43.98547548908576
2020-03-31,Valencia,Robos Con Violencia,473.0,3116938,15.175149457576634
2020-03-31,Valencia,Secuestro,1.0,3116938,0.03208276840925293
2020-03-31,Valencia,Sustraccion De Vehiculos,233.0,3116938,7.475285039355931
2020-03-31,Valencia,Trafico De Drogas,125.0,3116938,4.010346051156616
2020-06-30,Alicante,Delitos Sexuales,87.0,2604968,3.339772311982335
2020-06-30,Alicante,Homicidios,4.0,2604968,0.15355274997619933
2020-06-30,Alicante,Hurtos,1178.0,2604968,45.221284867990704
2020-06-30,Alicante,Lesiones,83.0,2604968,3.186219562006136
2020-06-30,Alicante,Robos Con Fuerza,789.0,2604968,30.288279932805317
2020-06-30,Alicante,Robos Con Violencia,125.0,2604968,4.798523436756229
2020-06-30,Alicante,Secuestro,1.0,2604968,0.03838818749404983
2020-06-30,Alicante,Sustraccion De Vehiculos,123.0,2604968,4.721747061768129
2020-06-30,Alicante,Trafico De Drogas,156.0,2604968,5.988557249071773
2020-06-30,Barcelona,Delitos Sexuales,352.0,4191220,8.398509264605533
2020-06-30,Barcelona,Homicidios,32.0,4191220,0.7635008422368665
2020-06-30,Barcelona,Hurtos,8799.0,4191220,209.9388722138184
2020-06-30,Barcelona,Lesiones,1149.0,4191220,27.41445211656749
2020-06-30,Barcelona,Robos Con Fuerza,9.0,4191220,0.21473461187911871
2020-06-30,Barcelona,Robos Con Violencia,2448.0,4191220,58.4078144311203
2020-06-30,Barcelona,Secuestro,1.0,4191220,0.02385940131990208
2020-06-30,Barcelona,Sustraccion De Vehiculos,602.0,4191220,14.363359594581052
2020-06-30,Barcelona,Trafico De Drogas,522.0,4191220,12.454607488988888
2020-06-30,Castellón,Delitos Sexuales,1.0,31681,3.1564660206432875
2020-06-30,Castellón,Homicidios,0.0,31681,0.0
2020-06-30,Castellón,Hurtos,9.0,31681,28.408194185789593
2020-06-30,Castellón,Lesiones,1.0,31681,3.1564660206432875
2020-06-30,Castellón,Robos Con Fuerza,15.0,31681,47.346990309649314
2020-06-30,Castellón,Robos Con Violencia,2.0,31681,6.312932041286575
2020-06-30,Castellón,Secuestro,0.0,31681,0.0
2020-06-30,Castellón,Sustraccion De Vehiculos,1.0,31681,3.1564660206432875
2020-06-30,Castellón,Trafico De Drogas,0.0,31681,0.0
2020-06-30,Madrid,Delitos Sexuales,139.0,2630815,5.283533809865004
2020-06-30,Madrid,Homicidios,7.0,2630815,0.26607724222341744
2020-06-30,Madrid,Hurtos,2845.0,2630815,108.14139344651753
2020-06-30,Madrid,Lesiones,148.0,2630815,5.625633121295112
2020-06-30,Madrid,Robos Con Fuerza,799.0,2630815,30.370816648072935
2020-06-30,Madrid,Robos Con Violencia,315.0,2630815,11.973475900053785
2020-06-30,Madrid,Secuestro,1.0,2630815,0.03801103460334535
2020-06-30,Madrid,Sustraccion De Vehiculos,384.0,2630815,14.596237287684614
2020-06-30,Madrid,Trafico De Drogas,106.0,2630815,4.029169667954608
2020-06-30,Valencia,Delitos Sexuales,89.0,3116938,2.8553663884235103
2020-06-30,Valencia,Homicidios,10.0,3116938,0.32082768409252926
2020-06-30,Valencia,Hurtos,1698.0,3116938,54.47654075891147
2020-06-30,Valencia,Lesiones,100.0,3116938,3.208276840925293
2020-06-30,Valencia,Robos Con Fuerza,620.0,3116938,19.891316413736813
2020-06-30,Valencia,Robos Con Violencia,199.0,3116938,6.384470913441332
2020-06-30,Valencia,Secuestro,0.0,3116938,0.0
2020-06-30,Valencia,Sustraccion De Vehiculos,115.0,3116938,3.6895183670640868
2020-06-30,Valencia,Trafico De Drogas,161.0,3116938,5.165325713889721
2020-09-30,Alicante,Delitos Sexuales,136.0,2604968,5.220793499190776
2020-09-30,Alicante,Homicidios,8.0,2604968,0.30710549995239866
2020-09-30,Alicante,Hurtos,3684.0,2604968,141.42208272807957
2020-09-30,Alicante,Lesiones,152.0,2604968,5.835004499095574
2020-09-30,Alicante,Robos Con Fuerza,1695.0,2604968,65.06797780241446
2020-09-30,Alicante,Robos Con Violencia,298.0,2604968,11.439679873226849
2020-09-30,Alicante,Secuestro,1.0,2604968,0.03838818749404983
2020-09-30,Alicante,Sustraccion De Vehiculos,254.0,2604968,9.750599623488657
2020-09-30,Alicante,Trafico De Drogas,139.0,2604968,5.335958061672926
2020-09-30,Barcelona,Delitos Sexuales,503.0,4191220,12.001278863910747
2020-09-30,Barcelona,Homicidios,44.0,4191220,1.0498136580756916
2020-09-30,Barcelona,Hurtos,18750.0,4191220,447.36377474816396
2020-09-30,Barcelona,Lesiones,1792.0,4191220,42.756047165264526
2020-09-30,Barcelona,Robos Con Fuerza,2710.0,4191220,64.65897757693463
2020-09-30,Barcelona,Robos Con Violencia,4253.0,4191220,101.47403381354356
2020-09-30,Barcelona,Secuestro,1.0,4191220,0.02385940131990208
2020-09-30,Barcelona,Sustraccion De Vehiculos,1250.0,4191220,29.824251649877603
2020-09-30,Barcelona,Trafico De Drogas,362.0,4191220,8.637103277804552
2020-09-30,Castellón,Delitos Sexuales,2.0,31681,6.312932041286575
2020-09-30,Castellón,Homicidios,0.0,31681,0.0
2020-09-30,Castellón,Hurtos,30.0,31681,94.69398061929863
2020-09-30,Castellón,Lesiones,4.0,31681,12.62586408257315
2020-09-30,Castellón,Robos Con Fuerza,27.0,31681,85.22458255736878
2020-09-30,Castellón,Robos Con Violencia,1.0,31681,3.1564660206432875
2020-09-30,Castellón,Secuestro,0.0,31681,0.0
2020-09-30,Castellón,Sustraccion De Vehiculos,3.0,31681,9.469398061929864
2020-09-30,Castellón,Trafico De Drogas,2.0,31681,6.312932041286575
2020-09-30,Madrid,Delitos Sexuales,238.0,2630815,9.046626235596193
2020-09-30,Madrid,Homicidios,12.0,2630815,0.4561324152401442
2020-09-30,Madrid,Hurtos,6780.0,2630815,257.71481461068146
2020-09-30,Madrid,Lesiones,203.0,2630815,7.716240024479107
2020-09-30,Madrid,Robos Con Fuerza,1923.0,2630815,73.09521954223311
2020-09-30,Madrid,Robos Con Violencia,715.0,2630815,27.177889741391926
2020-09-30,Madrid,Secuestro,0.0,2630815,0.0
2020-09-30,Madrid,Sustraccion De Vehiculos,633.0,2630815,24.060984903917607
2020-09-30,Madrid,Trafico De Drogas,119.0,2630815,4.5233131177980965
2020-09-30,Valencia,Delitos Sexuales,163.0,3116938,5.229491250708227
2020-09-30,Valencia,Homicidios,25.0,3116938,0.8020692102313233
2020-09-30,Valencia,Hurtos,4757.0,3116938,152.61772932281616
2020-09-30,Valencia,Lesiones,146.0,3116938,4.684084187750927
2020-09-30,Valencia,Robos Con Fuerza,1518.0,3116938,48.701642445245945
2020-09-30,Valencia,Robos Con Violencia,576.0,3116938,18.479674603729688
2020-09-30,Valencia,Secuestro,1.0,3116938,0.03208276840925293
2020-09-30,Valencia,Sustraccion De Vehiculos,284.0,3116938,9.111506228227832
2020-09-30,Valencia,Trafico De Drogas,97.0,3116938,3.112028535697534
2020-12-31,Alicante,Delitos Sexuales,116.0,2604968,4.45302974930978
2020-12-31,Alicante,Homicidios,4.0,2604968,0.15355274997619933
2020-12-31,Alicante,Hurtos,2493.0,2604968,95.70175142266623
2020-12-31,Alicante,Lesiones,85.0,2604968,3.2629959369942356
2020-12-31,Alicante,Robos Con Fuerza,1523.0,2604968,58.465209553437894
2020-12-31,Alicante,Robos Con Violencia,234.0,2604968,8.98283587360766
2020-12-31,Alicante,Secuestro,1.0,2604968,0.03838818749404983
2020-12-31,Alicante,Sustraccion De Vehiculos,194.0,2604968,7.447308373845667
2020-12-31,Alicante,Trafico De Drogas,119.0,2604968,4.568194311791929
2020-12-31,Barcelona,Delitos Sexuales,432.0,4191220,10.307261370197699
2020-12-31,Barcelona,Homicidios,27.0,4191220,0.6442038356373562
2020-12-31,Barcelona,Hurtos,17312.0,4191220,413.0539556501448
2020-12-31,Barcelona,Lesiones,1401.0,4191220,33.427021249182815
2020-12-31,Barcelona,Robos Con Fuerza,4249.0,4191220,101.37859620826394
2020-12-31,Barcelona,Robos Con Violencia,3503.0,4191220,83.57948282361698
2020-12-31,Barcelona,Secuestro,1.0,4191220,0.02385940131990208
2020-12-31,Barcelona,Sustraccion De Vehiculos,1017.0,4191220,24.265011142340416
2020-12-31,Barcelona,Trafico De Drogas,524.0,4191220,12.50232629162869
2020-12-31,Castellón,Delitos Sexuales,2.0,31681,6.312932041286575
2020-12-31,Castellón,Homicidios,0.0,31681,0.0
2020-12-31,Castellón,Hurtos,41.0,31681,129.4151068463748
2020-12-31,Castellón,Lesiones,0.0,31681,0.0
2020-12-31,Castellón,Robos Con Fuerza,25.0,31681,78.91165051608219
2020-12-31,Castellón,Robos Con Violencia,3.0,31681,9.469398061929864
2020-12-31,Castellón,Secuestro,0.0,31681,0.0
2020-12-31,Castellón,Sustraccion De Vehiculos,0.0,31681,0.0
2020-12-31,Castellón,Trafico De Drogas,1.0,31681,3.1564660206432875
2020-12-31,Madrid,Delitos Sexuales,176.0,2630815,6.689942090188782
2020-12-31,Madrid,Homicidios,19.0,2630815,0.7222096574635617
2020-12-31,Madrid,Hurtos,7450.0,2630815,283.1822077949229
2020-12-31,Madrid,Lesiones,176.0,2630815,6.689942090188782
2020-12-31,Madrid,Robos Con Fuerza,1810.0,2630815,68.79997263205507
2020-12-31,Madrid,Robos Con Violencia,866.0,2630815,32.917555966497076
2020-12-31,Madrid,Secuestro,2.0,2630815,0.0760220692066907
2020-12-31,Madrid,Sustraccion De Vehiculos,551.0,2630815,20.944080066443288
2020-12-31,Madrid,Trafico De Drogas,134.0,2630815,5.093478636848277
2020-12-31,Valencia,Delitos Sexuales,117.0,3116938,3.7536839038825924
2020-12-31,Valencia,Homicidios,13.0,3116938,0.41707598932028805
2020-12-31,Valencia,Hurtos,4858.0,3116938,155.85808893215074
2020-12-31,Valencia,Lesiones,132.0,3116938,4.234925430021387
2020-12-31,Valencia,Robos Con Fuerza,1634.0,3116938,52.42324358071929
2020-12-31,Valencia,Robos Con Violencia,485.0,3116938,15.56014267848767
2020-12-31,Valencia,Secuestro,0.0,3116938,0.0
2020-12-31,Valencia,Sustraccion De Vehiculos,236.0,3116938,7.57153334458369
2020-12-31,Valencia,Trafico De Drogas,104.0,3116938,3.3366079145623044
2021-03-31,Alicante,Delitos Sexuales,114.0,2893487,3.939882916356631
2021-03-31,Alicante,Homicidios,9.0,2893487,0.31104338813341825
2021-03-31,Alicante,Hurtos,2416.0,2893487,83.49786952559317
2021-03-31,Alicante,Lesiones,75.0,2893487,2.592028234445152
2021-03-31,Alicante,Robos Con Fuerza,1694.0,2893487,58.545277722001174
2021-03-31,Alicante,Robos Con Violencia,144.0,2893487,4.976694210134692
2021-03-31,Alicante,Secuestro,1.0,2893487,0.034560376459268696
2021-03-31,Alicante,Sustraccion De Vehiculos,201.0,2893487,6.946635668313008
2021-03-31,Alicante,Trafico De Drogas,180.0,2893487,6.220867762668366
2021-03-31,Barcelona,Delitos Sexuales,536.0,4552866,11.772804207283938
2021-03-31,Barcelona,Homicidios,29.0,4552866,0.6369614216627505
2021-03-31,Barcelona,Hurtos,17430.0,4552866,382.8357786062669
2021-03-31,Barcelona,Lesiones,309.0,4552866,6.786933768751376
2021-03-31,Barcelona,Robos Con Fuerza,4286.0,4552866,94.13850528436375
2021-03-31,Barcelona,Robos Con Violencia,3685.0,4552866,80.93802892507709
2021-03-31,Barcelona,Secuestro,2.0,4552866,0.043928373907775896
2021-03-31,Barcelona,Sustraccion De Vehiculos,918.0,4552866,20.163123623669136
2021-03-31,Barcelona,Trafico De Drogas,601.0,4552866,13.200476359286656
2021-03-31,Castellón,Delitos Sexuales,11.0,113008,9.733824154042193
2021-03-31,Castellón,Homicidios,0.0,113008,0.0
2021-03-31,Castellón,Hurtos,156.0,113008,138.04332436641653
2021-03-31,Castellón,Lesiones,12.0,113008,10.618717258955117
2021-03-31,Castellón,Robos Con Fuerza,147.0,113008,130.0792864222002
2021-03-31,Castellón,Robos Con Violencia,26.0,113008,23.00722072773609
2021-03-31,Castellón,Secuestro,0.0,113008,0.0
2021-03-31,Castellón,Sustraccion De Vehiculos,4.0,113008,3.539572419651706
2021-03-31,Castellón,Trafico De Drogas,4.0,113008,3.539572419651706
2021-03-31,Madrid,Delitos Sexuales,201.0,2820161,7.127252663943654
2021-03-31,Madrid,Homicidios,10.0,2820161,0.3545896847733161
2021-03-31,Madrid,Hurtos,7294.0,2820161,258.63771607365675
2021-03-31,Madrid,Lesiones,195.0,2820161,6.914498853079665
2021-03-31,Madrid,Robos Con Fuerza,1803.0,2820161,63.932520164628905
2021-03-31,Madrid,Robos Con Violencia,840.0,2820161,29.785533520958555
2021-03-31,Madrid,Secuestro,1.0,2820161,0.03545896847733161
2021-03-31,Madrid,Sustraccion De Vehiculos,494.0,2820161,17.516730427801818
2021-03-31,Madrid,Trafico De Drogas,127.0,2820161,4.503288996621115
2021-03-31,Valencia,Delitos Sexuales,184.0,3614719,5.090298858638804
2021-03-31,Valencia,Homicidios,13.0,3614719,0.3596406802299155
2021-03-31,Valencia,Hurtos,5249.0,3614719,145.2118408097559
2021-03-31,Valencia,Lesiones,161.0,3614719,4.454011501308954
2021-03-31,Valencia,Robos Con Fuerza,2068.0,3614719,57.210532824266565
2021-03-31,Valencia,Robos Con Violencia,493.0,3614719,13.638681181026797
2021-03-31,Valencia,Secuestro,0.0,3614719,0.0
2021-03-31,Valencia,Sustraccion De Vehiculos,210.0,3614719,5.809580219098636
2021-03-31,Valencia,Trafico De Drogas,121.0,3614719,3.3474247929092136
2021-06-30,Alicante,Delitos Sexuales,177.0,2893487,6.117186633290559
2021-06-30,Alicante,Homicidios,9.0,2893487,0.31104338813341825
2021-06-30,Alicante,Hurtos,3283.0,2893487,113.46171591577912
2021-06-30,Alicante,Lesiones,162.0,2893487,5.598780986401528
2021-06-30,Alicante,Robos Con Fuerza,1710.0,2893487,59.098243745349464
2021-06-30,Alicante,Robos Con Violencia,243.0,2893487,8.398171479602293
2021-06-30,Alicante,Secuestro,1.0,2893487,0.034560376459268696
2021-06-30,Alicante,Sustraccion De Vehiculos,192.0,2893487,6.63559228017959
2021-06-30,Alicante,Trafico De Drogas,189.0,2893487,6.531911150801783
2021-06-30,Barcelona,Delitos Sexuales,615.0,4552866,13.507974976641087
2021-06-30,Barcelona,Homicidios,41.0,4552866,0.9005316651094057
2021-06-30,Barcelona,Hurtos,21110.0,4552866,463.6639865965746
2021-06-30,Barcelona,Lesiones,455.0,4552866,9.993705064019016
2021-06-30,Barcelona,Robos Con Fuerza,4354.0,4552866,95.63206999722811
2021-06-30,Barcelona,Robos Con Violencia,3959.0,4552866,86.95621615044239
2021-06-30,Barcelona,Secuestro,2.0,4552866,0.043928373907775896
2021-06-30,Barcelona,Sustraccion De Vehiculos,1184.0,4552866,26.00559735340333
2021-06-30,Barcelona,Trafico De Drogas,611.0,4552866,13.420118228825535
2021-06-30,Castellón,Delitos Sexuales,11.0,113008,9.733824154042193
2021-06-30,Castellón,Homicidios,2.0,113008,1.769786209825853
2021-06-30,Castellón,Hurtos,254.0,113008,224.76284864788335
2021-06-30,Castellón,Lesiones,22.0,113008,19.467648308084385
2021-06-30,Castellón,Robos Con Fuerza,139.0,113008,123.00014158289679
2021-06-30,Castellón,Robos Con Violencia,16.0,113008,14.158289678606824
2021-06-30,Castellón,Secuestro,0.0,113008,0.0
2021-06-30,Castellón,Sustraccion De Vehiculos,6.0,113008,5.3093586294775585
2021-06-30,Castellón,Trafico De Drogas,9.0,113008,7.964037944216339
2021-06-30,Madrid,Delitos Sexuales,243.0,2820161,8.616529339991583
2021-06-30,Madrid,Homicidios,10.0,2820161,0.3545896847733161
2021-06-30,Madrid,Hurtos,7719.0,2820161,273.7077776765227
2021-06-30,Madrid,Lesiones,230.0,2820161,8.155562749786272
2021-06-30,Madrid,Robos Con Fuerza,1850.0,2820161,65.59909168306348
2021-06-30,Madrid,Robos Con Violencia,685.0,2820161,24.289393406972156
2021-06-30,Madrid,Secuestro,1.0,2820161,0.03545896847733161
2021-06-30,Madrid,Sustraccion De Vehiculos,546.0,2820161,19.36059678862306
2021-06-30,Madrid,Trafico De Drogas,173.0,2820161,6.13440154657837
2021-06-30,Valencia,Delitos Sexuales,226.0,3614719,6.252214902458531
2021-06-30,Valencia,Homicidios,21.0,3614719,0.5809580219098635
2021-06-30,Valencia,Hurtos,7167.0,3614719,198.27267347752343
2021-06-30,Valencia,Lesiones,243.0,3614719,6.722514253528422
2021-06-30,Valencia,Robos Con Fuerza,2046.0,3614719,56.6019101346467
2021-06-30,Valencia,Robos Con Violencia,633.0,3614719,17.511734660425887
2021-06-30,Valencia,Secuestro,1.0,3614719,0.027664667709993502
2021-06-30,Valencia,Sustraccion De Vehiculos,264.0,3614719,7.303472275438284
2021-06-30,Valencia,Trafico De Drogas,170.0,3614719,4.702993510698895
2021-09-30,Alicante,Delitos Sexuales,247.0,2893487,8.536412985439368
2021-09-30,Alicante,Homicidios,12.0,2893487,0.41472451751122436
2021-09-30,Alicante,Hurtos,4996.0,2893487,172.6636407905064
2021-09-30,Alicante,Lesiones,217.0,2893487,7.499601691661307
2021-09-30,Alicante,Robos Con Fuerza,2063.0,2893487,71.29805663547133
2021-09-30,Alicante,Robos Con Violencia,309.0,2893487,10.679156325914027
2021-09-30,Alicante,Secuestro,1.0,2893487,0.034560376459268696
2021-09-30,Alicante,Sustraccion De Vehiculos,242.0,2893487,8.363611103143025
2021-09-30,Alicante,Trafico De Drogas,206.0,2893487,7.1194375506093515
2021-09-30,Barcelona,Delitos Sexuales,650.0,4552866,14.276721520027166
2021-09-30,Barcelona,Homicidios,39.0,4552866,0.8566032912016298
2021-09-30,Barcelona,Hurtos,25122.0,4552866,551.784304655573
2021-09-30,Barcelona,Lesiones,536.0,4552866,11.772804207283938
2021-09-30,Barcelona,Robos Con Fuerza,6019.0,4552866,132.20244127545155
2021-09-30,Barcelona,Robos Con Violencia,4860.0,4552866,106.74594859589543
2021-09-30,Barcelona,Secuestro,2.0,4552866,0.043928373907775896
2021-09-30,Barcelona,Sustraccion De Vehiculos,1165.0,4552866,25.588277801279457
2021-09-30,Barcelona,Trafico De Drogas,642.0,4552866,14.101008024396062
2021-09-30,Castellón,Delitos Sexuales,16.0,113008,14.158289678606824
2021-09-30,Castellón,Homicidios,0.0,113008,0.0
2021-09-30,Castellón,Hurtos,297.0,113008,262.81325215913915
2021-09-30,Castellón,Lesiones,22.0,113008,19.467648308084385
2021-09-30,Castellón,Robos Con Fuerza,143.0,113008,126.53971400254848
2021-09-30,Castellón,Robos Con Violencia,25.0,113008,22.122327622823164
2021-09-30,Castellón,Secuestro,0.0,113008,0.0
2021-09-30,Castellón,Sustraccion De Vehiculos,9.0,113008,7.964037944216339
2021-09-30,Castellón,Trafico De Drogas,8.0,113008,7.079144839303412
2021-09-30,Madrid,Delitos Sexuales,280.0,2820161,9.92851117365285
2021-09-30,Madrid,Homicidios,9.0,2820161,0.3191307162959845
2021-09-30,Madrid,Hurtos,7512.0,2820161,266.3677712017151
2021-09-30,Madrid,Lesiones,265.0,2820161,9.396626646492878
2021-09-30,Madrid,Robos Con Fuerza,2154.0,2820161,76.37861810017229
2021-09-30,Madrid,Robos Con Violencia,782.0,2820161,27.72891334927332
2021-09-30,Madrid,Secuestro,1.0,2820161,0.03545896847733161
2021-09-30,Madrid,Sustraccion De Vehiculos,579.0,2820161,20.530742748375005
2021-09-30,Madrid,Trafico De Drogas,138.0,2820161,4.8933376498717625
2021-09-30,Valencia,Delitos Sexuales,264.0,3614719,7.303472275438284
2021-09-30,Valencia,Homicidios,12.0,3614719,0.331976012519922
2021-09-30,Valencia,Hurtos,9060.0,3614719,250.6418894525411
2021-09-30,Valencia,Lesiones,259.0,3614719,7.1651489368883166
2021-09-30,Valencia,Robos Con Fuerza,2498.0,3614719,69.10633993956377
2021-09-30,Valencia,Robos Con Violencia,720.0,3614719,19.91856075119532
2021-09-30,Valencia,Secuestro,0.0,3614719,0.0
2021-09-30,Valencia,Sustraccion De Vehiculos,319.0,3614719,8.825028999487927
2021-09-30,Valencia,Trafico De Drogas,159.0,3614719,4.3986821658889665
2021-12-31,Alicante,Delitos Sexuales,192.0,2893487,6.63559228017959
2021-12-31,Alicante,Homicidios,12.0,2893487,0.41472451751122436
2021-12-31,Alicante,Hurtos,3888.0,2893487,134.3707436736367
2021-12-31,Alicante,Lesiones,232.0,2893487,8.018007338550337
2021-12-31,Alicante,Robos Con Fuerza,1817.0,2893487,62.79620402649122
2021-12-31,Alicante,Robos Con Violencia,294.0,2893487,10.160750679024996
2021-12-31,Alicante,Secuestro,1.0,2893487,0.034560376459268696
2021-12-31,Alicante,Sustraccion De Vehiculos,178.0,2893487,6.151747009749828
2021-12-31,Alicante,Trafico De Drogas,195.0,2893487,6.739273409557396
2021-12-31,Barcelona,Delitos Sexuales,607.0,4552866,13.332261481009985
2021-12-31,Barcelona,Homicidios,38.0,4552866,0.834639104247742
2021-12-31,Barcelona,Hurtos,27470.0,4552866,603.3562156233019
2021-12-31,Barcelona,Lesiones,527.0,4552866,11.575126524698948
2021-12-31,Barcelona,Robos Con Fuerza,5692.0,4552866,125.02015214153018
2021-12-31,Barcelona,Robos Con Violencia,5171.0,4552866,113.57681073855457
2021-12-31,Barcelona,Secuestro,0.0,4552866,0.0
2021-12-31,Barcelona,Sustraccion De Vehiculos,1374.0,4552866,30.178792874642042
2021-12-31,Barcelona,Trafico De Drogas,621.0,4552866,13.639760098364416
2021-12-31,Castellón,Delitos Sexuales,11.0,113008,9.733824154042193
2021-12-31,Castellón,Homicidios,0.0,113008,0.0
2021-12-31,Castellón,Hurtos,310.0,113008,274.3168625230072
2021-12-31,Castellón,Lesiones,14.0,113008,12.388503468780971
2021-12-31,Castellón,Robos Con Fuerza,141.0,113008,124.76992779272265
2021-12-31,Castellón,Robos Con Violencia,22.0,113008,19.467648308084385
2021-12-31,Castellón,Secuestro,1.0,113008,0.8848931049129265
2021-12-31,Castellón,Sustraccion De Vehiculos,6.0,113008,5.3093586294775585
2021-12-31,Castellón,Trafico De Drogas,7.0,113008,6.194251734390486
2021-12-31,Madrid,Delitos Sexuales,246.0,2820161,8.722906245423577
2021-12-31,Madrid,Homicidios,20.0,2820161,0.7091793695466322
2021-12-31,Madrid,Hurtos,9023.0,2820161,319.9462725709631
2021-12-31,Madrid,Lesiones,261.0,2820161,9.254790772583553
2021-12-31,Madrid,Robos Con Fuerza,1993.0,2820161,70.6697241753219
2021-12-31,Madrid,Robos Con Violencia,879.0,2820161,31.168433291574487
2021-12-31,Madrid,Secuestro,0.0,2820161,0.0
2021-12-31,Madrid,Sustraccion De Vehiculos,671.0,2820161,23.79296784828951
2021-12-31,Madrid,Trafico De Drogas,120.0,2820161,4.255076217279793
2021-12-31,Valencia,Delitos Sexuales,245.0,3614719,6.777843588948408
2021-12-31,Valencia,Homicidios,27.0,3614719,0.7469460281698246
2021-12-31,Valencia,Hurtos,8186.0,3614719,226.46296987400683
2021-12-31,Valencia,Lesiones,278.0,3614719,7.690777623378194
2021-12-31,Valencia,Robos Con Fuerza,2532.0,3614719,70.04693864170355
2021-12-31,Valencia,Robos Con Violencia,849.0,3614719,23.487302885784484
2021-12-31,Valencia,Secuestro,0.0,3614719,0.0
2021-12-31,Valencia,Sustraccion De Vehiculos,319.0,3614719,8.825028999487927
2021-12-31,Valencia,Trafico De Drogas,172.0,3614719,4.758322846118882
2022-03-31,Alicante,Delitos Sexuales,192.0,2923036,6.568513011813745
2022-03-31,Alicante,Homicidios,14.0,2923036,0.4789540737780855
2022-03-31,Alicante,Hurtos,3701.0,2923036,126.61493050376389
2022-03-31,Alicante,Lesiones,175.0,2923036,5.986925922226069
2022-03-31,Alicante,Robos Con Fuerza,1893.0,2923036,64.76143297585114
2022-03-31,Alicante,Robos Con Violencia,278.0,2923036,9.510659465021984
2022-03-31,Alicante,Secuestro,0.0,2923036,0.0
2022-03-31,Alicante,Sustraccion De Vehiculos,192.0,2923036,6.568513011813745
2022-03-31,Alicante,Trafico De Drogas,168.0,2923036,5.747448885337026
2022-03-31,Barcelona,Delitos Sexuales,615.0,4554721,13.502473587295468
2022-03-31,Barcelona,Homicidios,29.0,4554721,0.636702006555396
2022-03-31,Barcelona,Hurtos,27433.0,4554721,602.2981429597993
2022-03-31,Barcelona,Lesiones,481.0,4554721,10.560471212177431
2022-03-31,Barcelona,Robos Con Fuerza,6180.0,4554721,135.68339312111544
2022-03-31,Barcelona,Robos Con Violencia,4982.0,4554721,109.38101367789596
2022-03-31,Barcelona,Secuestro,0.0,4554721,0.0
2022-03-31,Barcelona,Sustraccion De Vehiculos,1257.0,4554721,27.59773869793562
2022-03-31,Barcelona,Trafico De Drogas,666.0,4554721,14.622190909168753
2022-03-31,Castellón,Delitos Sexuales,7.0,113387,6.173547232046002
2022-03-31,Castellón,Homicidios,1.0,113387,0.8819353188637145
2022-03-31,Castellón,Hurtos,251.0,113387,221.36576503479236
2022-03-31,Castellón,Lesiones,19.0,113387,16.75677105841058
2022-03-31,Castellón,Robos Con Fuerza,184.0,113387,162.27609867092346
2022-03-31,Castellón,Robos Con Violencia,21.0,113387,18.520641696138004
2022-03-31,Castellón,Secuestro,0.0,113387,0.0
2022-03-31,Castellón,Sustraccion De Vehiculos,5.0,113387,4.409676594318572
2022-03-31,Castellón,Trafico De Drogas,6.0,113387,5.291611913182288
2022-03-31,Madrid,Delitos Sexuales,193.0,2835255,6.8071478579528115
2022-03-31,Madrid,Homicidios,14.0,2835255,0.49378274617274287
2022-03-31,Madrid,Hurtos,9189.0,2835255,324.0978324700953
2022-03-31,Madrid,Lesiones,246.0,2835255,8.676468254178197
2022-03-31,Madrid,Robos Con Fuerza,2084.0,2835255,73.5030887874283
2022-03-31,Madrid,Robos Con Violencia,798.0,2835255,28.145616531846343
2022-03-31,Madrid,Secuestro,1.0,2835255,0.035270196155195915
2022-03-31,Madrid,Sustraccion De Vehiculos,752.0,2835255,26.523187508707327
2022-03-31,Madrid,Trafico De Drogas,139.0,2835255,4.9025572655722325
2022-03-31,Valencia,Delitos Sexuales,212.0,3638072,5.8272623521469615
2022-03-31,Valencia,Homicidios,12.0,3638072,0.3298450388007714
2022-03-31,Valencia,Hurtos,8342.0,3638072,229.2972761396696
2022-03-31,Valencia,Lesiones,253.0,3638072,6.95423290138293
2022-03-31,Valencia,Robos Con Fuerza,2469.0,3638072,67.86561673325872
2022-03-31,Valencia,Robos Con Violencia,859.0,3638072,23.611407360821886
2022-03-31,Valencia,Secuestro,1.0,3638072,0.027487086566730948
2022-03-31,Valencia,Sustraccion De Vehiculos,374.0,3638072,10.280170375957375
2022-03-31,Valencia,Trafico De Drogas,147.0,3638072,4.0406017253094495
2022-06-30,Alicante,Delitos Sexuales,229.0,2923036,7.834320206798685
2022-06-30,Alicante,Homicidios,12.0,2923036,0.41053206323835906
2022-06-30,Alicante,Hurtos,4732.0,2923036,161.88647693699292
2022-06-30,Alicante,Lesiones,218.0,2923036,7.457999148830189
2022-06-30,Alicante,Robos Con Fuerza,1975.0,2923036,67.56673540797992
2022-06-30,Alicante,Robos Con Violencia,303.0,2923036,10.365934596768566
2022-06-30,Alicante,Secuestro,2.0,2923036,0.0684220105397265
2022-06-30,Alicante,Sustraccion De Vehiculos,192.0,2923036,6.568513011813745
2022-06-30,Alicante,Trafico De Drogas,230.0,2923036,7.868531212068548
2022-06-30,Barcelona,Delitos Sexuales,688.0,4554721,15.105206224486636
2022-06-30,Barcelona,Homicidios,43.0,4554721,0.9440753890304148
2022-06-30,Barcelona,Hurtos,31199.0,4554721,684.9815828455793
2022-06-30,Barcelona,Lesiones,621.0,4554721,13.634205036927618
2022-06-30,Barcelona,Robos Con Fuerza,5524.0,4554721,121.28075462800025
2022-06-30,Barcelona,Robos Con Violencia,5268.0,4554721,115.66021277702849
2022-06-30,Barcelona,Secuestro,3.0,4554721,0.06586572481607546
2022-06-30,Barcelona,Sustraccion De Vehiculos,1307.0,4554721,28.69550077820354
2022-06-30,Barcelona,Trafico De Drogas,670.0,4554721,14.710011875590183
2022-06-30,Castellón,Delitos Sexuales,14.0,113387,12.347094464092004
2022-06-30,Castellón,Homicidios,1.0,113387,0.8819353188637145
2022-06-30,Castellón,Hurtos,296.0,113387,261.0528543836595
2022-06-30,Castellón,Lesiones,33.0,113387,29.10386552250258
2022-06-30,Castellón,Robos Con Fuerza,183.0,113387,161.39416335205976
2022-06-30,Castellón,Robos Con Violencia,20.0,113387,17.63870637727429
2022-06-30,Castellón,Secuestro,0.0,113387,0.0
2022-06-30,Castellón,Sustraccion De Vehiculos,4.0,113387,3.527741275454858
2022-06-30,Castellón,Trafico De Drogas,1.0,113387,0.8819353188637145
2022-06-30,Madrid,Delitos Sexuales,278.0,2835255,9.805114531144465
2022-06-30,Madrid,Homicidios,11.0,2835255,0.3879721577071551
2022-06-30,Madrid,Hurtos,8899.0,2835255,313.8694755850884
2022-06-30,Madrid,Lesiones,294.0,2835255,10.3694376696276
2022-06-30,Madrid,Robos Con Fuerza,1806.0,2835255,63.69797425628382
2022-06-30,Madrid,Robos Con Violencia,843.0,2835255,29.732775358830157
2022-06-30,Madrid,Secuestro,3.0,2835255,0.10581058846558776
2022-06-30,Madrid,Sustraccion De Vehiculos,662.0,2835255,23.348869854739696
2022-06-30,Madrid,Trafico De Drogas,190.0,2835255,6.701337269487224
2022-06-30,Valencia,Delitos Sexuales,290.0,3638072,7.971255104351976
2022-06-30,Valencia,Homicidios,16.0,3638072,0.43979338506769516
2022-06-30,Valencia,Hurtos,8786.0,3638072,241.50154257529815
2022-06-30,Valencia,Lesiones,291.0,3638072,7.998742190918707
2022-06-30,Valencia,Robos Con Fuerza,2358.0,3638072,64.81455012435158
2022-06-30,Valencia,Robos Con Violencia,755.0,3638072,20.752750357881865
2022-06-30,Valencia,Secuestro,2.0,3638072,0.054974173133461895
2022-06-30,Valencia,Sustraccion De Vehiculos,394.0,3638072,10.829912107291994
2022-06-30,Valencia,Trafico De Drogas,166.0,3638072,4.562856370077338
2022-09-30,Alicante,Delitos Sexuales,294.0,2923036,10.058035549339795
2022-09-30,Alicante,Homicidios,12.0,2923036,0.41053206323835906
2022-09-30,Alicante,Hurtos,6256.0,2923036,214.0240489682645
2022-09-30,Alicante,Lesiones,295.0,2923036,10.092246554609659
2022-09-30,Alicante,Robos Con Fuerza,2316.0,2923036,79.2326882050033
2022-09-30,Alicante,Robos Con Violencia,382.0,2923036,13.068604013087763
2022-09-30,Alicante,Secuestro,1.0,2923036,0.03421100526986325
2022-09-30,Alicante,Sustraccion De Vehiculos,296.0,2923036,10.126457559879523
2022-09-30,Alicante,Trafico De Drogas,247.0,2923036,8.450118301656223
2022-09-30,Barcelona,Delitos Sexuales,756.0,4554721,16.598162653651013
2022-09-30,Barcelona,Homicidios,35.0,4554721,0.768433456187547
2022-09-30,Barcelona,Hurtos,34347.0,4554721,754.0966834192478
2022-09-30,Barcelona,Lesiones,706.0,4554721,15.50040057338309
2022-09-30,Barcelona,Robos Con Fuerza,7228.0,4554721,158.69248632353114
2022-09-30,Barcelona,Robos Con Violencia,5712.0,4554721,125.40834004980766
2022-09-30,Barcelona,Secuestro,1.0,4554721,0.021955241605358486
2022-09-30,Barcelona,Sustraccion De Vehiculos,1486.0,4554721,32.62548902556271
2022-09-30,Barcelona,Trafico De Drogas,589.0,4554721,12.931637305556146
2022-09-30,Castellón,Delitos Sexuales,15.0,113387,13.229029782955719
2022-09-30,Castellón,Homicidios,1.0,113387,0.8819353188637145
2022-09-30,Castellón,Hurtos,334.0,113387,294.56639650048066
2022-09-30,Castellón,Lesiones,37.0,113387,32.63160679795744
2022-09-30,Castellón,Robos Con Fuerza,255.0,113387,224.8935063102472
2022-09-30,Castellón,Robos Con Violencia,19.0,113387,16.75677105841058
2022-09-30,Castellón,Secuestro,0.0,113387,0.0
2022-09-30,Castellón,Sustraccion De Vehiculos,7.0,113387,6.173547232046002
2022-09-30,Castellón,Trafico De Drogas,5.0,113387,4.409676594318572
2022-09-30,Madrid,Delitos Sexuales,299.0,2835255,10.54578865040358
2022-09-30,Madrid,Homicidios,17.0,2835255,0.5995933346383306
2022-09-30,Madrid,Hurtos,8063.0,2835255,284.3835915993447
2022-09-30,Madrid,Lesiones,263.0,2835255,9.276061588816525
2022-09-30,Madrid,Robos Con Fuerza,2186.0,2835255,77.10064879525827
2022-09-30,Madrid,Robos Con Violencia,795.0,2835255,28.039805943380756
2022-09-30,Madrid,Secuestro,1.0,2835255,0.035270196155195915
2022-09-30,Madrid,Sustraccion De Vehiculos,589.0,2835255,20.774145535410394
2022-09-30,Madrid,Trafico De Drogas,163.0,2835255,5.749041973296934
2022-09-30,Valencia,Delitos Sexuales,227.0,3638072,6.239568650647926
2022-09-30,Valencia,Homicidios,19.0,3638072,0.5222546447678881
2022-09-30,Valencia,Hurtos,8611.0,3638072,236.6913024261202
2022-09-30,Valencia,Lesiones,332.0,3638072,9.125712740154675
2022-09-30,Valencia,Robos Con Fuerza,2221.0,3638072,61.048819264709444
2022-09-30,Valencia,Robos Con Violencia,758.0,3638072,20.835211617582058
2022-09-30,Valencia,Secuestro,0.0,3638072,0.0
2022-09-30,Valencia,Sustraccion De Vehiculos,309.0,3638072,8.493509749119864
2022-09-30,Valencia,Trafico De Drogas,187.0,3638072,5.140085187978688
2022-12-31,Alicante,Delitos Sexuales,112.0,2923036,3.831632590224684
2022-12-31,Alicante,Homicidios,16.0,2923036,0.547376084317812
2022-12-31,Alicante,Hurtos,4657.0,2923036,159.32065154175316
2022-12-31,Alicante,Lesiones,171.0,2923036,5.850081901146616
2022-12-31,Alicante,Robos Con Fuerza,1964.0,2923036,67.19041435001142
2022-12-31,Alicante,Robos Con Violencia,318.0,2923036,10.879099675816514
2022-12-31,Alicante,Secuestro,0.0,2923036,0.0
2022-12-31,Alicante,Sustraccion De Vehiculos,290.0,2923036,9.921191528260344
2022-12-31,Alicante,Trafico De Drogas,181.0,2923036,6.192191953845248
2022-12-31,Barcelona,Delitos Sexuales,568.0,4554721,12.470577231843619
2022-12-31,Barcelona,Homicidios,42.0,4554721,0.9221201474250564
2022-12-31,Barcelona,Hurtos,33341.0,4554721,732.0097103642572
2022-12-31,Barcelona,Lesiones,590.0,4554721,12.953592547161504
2022-12-31,Barcelona,Robos Con Fuerza,6472.0,4554721,142.0943236698801
2022-12-31,Barcelona,Robos Con Violencia,5728.0,4554721,125.7596239154934
2022-12-31,Barcelona,Secuestro,2.0,4554721,0.04391048321071697
2022-12-31,Barcelona,Sustraccion De Vehiculos,1594.0,4554721,34.99665511894142
2022-12-31,Barcelona,Trafico De Drogas,634.0,4554721,13.919623177797277
2022-12-31,Castellón,Delitos Sexuales,9.0,113387,7.937417869773431
2022-12-31,Castellón,Homicidios,1.0,113387,0.8819353188637145
2022-12-31,Castellón,Hurtos,308.0,113387,271.63607821002404
2022-12-31,Castellón,Lesiones,28.0,113387,24.69418892818401
2022-12-31,Castellón,Robos Con Fuerza,230.0,113387,202.84512333865433
2022-12-31,Castellón,Robos Con Violencia,8.0,113387,7.055482550909716
2022-12-31,Castellón,Secuestro,0.0,113387,0.0
2022-12-31,Castellón,Sustraccion De Vehiculos,4.0,113387,3.527741275454858
2022-12-31,Castellón,Trafico De Drogas,12.0,113387,10.583223826364575
2022-12-31,Madrid,Delitos Sexuales,190.0,2835255,6.701337269487224
2022-12-31,Madrid,Homicidios,20.0,2835255,0.7054039231039183
2022-12-31,Madrid,Hurtos,9566.0,2835255,337.39469642060413
2022-12-31,Madrid,Lesiones,261.0,2835255,9.205521196506135
2022-12-31,Madrid,Robos Con Fuerza,2120.0,2835255,74.77281584901534
2022-12-31,Madrid,Robos Con Violencia,746.0,2835255,26.311566331776152
2022-12-31,Madrid,Secuestro,2.0,2835255,0.07054039231039183
2022-12-31,Madrid,Sustraccion De Vehiculos,611.0,2835255,21.550089850824705
2022-12-31,Madrid,Trafico De Drogas,135.0,2835255,4.7614764809514485
2022-12-31,Valencia,Delitos Sexuales,202.0,3638072,5.552391486479652
2022-12-31,Valencia,Homicidios,25.0,3638072,0.6871771641682737
2022-12-31,Valencia,Hurtos,9441.0,3638072,259.5055842765069
2022-12-31,Valencia,Lesiones,286.0,3638072,7.8613067580850515
2022-12-31,Valencia,Robos Con Fuerza,2925.0,3638072,80.39972820768803
2022-12-31,Valencia,Robos Con Violencia,876.0,3638072,24.07868783245631
2022-12-31,Valencia,Secuestro,1.0,3638072,0.027487086566730948
2022-12-31,Valencia,Sustraccion De Vehiculos,369.0,3638072,10.14273494312372
2022-12-31,Valencia,Trafico De Drogas,250.0,3638072,6.871771641682738
2023-03-31,Alicante,Delitos Sexuales,188.0,2995949,6.275140197646889
2023-03-31,Alicante,Homicidios,14.0,2995949,0.4672976742928534
2023-03-31,Alicante,Hurtos,4488.0,2995949,149.80228301616614
2023-03-31,Alicante,Lesiones,181.0,2995949,6.041491360500462
2023-03-31,Alicante,Robos Con Fuerza,1998.0,2995949,66.69005380265152
2023-03-31,Alicante,Robos Con Violencia,339.0,2995949,11.31527939894838
2023-03-31,Alicante,Secuestro,0.0,2995949,0.0
2023-03-31,Alicante,Sustraccion De Vehiculos,242.0,2995949,8.077574084205038
2023-03-31,Alicante,Trafico De Drogas,219.0,2995949,7.309870762152493
2023-03-31,Barcelona,Delitos Sexuales,776.0,4616598,16.80891426977181
2023-03-31,Barcelona,Homicidios,46.0,4616598,0.9964047118679166
2023-03-31,Barcelona,Hurtos,34096.0,4616598,738.5525012140974
2023-03-31,Barcelona,Lesiones,503.0,4616598,10.895468914555698
2023-03-31,Barcelona,Robos Con Fuerza,6395.0,4616598,138.52191592163754
2023-03-31,Barcelona,Robos Con Violencia,5356.0,4616598,116.0161660166209
2023-03-31,Barcelona,Secuestro,2.0,4616598,0.04332194399425724
2023-03-31,Barcelona,Sustraccion De Vehiculos,1586.0,4616598,34.354301587445995
2023-03-31,Barcelona,Trafico De Drogas,696.0,4616598,15.076036510001522
2023-03-31,Castellón,Delitos Sexuales,10.0,115525,8.656135035706557
2023-03-31,Castellón,Homicidios,1.0,115525,0.8656135035706558
2023-03-31,Castellón,Hurtos,326.0,115525,282.19000216403373
2023-03-31,Castellón,Lesiones,17.0,115525,14.715429560701148
2023-03-31,Castellón,Robos Con Fuerza,182.0,115525,157.54165764985933
2023-03-31,Castellón,Robos Con Violencia,22.0,115525,19.043497078554424
2023-03-31,Castellón,Secuestro,0.0,115525,0.0
2023-03-31,Castellón,Sustraccion De Vehiculos,5.0,115525,4.328067517853278
2023-03-31,Castellón,Trafico De Drogas,5.0,115525,4.328067517853278
2023-03-31,Madrid,Delitos Sexuales,228.0,2881342,7.912979438053518
2023-03-31,Madrid,Homicidios,12.0,2881342,0.4164726020028167
2023-03-31,Madrid,Hurtos,9086.0,2881342,315.3391718164661
2023-03-31,Madrid,Lesiones,254.0,2881342,8.815336742392955
2023-03-31,Madrid,Robos Con Fuerza,2174.0,2881342,75.45095306284364
2023-03-31,Madrid,Robos Con Violencia,718.0,2881342,24.9189440198352
2023-03-31,Madrid,Secuestro,5.0,2881342,0.17353025083450696
2023-03-31,Madrid,Sustraccion De Vehiculos,667.0,2881342,23.14893546132323
2023-03-31,Madrid,Trafico De Drogas,164.0,2881342,5.691792227371829
2023-03-31,Valencia,Delitos Sexuales,226.0,3730927,6.05747579622973
2023-03-31,Valencia,Homicidios,15.0,3730927,0.4020448537320618
2023-03-31,Valencia,Hurtos,9769.0,3730927,261.83841174056744
2023-03-31,Valencia,Lesiones,277.0,3730927,7.424428298918741
2023-03-31,Valencia,Robos Con Fuerza,2546.0,3730927,68.24041317345528
2023-03-31,Valencia,Robos Con Violencia,846.0,3730927,22.675329750488284
2023-03-31,Valencia,Secuestro,2.0,3730927,0.05360598049760824
2023-03-31,Valencia,Sustraccion De Vehiculos,298.0,3730927,7.987291094143627
2023-03-31,Valencia,Trafico De Drogas,257.0,3730927,6.888368493942658
2023-06-30,Alicante,Delitos Sexuales,235.0,2995949,7.843925247058611
2023-06-30,Alicante,Homicidios,19.0,2995949,0.6341897008260153
2023-06-30,Alicante,Hurtos,5605.0,2995949,187.08596174367455
2023-06-30,Alicante,Lesiones,242.0,2995949,8.077574084205038
2023-06-30,Alicante,Robos Con Fuerza,1929.0,2995949,64.38694383649388
2023-06-30,Alicante,Robos Con Violencia,456.0,2995949,15.22055281982437
2023-06-30,Alicante,Secuestro,0.0,2995949,0.0
2023-06-30,Alicante,Sustraccion De Vehiculos,280.0,2995949,9.34595348585707
2023-06-30,Alicante,Trafico De Drogas,278.0,2995949,9.279196675243805
2023-06-30,Barcelona,Delitos Sexuales,1003.0,4616598,21.725954913120006
2023-06-30,Barcelona,Homicidios,49.0,4616598,1.0613876278593026
2023-06-30,Barcelona,Hurtos,32434.0,4616598,702.5519657548697
2023-06-30,Barcelona,Lesiones,605.0,4616598,13.104888058262814
2023-06-30,Barcelona,Robos Con Fuerza,5685.0,4616598,123.14262580367622
2023-06-30,Barcelona,Robos Con Violencia,5270.0,4616598,114.15332242486784
2023-06-30,Barcelona,Secuestro,2.0,4616598,0.04332194399425724
2023-06-30,Barcelona,Sustraccion De Vehiculos,1615.0,4616598,34.98246977536272
2023-06-30,Barcelona,Trafico De Drogas,725.0,4616598,15.704204697918252
2023-06-30,Castellón,Delitos Sexuales,23.0,115525,19.90911058212508
2023-06-30,Castellón,Homicidios,1.0,115525,0.8656135035706558
2023-06-30,Castellón,Hurtos,368.0,115525,318.5457693140013
2023-06-30,Castellón,Lesiones,33.0,115525,28.56524561783164
2023-06-30,Castellón,Robos Con Fuerza,191.0,115525,165.33217918199523
2023-06-30,Castellón,Robos Con Violencia,33.0,115525,28.56524561783164
2023-06-30,Castellón,Secuestro,0.0,115525,0.0
2023-06-30,Castellón,Sustraccion De Vehiculos,5.0,115525,4.328067517853278
2023-06-30,Castellón,Trafico De Drogas,8.0,115525,6.9249080285652465
2023-06-30,Madrid,Delitos Sexuales,324.0,2881342,11.244760254076052
2023-06-30,Madrid,Homicidios,17.0,2881342,0.5900028528373237
2023-06-30,Madrid,Hurtos,9029.0,2881342,313.3609269569527
2023-06-30,Madrid,Lesiones,276.0,2881342,9.578869846064785
2023-06-30,Madrid,Robos Con Fuerza,1971.0,2881342,68.40562487896266
2023-06-30,Madrid,Robos Con Violencia,777.0,2881342,26.966600979682383
2023-06-30,Madrid,Secuestro,2.0,2881342,0.06941210033380278
2023-06-30,Madrid,Sustraccion De Vehiculos,682.0,2881342,23.66952621382675
2023-06-30,Madrid,Trafico De Drogas,219.0,2881342,7.600624986551405
2023-06-30,Valencia,Delitos Sexuales,245.0,3730927,6.5667326109570086
2023-06-30,Valencia,Homicidios,17.0,3730927,0.45565083422967
2023-06-30,Valencia,Hurtos,8824.0,3730927,236.5095859554475
2023-06-30,Valencia,Lesiones,342.0,3730927,9.166622665091008
2023-06-30,Valencia,Robos Con Fuerza,2313.0,3730927,61.99531644548392
2023-06-30,Valencia,Robos Con Violencia,777.0,3730927,20.8259234233208
2023-06-30,Valencia,Secuestro,3.0,3730927,0.08040897074641236
2023-06-30,Valencia,Sustraccion De Vehiculos,292.0,3730927,7.826473152650802
2023-06-30,Valencia,Trafico De Drogas,266.0,3730927,7.129595406181895
2023-09-30,Alicante,Delitos Sexuales,278.0,2995949,9.279196675243805
2023-09-30,Alicante,Homicidios,19.0,2995949,0.6341897008260153
2023-09-30,Alicante,Hurtos,6851.0,2995949,228.6754547557385
2023-09-30,Alicante,Lesiones,296.0,2995949,9.880007970763186
2023-09-30,Alicante,Robos Con Fuerza,2305.0,2995949,76.93722423178765
2023-09-30,Alicante,Robos Con Violencia,463.0,2995949,15.454201656970795
2023-09-30,Alicante,Secuestro,3.0,2995949,0.10013521591989717
2023-09-30,Alicante,Sustraccion De Vehiculos,319.0,2995949,10.647711292815732
2023-09-30,Alicante,Trafico De Drogas,236.0,2995949,7.877303652365244
2023-09-30,Barcelona,Delitos Sexuales,985.0,4616598,21.33605741717169
2023-09-30,Barcelona,Homicidios,36.0,4616598,0.7797949918966303
2023-09-30,Barcelona,Hurtos,34392.0,4616598,744.9641489252475
2023-09-30,Barcelona,Lesiones,676.0,4616598,14.642817070058948
2023-09-30,Barcelona,Robos Con Fuerza,6709.0,4616598,145.32346112873591
2023-09-30,Barcelona,Robos Con Violencia,5809.0,4616598,125.82858633132015
2023-09-30,Barcelona,Secuestro,3.0,4616598,0.06498291599138586
2023-09-30,Barcelona,Sustraccion De Vehiculos,1627.0,4616598,35.24240143932827
2023-09-30,Barcelona,Trafico De Drogas,673.0,4616598,14.577834154067562
2023-09-30,Castellón,Delitos Sexuales,23.0,115525,19.90911058212508
2023-09-30,Castellón,Homicidios,1.0,115525,0.8656135035706558
2023-09-30,Castellón,Hurtos,373.0,115525,322.8738368318546
2023-09-30,Castellón,Lesiones,31.0,115525,26.834018610690325
2023-09-30,Castellón,Robos Con Fuerza,161.0,115525,139.36377407487555
2023-09-30,Castellón,Robos Con Violencia,17.0,115525,14.715429560701148
2023-09-30,Castellón,Secuestro,0.0,115525,0.0
2023-09-30,Castellón,Sustraccion De Vehiculos,5.0,115525,4.328067517853278
2023-09-30,Castellón,Trafico De Drogas,8.0,115525,6.9249080285652465
2023-09-30,Madrid,Delitos Sexuales,286.0,2881342,9.9259303477338
2023-09-30,Madrid,Homicidios,13.0,2881342,0.45117865216971814
2023-09-30,Madrid,Hurtos,7822.0,2881342,271.4707244055027
2023-09-30,Madrid,Lesiones,312.0,2881342,10.828287652073236
2023-09-30,Madrid,Robos Con Fuerza,2177.0,2881342,75.55507121334433
2023-09-30,Madrid,Robos Con Violencia,695.0,2881342,24.12070486599647
2023-09-30,Madrid,Secuestro,0.0,2881342,0.0
2023-09-30,Madrid,Sustraccion De Vehiculos,584.0,2881342,20.268333297470416
2023-09-30,Madrid,Trafico De Drogas,178.0,2881342,6.177676929708449
2023-09-30,Valencia,Delitos Sexuales,320.0,3730927,8.576956879617319
2023-09-30,Valencia,Homicidios,26.0,3730927,0.696877746468907
2023-09-30,Valencia,Hurtos,9500.0,3730927,254.6284073636391
2023-09-30,Valencia,Lesiones,319.0,3730927,8.550153889368513
2023-09-30,Valencia,Robos Con Fuerza,2234.0,3730927,59.877880215828405
2023-09-30,Valencia,Robos Con Violencia,723.0,3730927,19.378561949885377
2023-09-30,Valencia,Secuestro,0.0,3730927,0.0
2023-09-30,Valencia,Sustraccion De Vehiculos,273.0,3730927,7.317216337923524
2023-09-30,Valencia,Trafico De Drogas,266.0,3730927,7.129595406181895
2023-12-31,Alicante,Delitos Sexuales,195.0,2995949,6.508789034793317
2023-12-31,Alicante,Homicidios,10.0,2995949,0.3337840530663239
2023-12-31,Alicante,Hurtos,4952.0,2995949,165.28986307844357
2023-12-31,Alicante,Lesiones,224.0,2995949,7.4767627886856545
2023-12-31,Alicante,Robos Con Fuerza,2301.0,2995949,76.80371061056113
2023-12-31,Alicante,Robos Con Violencia,390.0,2995949,13.017578069586634
2023-12-31,Alicante,Secuestro,4.0,2995949,0.13351362122652957
2023-12-31,Alicante,Sustraccion De Vehiculos,319.0,2995949,10.647711292815732
2023-12-31,Alicante,Trafico De Drogas,230.0,2995949,7.67703322052545
2023-12-31,Barcelona,Delitos Sexuales,905.0,4637060,19.51667651486071
2023-12-31,Barcelona,Homicidios,43.0,4637060,0.9273117018110614
2023-12-31,Barcelona,Hurtos,32948.0,4637060,710.536417471415
2023-12-31,Barcelona,Lesiones,617.0,4637060,13.30584465156802
2023-12-31,Barcelona,Robos Con Fuerza,6025.0,4637060,129.93146519561964
2023-12-31,Barcelona,Robos Con Violencia,5567.0,4637060,120.05451730191113
2023-12-31,Barcelona,Secuestro,2.0,4637060,0.04313077682842146
2023-12-31,Barcelona,Sustraccion De Vehiculos,1577.0,4637060,34.00861752921032
2023-12-31,Barcelona,Trafico De Drogas,731.0,4637060,15.764298930788042
2023-12-31,Castellón,Delitos Sexuales,12.0,115525,10.387362042847869
2023-12-31,Castellón,Homicidios,0.0,115525,0.0
2023-12-31,Castellón,Hurtos,376.0,115525,325.47067734256655
2023-12-31,Castellón,Lesiones,30.0,115525,25.96840510711967
2023-12-31,Castellón,Robos Con Fuerza,212.0,115525,183.510062756979
2023-12-31,Castellón,Robos Con Violencia,29.0,115525,25.102791603549015
2023-12-31,Castellón,Secuestro,0.0,115525,0.0
2023-12-31,Castellón,Sustraccion De Vehiculos,8.0,115525,6.9249080285652465
2023-12-31,Castellón,Trafico De Drogas,10.0,115525,8.656135035706557
2023-12-31,Madrid,Delitos Sexuales,297.0,2901646,10.235569742139463
2023-12-31,Madrid,Homicidios,13.0,2901646,0.44802157120475755
2023-12-31,Madrid,Hurtos,9051.0,2901646,311.9264031518662
2023-12-31,Madrid,Lesiones,298.0,2901646,10.270032939924443
2023-12-31,Madrid,Robos Con Fuerza,2360.0,2901646,81.33314677255599
2023-12-31,Madrid,Robos Con Violencia,724.0,2901646,24.9513551963265
2023-12-31,Madrid,Secuestro,0.0,2901646,0.0
2023-12-31,Madrid,Sustraccion De Vehiculos,648.0,2901646,22.332152164667914
2023-12-31,Madrid,Trafico De Drogas,175.0,2901646,6.031059612371737
2023-12-31,Valencia,Delitos Sexuales,271.0,3730927,7.263610357425915
2023-12-31,Valencia,Homicidios,17.0,3730927,0.45565083422967
2023-12-31,Valencia,Hurtos,9082.0,3730927,243.424757439639
2023-12-31,Valencia,Lesiones,292.0,3730927,7.826473152650802
2023-12-31,Valencia,Robos Con Fuerza,2490.0,3730927,66.73944571952225
2023-12-31,Valencia,Robos Con Violencia,855.0,3730927,22.916556662727523
2023-12-31,Valencia,Secuestro,0.0,3730927,0.0
2023-12-31,Valencia,Sustraccion De Vehiculos,389.0,3730927,10.426363206784801
2023-12-31,Valencia,Trafico De Drogas,283.0,3730927,7.585246240411565
2024-03-31,Alicante,Delitos Sexuales,224.0,3060230,7.31971126353248
2024-03-31,Alicante,Homicidios,12.0,3060230,0.3921273891178114
2024-03-31,Alicante,Hurtos,4690.0,3060230,153.25645458021128
2024-03-31,Alicante,Lesiones,208.0,3060230,6.796874744708731
2024-03-31,Alicante,Robos Con Fuerza,2002.0,3060230,65.41991941782153
2024-03-31,Alicante,Robos Con Violencia,439.0,3060230,14.3453269852266
2024-03-31,Alicante,Secuestro,1.0,3060230,0.03267728242648428
2024-03-31,Alicante,Sustraccion De Vehiculos,317.0,3060230,10.358698529195518
2024-03-31,Alicante,Trafico De Drogas,241.0,3060230,7.875225064782713
2024-03-31,Barcelona,Delitos Sexuales,799.0,4717956,16.935299947689213
2024-03-31,Barcelona,Homicidios,42.0,4717956,0.8902160172752775
2024-03-31,Barcelona,Hurtos,31530.0,4717956,668.2978815402263
2024-03-31,Barcelona,Lesiones,573.0,4717956,12.14508994996986
2024-03-31,Barcelona,Robos Con Fuerza,6108.0,4717956,129.4628436551761
2024-03-31,Barcelona,Robos Con Violencia,5017.0,4717956,106.3384228254778
2024-03-31,Barcelona,Secuestro,1.0,4717956,0.021195619458935184
2024-03-31,Barcelona,Sustraccion De Vehiculos,1384.0,4717956,29.334737331166295
2024-03-31,Barcelona,Trafico De Drogas,792.0,4717956,16.786930611476667
2024-03-31,Castellón,Delitos Sexuales,14.0,117586,11.906179307060365
2024-03-31,Castellón,Homicidios,0.0,117586,0.0
2024-03-31,Castellón,Hurtos,366.0,117586,311.26154474172097
2024-03-31,Castellón,Lesiones,37.0,117586,31.466331025802393
2024-03-31,Castellón,Robos Con Fuerza,224.0,117586,190.49886891296583
2024-03-31,Castellón,Robos Con Violencia,15.0,117586,12.756620686136104
2024-03-31,Castellón,Secuestro,2.0,117586,1.7008827581514805
2024-03-31,Castellón,Sustraccion De Vehiculos,5.0,117586,4.252206895378701
2024-03-31,Castellón,Trafico De Drogas,6.0,117586,5.102648274454442
2024-03-31,Madrid,Delitos Sexuales,276.0,2946139,9.368193421966852
2024-03-31,Madrid,Homicidios,23.0,2946139,0.7806827851639043
2024-03-31,Madrid,Hurtos,8180.0,2946139,277.65152968003207
2024-03-31,Madrid,Lesiones,286.0,2946139,9.707620719864202
2024-03-31,Madrid,Robos Con Fuerza,2307.0,2946139,78.30587762491858
2024-03-31,Madrid,Robos Con Violencia,721.0,2946139,24.472708178398918
2024-03-31,Madrid,Secuestro,3.0,2946139,0.10182818936920492
2024-03-31,Madrid,Sustraccion De Vehiculos,718.0,2946139,24.37087998902971
2024-03-31,Madrid,Trafico De Drogas,180.0,2946139,6.109691362152295
2024-03-31,Valencia,Delitos Sexuales,215.0,3805458,5.649779868809484
2024-03-31,Valencia,Homicidios,27.0,3805458,0.7095072393388654
2024-03-31,Valencia,Hurtos,9119.0,3805458,239.62950057522642
2024-03-31,Valencia,Lesiones,298.0,3805458,7.830857678628958
2024-03-31,Valencia,Robos Con Fuerza,2755.0,3805458,72.39601645846571
2024-03-31,Valencia,Robos Con Violencia,806.0,3805458,21.180104996560203
2024-03-31,Valencia,Secuestro,0.0,3805458,0.0
2024-03-31,Valencia,Sustraccion De Vehiculos,318.0,3805458,8.356418596657749
2024-03-31,Valencia,Trafico De Drogas,306.0,3805458,8.041082045840474
2024-06-30,Alicante,Delitos Sexuales,255.0,3060230,8.332707018753492
2024-06-30,Alicante,Homicidios,17.0,3060230,0.5555138012502329
2024-06-30,Alicante,Hurtos,5264.0,3060230,172.01321469301325
2024-06-30,Alicante,Lesiones,291.0,3060230,9.509089186106927
2024-06-30,Alicante,Robos Con Fuerza,1837.0,3060230,60.028167817451624
2024-06-30,Alicante,Robos Con Violencia,435.0,3060230,14.214617855520663
2024-06-30,Alicante,Secuestro,1.0,3060230,0.03267728242648428
2024-06-30,Alicante,Sustraccion De Vehiculos,255.0,3060230,8.332707018753492
2024-06-30,Alicante,Trafico De Drogas,284.0,3060230,9.280348209121536
2024-06-30,Barcelona,Delitos Sexuales,897.0,4717956,19.01247065466486
2024-06-30,Barcelona,Homicidios,60.0,4717956,1.2717371675361109
2024-06-30,Barcelona,Hurtos,33538.0,4717956,710.8586854137682
2024-06-30,Barcelona,Lesiones,628.0,4717956,13.310849020211295
2024-06-30,Barcelona,Robos Con Fuerza,5711.0,4717956,121.04818272997883
2024-06-30,Barcelona,Robos Con Violencia,5221.0,4717956,110.66232919510058
2024-06-30,Barcelona,Secuestro,4.0,4717956,0.08478247783574074
2024-06-30,Barcelona,Sustraccion De Vehiculos,1648.0,4717956,34.93038086832518
2024-06-30,Barcelona,Trafico De Drogas,814.0,4717956,17.25323423957324
2024-06-30,Castellón,Delitos Sexuales,11.0,117586,9.354855169833144
2024-06-30,Castellón,Homicidios,0.0,117586,0.0
2024-06-30,Castellón,Hurtos,366.0,117586,311.26154474172097
2024-06-30,Castellón,Lesiones,20.0,117586,17.008827581514804
2024-06-30,Castellón,Robos Con Fuerza,210.0,117586,178.59268960590546
2024-06-30,Castellón,Robos Con Violencia,41.0,117586,34.86809654210535
2024-06-30,Castellón,Secuestro,0.0,117586,0.0
2024-06-30,Castellón,Sustraccion De Vehiculos,9.0,117586,7.653972411681663
2024-06-30,Castellón,Trafico De Drogas,7.0,117586,5.953089653530182
2024-06-30,Madrid,Delitos Sexuales,300.0,2946139,10.182818936920492
2024-06-30,Madrid,Homicidios,12.0,2946139,0.40731275747681966
2024-06-30,Madrid,Hurtos,8917.0,2946139,302.6673215350668
2024-06-30,Madrid,Lesiones,311.0,2946139,10.556188964607577
2024-06-30,Madrid,Robos Con Fuerza,1868.0,2946139,63.40501924722492
2024-06-30,Madrid,Robos Con Violencia,713.0,2946139,24.201166340081034
2024-06-30,Madrid,Secuestro,0.0,2946139,0.0
2024-06-30,Madrid,Sustraccion De Vehiculos,614.0,2946139,20.840836090897273
2024-06-30,Madrid,Trafico De Drogas,214.0,2946139,7.263744175003284
2024-06-30,Valencia,Delitos Sexuales,323.0,3805458,8.487808826164946
2024-06-30,Valencia,Homicidios,23.0,3805458,0.6043950557331076
2024-06-30,Valencia,Hurtos,9217.0,3805458,242.20474907356748
2024-06-30,Valencia,Lesiones,335.0,3805458,8.803145376982219
2024-06-30,Valencia,Robos Con Fuerza,2342.0,3805458,61.543183501171214
2024-06-30,Valencia,Robos Con Violencia,776.0,3805458,20.39176361951702
2024-06-30,Valencia,Secuestro,0.0,3805458,0.0
2024-06-30,Valencia,Sustraccion De Vehiculos,377.0,3805458,9.906823304842675
2024-06-30,Valencia,Trafico De Drogas,340.0,3805458,8.934535606489415
2024-09-30,Alicante,Delitos Sexuales,287.0,3060230,9.378380056400989
2024-09-30,Alicante,Homicidios,16.0,3060230,0.5228365188237485
2024-09-30,Alicante,Hurtos,6404.0,3060230,209.26531665920533
2024-09-30,Alicante,Lesiones,328.0,3060230,10.718148635886845
2024-09-30,Alicante,Robos Con Fuerza,2282.0,3060230,74.56955849723713
2024-09-30,Alicante,Robos Con Violencia,567.0,3060230,18.52801913581659
2024-09-30,Alicante,Secuestro,4.0,3060230,0.13070912970593712
2024-09-30,Alicante,Sustraccion De Vehiculos,279.0,3060230,9.116961796989116
2024-09-30,Alicante,Trafico De Drogas,280.0,3060230,9.1496390794156
2024-09-30,Barcelona,Delitos Sexuales,1033.0,4717956,21.895074901080044
2024-09-30,Barcelona,Homicidios,57.0,4717956,1.2081503091593055
2024-09-30,Barcelona,Hurtos,33747.0,4717956,715.2885698806856
2024-09-30,Barcelona,Lesiones,752.0,4717956,15.939105833119257
2024-09-30,Barcelona,Robos Con Fuerza,6178.0,4717956,130.94653701730155
2024-09-30,Barcelona,Robos Con Violencia,5511.0,4717956,116.80905883819179
2024-09-30,Barcelona,Secuestro,1.0,4717956,0.021195619458935184
2024-09-30,Barcelona,Sustraccion De Vehiculos,1666.0,4717956,35.31190201858601
2024-09-30,Barcelona,Trafico De Drogas,689.0,4717956,14.603781807206342
2024-09-30,Castellón,Delitos Sexuales,18.0,117586,15.307944823363327
2024-09-30,Castellón,Homicidios,0.0,117586,0.0
2024-09-30,Castellón,Hurtos,331.0,117586,281.49609647407004
2024-09-30,Castellón,Lesiones,17.0,117586,14.457503444287585
2024-09-30,Castellón,Robos Con Fuerza,203.0,117586,172.63959995237528
2024-09-30,Castellón,Robos Con Violencia,29.0,117586,24.66279999319647
2024-09-30,Castellón,Secuestro,0.0,117586,0.0
2024-09-30,Castellón,Sustraccion De Vehiculos,11.0,117586,9.354855169833144
2024-09-30,Castellón,Trafico De Drogas,8.0,117586,6.803531032605922
2024-09-30,Madrid,Delitos Sexuales,334.0,2946139,11.33687174977148
2024-09-30,Madrid,Homicidios,22.0,2946139,0.7467400553741694
2024-09-30,Madrid,Hurtos,7576.0,2946139,257.15012088703213
2024-09-30,Madrid,Lesiones,323.0,2946139,10.963501722084397
2024-09-30,Madrid,Robos Con Fuerza,2073.0,2946139,70.3632788541206
2024-09-30,Madrid,Robos Con Violencia,708.0,2946139,24.03145269113236
2024-09-30,Madrid,Secuestro,2.0,2946139,0.06788545957946994
2024-09-30,Madrid,Sustraccion De Vehiculos,579.0,2946139,19.65284054825655
2024-09-30,Madrid,Trafico De Drogas,150.0,2946139,5.091409468460246
2024-09-30,Valencia,Delitos Sexuales,321.0,3805458,8.435252734362066
2024-09-30,Valencia,Homicidios,19.0,3805458,0.4992828721273497
2024-09-30,Valencia,Hurtos,10000.0,3805458,262.7804590143946
2024-09-30,Valencia,Lesiones,374.0,3805458,9.827989167138357
2024-09-30,Valencia,Robos Con Fuerza,2879.0,3805458,75.6544941502442
2024-09-30,Valencia,Robos Con Violencia,865.0,3805458,22.73050970474513
2024-09-30,Valencia,Secuestro,1.0,3805458,0.026278045901439458
2024-09-30,Valencia,Sustraccion De Vehiculos,357.0,3805458,9.381262386813887
2024-09-30,Valencia,Trafico De Drogas,311.0,3805458,8.17247227534767
2024-12-31,Alicante,Delitos Sexuales,189.0,3060230,6.17600637860553
2024-12-31,Alicante,Homicidios,12.0,3060230,0.3921273891178114
2024-12-31,Alicante,Hurtos,4836.0,3060230,158.027337814478
2024-12-31,Alicante,Lesiones,223.0,3060230,7.287033981105996
2024-12-31,Alicante,Robos Con Fuerza,2028.0,3060230,66.26952876091013
2024-12-31,Alicante,Robos Con Violencia,461.0,3060230,15.064227198609254
2024-12-31,Alicante,Secuestro,2.0,3060230,0.06535456485296856
2024-12-31,Alicante,Sustraccion De Vehiculos,267.0,3060230,8.724834407871302
2024-12-31,Alicante,Trafico De Drogas,214.0,3060230,6.992938439267637
2024-12-31,Barcelona,Delitos Sexuales,955.0,4717956,20.2418165832831
2024-12-31,Barcelona,Homicidios,44.0,4717956,0.932607256193148
2024-12-31,Barcelona,Hurtos,32983.0,4717956,699.0951166140592
2024-12-31,Barcelona,Lesiones,637.0,4717956,13.501609595341712
2024-12-31,Barcelona,Robos Con Fuerza,5101.0,4717956,108.11885486002838
2024-12-31,Barcelona,Robos Con Violencia,5287.0,4717956,112.0612400793903
2024-12-31,Barcelona,Secuestro,3.0,4717956,0.06358685837680554
2024-12-31,Barcelona,Sustraccion De Vehiculos,1523.0,4717956,32.28092843595828
2024-12-31,Barcelona,Trafico De Drogas,741.0,4717956,15.70595401907097
2024-12-31,Castellón,Delitos Sexuales,16.0,117586,13.607062065211844
2024-12-31,Castellón,Homicidios,1.0,117586,0.8504413790757402
2024-12-31,Castellón,Hurtos,246.0,117586,209.20857925263212
2024-12-31,Castellón,Lesiones,29.0,117586,24.66279999319647
2024-12-31,Castellón,Robos Con Fuerza,133.0,117586,113.10870341707346
2024-12-31,Castellón,Robos Con Violencia,24.0,117586,20.410593097817767
2024-12-31,Castellón,Secuestro,0.0,117586,0.0
2024-12-31,Castellón,Sustraccion De Vehiculos,6.0,117586,5.102648274454442
2024-12-31,Castellón,Trafico De Drogas,2.0,117586,1.7008827581514805
2024-12-31,Madrid,Delitos Sexuales,282.0,2946139,9.571849800705262
2024-12-31,Madrid,Homicidios,9.0,2946139,0.30548456810761476
2024-12-31,Madrid,Hurtos,8545.0,2946139,290.04062605328534
2024-12-31,Madrid,Lesiones,286.0,2946139,9.707620719864202
2024-12-31,Madrid,Robos Con Fuerza,2032.0,2946139,68.97162693274146
2024-12-31,Madrid,Robos Con Violencia,627.0,2946139,21.28209157816383
2024-12-31,Madrid,Secuestro,1.0,2946139,0.03394272978973497
2024-12-31,Madrid,Sustraccion De Vehiculos,657.0,2946139,22.300373471855877
2024-12-31,Madrid,Trafico De Drogas,175.0,2946139,5.93997771320362
2024-12-31,Valencia,Delitos Sexuales,252.0,3805458,6.622067567162744
2024-12-31,Valencia,Homicidios,18.0,3805458,0.4730048262259103
2024-12-31,Valencia,Hurtos,7969.0,3805458,209.40974778857105
2024-12-31,Valencia,Lesiones,331.0,3805458,8.69803319337646
2024-12-31,Valencia,Robos Con Fuerza,2269.0,3805458,59.62488615036613
2024-12-31,Valencia,Robos Con Violencia,707.0,3805458,18.578578452317696
2024-12-31,Valencia,Secuestro,0.0,3805458,0.0
2024-12-31,Valencia,Sustraccion De Vehiculos,435.0,3805458,11.430949967126164
2024-12-31,Valencia,Trafico De Drogas,269.0,3805458,7.068794347487215
2025-03-31,Alicante,Delitos Sexuales,215.0,3120275,6.890418312488482
2025-03-31,Alicante,Homicidios,12.0,3120275,0.3845814872086595
2025-03-31,Alicante,Hurtos,4733.0,3120275,151.68534824654878
2025-03-31,Alicante,Lesiones,222.0,3120275,7.1147575133602
2025-03-31,Alicante,Robos Con Fuerza,2263.0,3120275,72.5256587960997
2025-03-31,Alicante,Robos Con Violencia,357.0,3120275,11.44129924445762
2025-03-31,Alicante,Secuestro,1.0,3120275,0.032048457267388294
2025-03-31,Alicante,Sustraccion De Vehiculos,278.0,3120275,8.909471120333945
2025-03-31,Alicante,Trafico De Drogas,257.0,3120275,8.236453517718791
2025-03-31,Barcelona,Delitos Sexuales,916.0,4811193,19.038936912320914
2025-03-31,Barcelona,Homicidios,40.0,4811193,0.8313946249921796
2025-03-31,Barcelona,Hurtos,32006.0,4811193,665.2404091874926
2025-03-31,Barcelona,Lesiones,524.0,4811193,10.891269587397554
2025-03-31,Barcelona,Robos Con Fuerza,4649.0,4811193,96.6288402897161
2025-03-31,Barcelona,Robos Con Violencia,4585.0,4811193,95.2986088897286
2025-03-31,Barcelona,Secuestro,0.0,4811193,0.0
2025-03-31,Barcelona,Sustraccion De Vehiculos,1508.0,4811193,31.343577362205178
2025-03-31,Barcelona,Trafico De Drogas,864.0,4811193,17.95812389983108
2025-03-31,Castellón,Delitos Sexuales,16.0,119257,13.416403229999077
2025-03-31,Castellón,Homicidios,2.0,119257,1.6770504037498846
2025-03-31,Castellón,Hurtos,312.0,119257,261.619862984982
2025-03-31,Castellón,Lesiones,11.0,119257,9.223777220624365
2025-03-31,Castellón,Robos Con Fuerza,132.0,119257,110.68532664749239
2025-03-31,Castellón,Robos Con Violencia,19.0,119257,15.931978835623903
2025-03-31,Castellón,Secuestro,0.0,119257,0.0
2025-03-31,Castellón,Sustraccion De Vehiculos,3.0,119257,2.515575605624827
2025-03-31,Castellón,Trafico De Drogas,8.0,119257,6.708201614999538
2025-03-31,Madrid,Delitos Sexuales,311.0,3001756,10.360602260810005
2025-03-31,Madrid,Homicidios,13.0,3001756,0.4330798372685854
2025-03-31,Madrid,Hurtos,8821.0,3001756,293.86132650355324
2025-03-31,Madrid,Lesiones,251.0,3001756,8.361772242647303
2025-03-31,Madrid,Robos Con Fuerza,1995.0,3001756,66.46109810390985
2025-03-31,Madrid,Robos Con Violencia,562.0,3001756,18.72237450345731
2025-03-31,Madrid,Secuestro,1.0,3001756,0.03331383363604504
2025-03-31,Madrid,Sustraccion De Vehiculos,646.0,3001756,21.52073652888509
2025-03-31,Madrid,Trafico De Drogas,169.0,3001756,5.630037884491611
2025-03-31,Valencia,Delitos Sexuales,244.0,3895595,6.263484782170631
2025-03-31,Valencia,Homicidios,13.0,3895595,0.33371025478777955
2025-03-31,Valencia,Hurtos,8234.0,3895595,211.36694137865973
2025-03-31,Valencia,Lesiones,334.0,3895595,8.573786546086028
2025-03-31,Valencia,Robos Con Fuerza,1976.0,3895595,50.723958727742485
2025-03-31,Valencia,Robos Con Violencia,673.0,3895595,17.275923190167358
2025-03-31,Valencia,Secuestro,0.0,3895595,0.0
2025-03-31,Valencia,Sustraccion De Vehiculos,382.0,3895595,9.805947486840905
2025-03-31,Valencia,Trafico De Drogas,304.0,3895595,7.8036859581142295
2025-06-30,Alicante,Delitos Sexuales,315.0,3120275,10.095264039227311
2025-06-30,Alicante,Homicidios,13.0,3120275,0.41662994447604773
2025-06-30,Alicante,Hurtos,5950.0,3120275,190.68832074096034
2025-06-30,Alicante,Lesiones,317.0,3120275,10.15936095376209
2025-06-30,Alicante,Robos Con Fuerza,2198.0,3120275,70.44250907371946
2025-06-30,Alicante,Robos Con Violencia,581.0,3120275,18.620153672352597
2025-06-30,Alicante,Secuestro,4.0,3120275,0.12819382906955318
2025-06-30,Alicante,Sustraccion De Vehiculos,267.0,3120275,8.556938090392674
2025-06-30,Alicante,Trafico De Drogas,253.0,3120275,8.108259688649238
2025-06-30,Barcelona,Delitos Sexuales,1104.0,4811193,22.94649164978416
2025-06-30,Barcelona,Homicidios,41.0,4811193,0.8521794906169842
2025-06-30,Barcelona,Hurtos,31932.0,4811193,663.702329131257
2025-06-30,Barcelona,Lesiones,672.0,4811193,13.967429699868621
2025-06-30,Barcelona,Robos Con Fuerza,4335.0,4811193,90.10239248352747
2025-06-30,Barcelona,Robos Con Violencia,5582.0,4811193,116.02111991765868
2025-06-30,Barcelona,Secuestro,4.0,4811193,0.08313946249921797
2025-06-30,Barcelona,Sustraccion De Vehiculos,1519.0,4811193,31.572210884078025
2025-06-30,Barcelona,Trafico De Drogas,969.0,4811193,20.140534790435552
2025-06-30,Castellón,Delitos Sexuales,15.0,119257,12.577878028124134
2025-06-30,Castellón,Homicidios,1.0,119257,0.8385252018749423
2025-06-30,Castellón,Hurtos,341.0,119257,285.9370938393553
2025-06-30,Castellón,Lesiones,22.0,119257,18.44755444124873
2025-06-30,Castellón,Robos Con Fuerza,164.0,119257,137.51813310749054
2025-06-30,Castellón,Robos Con Violencia,18.0,119257,15.093453633748961
2025-06-30,Castellón,Secuestro,0.0,119257,0.0
2025-06-30,Castellón,Sustraccion De Vehiculos,10.0,119257,8.385252018749423
2025-06-30,Castellón,Trafico De Drogas,7.0,119257,5.869676413124597
2025-06-30,Madrid,Delitos Sexuales,318.0,3001756,10.593799096262321
2025-06-30,Madrid,Homicidios,14.0,3001756,0.4663936709046305
2025-06-30,Madrid,Hurtos,9117.0,3001756,303.7222212598226
2025-06-30,Madrid,Lesiones,334.0,3001756,11.126820434439042
2025-06-30,Madrid,Robos Con Fuerza,1628.0,3001756,54.23492115948132
2025-06-30,Madrid,Robos Con Violencia,662.0,3001756,22.05375786706181
2025-06-30,Madrid,Secuestro,0.0,3001756,0.0
2025-06-30,Madrid,Sustraccion De Vehiculos,649.0,3001756,21.62067802979323
2025-06-30,Madrid,Trafico De Drogas,208.0,3001756,6.929277396297366
2025-06-30,Valencia,Delitos Sexuales,335.0,3895595,8.599456565685088
2025-06-30,Valencia,Homicidios,25.0,3895595,0.6417504899764991
2025-06-30,Valencia,Hurtos,8844.0,3895595,227.02565333408631
2025-06-30,Valencia,Lesiones,341.0,3895595,8.753476683279448
2025-06-30,Valencia,Robos Con Fuerza,2239.0,3895595,57.47517388229525
2025-06-30,Valencia,Robos Con Violencia,811.0,3895595,20.818385894837633
2025-06-30,Valencia,Secuestro,0.0,3895595,0.0
2025-06-30,Valencia,Sustraccion De Vehiculos,316.0,3895595,8.111726193302948
2025-06-30,Valencia,Trafico De Drogas,306.0,3895595,7.855025997312349
2025-09-30,Alicante,Delitos Sexuales,313.0,3120275,10.031167124692535
2025-09-30,Alicante,Homicidios,22.0,3120275,0.7050660598825425
2025-09-30,Alicante,Hurtos,6927.0,3120275,221.99966349119867
2025-09-30,Alicante,Lesiones,365.0,3120275,11.697686902596725
2025-09-30,Alicante,Robos Con Fuerza,2219.0,3120275,71.11552667633462
2025-09-30,Alicante,Robos Con Violencia,625.0,3120275,20.030285792117684
2025-09-30,Alicante,Secuestro,1.0,3120275,0.032048457267388294
2025-09-30,Alicante,Sustraccion De Vehiculos,336.0,3120275,10.768281641842465
2025-09-30,Alicante,Trafico De Drogas,298.0,3120275,9.550440265681711
2025-09-30,Barcelona,Delitos Sexuales,1053.0,4811193,21.88646350291913
2025-09-30,Barcelona,Homicidios,64.0,4811193,1.3302313999874875
2025-09-30,Barcelona,Hurtos,32267.0,4811193,670.6652591155665
2025-09-30,Barcelona,Lesiones,732.0,4811193,15.21452163735689
2025-09-30,Barcelona,Robos Con Fuerza,5596.0,4811193,116.31210803640595
2025-09-30,Barcelona,Robos Con Violencia,6100.0,4811193,126.78768031130741
2025-09-30,Barcelona,Secuestro,2.0,4811193,0.041569731249608985
2025-09-30,Barcelona,Sustraccion De Vehiculos,1641.0,4811193,34.10796449030417
2025-09-30,Barcelona,Trafico De Drogas,905.0,4811193,18.810303390448066
2025-09-30,Castellón,Delitos Sexuales,22.0,119257,18.44755444124873
2025-09-30,Castellón,Homicidios,2.0,119257,1.6770504037498846
2025-09-30,Castellón,Hurtos,334.0,119257,280.06741742623075
2025-09-30,Castellón,Lesiones,25.0,119257,20.96313004687356
2025-09-30,Castellón,Robos Con Fuerza,173.0,119257,145.06485992436504
2025-09-30,Castellón,Robos Con Violencia,24.0,119257,20.124604844998615
2025-09-30,Castellón,Secuestro,0.0,119257,0.0
2025-09-30,Castellón,Sustraccion De Vehiculos,6.0,119257,5.031151211249654
2025-09-30,Castellón,Trafico De Drogas,4.0,119257,3.354100807499769
2025-09-30,Madrid,Delitos Sexuales,329.0,3001756,10.960251266258815
2025-09-30,Madrid,Homicidios,12.0,3001756,0.3997660036325404
2025-09-30,Madrid,Hurtos,8344.0,3001756,277.9706278591598
2025-09-30,Madrid,Lesiones,335.0,3001756,11.160134268075087
2025-09-30,Madrid,Robos Con Fuerza,1886.0,3001756,62.82989023758094
2025-09-30,Madrid,Robos Con Violencia,646.0,3001756,21.52073652888509
2025-09-30,Madrid,Secuestro,0.0,3001756,0.0
2025-09-30,Madrid,Sustraccion De Vehiculos,704.0,3001756,23.452938879775704
2025-09-30,Madrid,Trafico De Drogas,176.0,3001756,5.863234719943926
2025-09-30,Valencia,Delitos Sexuales,347.0,3895595,8.907496800873808
2025-09-30,Valencia,Homicidios,20.0,3895595,0.5134003919811992
2025-09-30,Valencia,Hurtos,10070.0,3895595,258.49709736253385
2025-09-30,Valencia,Lesiones,422.0,3895595,10.832748270803304
2025-09-30,Valencia,Robos Con Fuerza,2756.0,3895595,70.74657401500926
2025-09-30,Valencia,Robos Con Violencia,826.0,3895595,21.20343618882353
2025-09-30,Valencia,Secuestro,0.0,3895595,0.0
2025-09-30,Valencia,Sustraccion De Vehiculos,375.0,3895595,9.626257349647485
2025-09-30,Valencia,Trafico De Drogas,318.0,3895595,8.16306623250107
