Municipios;Sexo;Periodo;Total
46001 Ademuz;Total;2025;1.015
46001 Ademuz;Total;2024;1.004
46001 Ademuz;Total;2023;1.004
46001 Ademuz;Total;2022;1.000
46001 Ademuz;Total;2021;1.027
46001 Ademuz;Total;2020;1.037
46001 Ademuz;Total;2019;1.042
46001 Ademuz;Total;2018;1.046
46001 Ademuz;Total;2017;1.073
46001 Ademuz;Total;2016;1.137
46002 Ador;Total;2025;1.755
46002 Ador;Total;2024;1.729
46002 Ador;Total;2023;1.699
46002 Ador;Total;2022;1.706
46002 Ador;Total;2021;1.772
46002 Ador;Total;2020;1.730
46002 Ador;Total;2019;1.508
46002 Ador;Total;2018;1.393
46002 Ador;Total;2017;1.400
46002 Ador;Total;2016;1.437
46004 Agullent;Total;2025;2.438
46004 Agullent;Total;2024;2.416
46004 Agullent;Total;2023;2.400
46004 Agullent;Total;2022;2.361
46004 Agullent;Total;2021;2.369
46004 Agullent;Total;2020;2.388
46004 Agullent;Total;2019;2.410
46004 Agullent;Total;2018;2.413
46004 Agullent;Total;2017;2.387
46004 Agullent;Total;2016;2.395
46042 Aielo de Malferit;Total;2025;4.624
46042 Aielo de Malferit;Total;2024;4.599
46042 Aielo de Malferit;Total;2023;4.601
46042 Aielo de Malferit;Total;2022;4.589
46042 Aielo de Malferit;Total;2021;4.592
46042 Aielo de Malferit;Total;2020;4.625
46042 Aielo de Malferit;Total;2019;4.618
46042 Aielo de Malferit;Total;2018;4.646
46042 Aielo de Malferit;Total;2017;4.706
46042 Aielo de Malferit;Total;2016;4.724
46043 Aielo de Rugat;Total;2025;160
46043 Aielo de Rugat;Total;2024;160
46043 Aielo de Rugat;Total;2023;163
46043 Aielo de Rugat;Total;2022;166
46043 Aielo de Rugat;Total;2021;160
46043 Aielo de Rugat;Total;2020;160
46043 Aielo de Rugat;Total;2019;155
46043 Aielo de Rugat;Total;2018;155
46043 Aielo de Rugat;Total;2017;160
46043 Aielo de Rugat;Total;2016;168
46005 Alaquàs;Total;2025;30.166
46005 Alaquàs;Total;2024;30.022
46005 Alaquàs;Total;2023;29.825
46005 Alaquàs;Total;2022;29.537
46005 Alaquàs;Total;2021;29.649
46005 Alaquàs;Total;2020;29.711
46005 Alaquàs;Total;2019;29.561
46005 Alaquàs;Total;2018;29.341
46005 Alaquàs;Total;2017;29.474
46005 Alaquàs;Total;2016;29.660
46006 Albaida;Total;2025;6.322
46006 Albaida;Total;2024;6.235
46006 Albaida;Total;2023;6.102
46006 Albaida;Total;2022;5.989
46006 Albaida;Total;2021;5.975
46006 Albaida;Total;2020;5.914
46006 Albaida;Total;2019;5.900
46006 Albaida;Total;2018;5.908
46006 Albaida;Total;2017;5.946
46006 Albaida;Total;2016;5.933
46007 Albal;Total;2025;17.365
46007 Albal;Total;2024;17.038
46007 Albal;Total;2023;17.024
46007 Albal;Total;2022;16.845
46007 Albal;Total;2021;16.646
46007 Albal;Total;2020;16.577
46007 Albal;Total;2019;16.399
46007 Albal;Total;2018;16.270
46007 Albal;Total;2017;16.244
46007 Albal;Total;2016;16.136
46008 Albalat de la Ribera;Total;2025;3.523
46008 Albalat de la Ribera;Total;2024;3.446
46008 Albalat de la Ribera;Total;2023;3.411
46008 Albalat de la Ribera;Total;2022;3.444
46008 Albalat de la Ribera;Total;2021;3.368
46008 Albalat de la Ribera;Total;2020;3.326
46008 Albalat de la Ribera;Total;2019;3.360
46008 Albalat de la Ribera;Total;2018;3.329
46008 Albalat de la Ribera;Total;2017;3.361
46008 Albalat de la Ribera;Total;2016;3.431
46009 Albalat dels Sorells;Total;2025;4.368
46009 Albalat dels Sorells;Total;2024;4.249
46009 Albalat dels Sorells;Total;2023;4.158
46009 Albalat dels Sorells;Total;2022;4.084
46009 Albalat dels Sorells;Total;2021;4.110
46009 Albalat dels Sorells;Total;2020;4.036
46009 Albalat dels Sorells;Total;2019;3.977
46009 Albalat dels Sorells;Total;2018;3.944
46009 Albalat dels Sorells;Total;2017;3.900
46009 Albalat dels Sorells;Total;2016;3.889
46010 Albalat dels Tarongers;Total;2025;1.574
46010 Albalat dels Tarongers;Total;2024;1.516
46010 Albalat dels Tarongers;Total;2023;1.428
46010 Albalat dels Tarongers;Total;2022;1.368
46010 Albalat dels Tarongers;Total;2021;1.324
46010 Albalat dels Tarongers;Total;2020;1.208
46010 Albalat dels Tarongers;Total;2019;1.232
46010 Albalat dels Tarongers;Total;2018;1.202
46010 Albalat dels Tarongers;Total;2017;1.169
46010 Albalat dels Tarongers;Total;2016;1.185
46011 Alberic;Total;2025;11.099
46011 Alberic;Total;2024;10.945
46011 Alberic;Total;2023;10.815
46011 Alberic;Total;2022;10.710
46011 Alberic;Total;2021;10.571
46011 Alberic;Total;2020;10.519
46011 Alberic;Total;2019;10.526
46011 Alberic;Total;2018;10.556
46011 Alberic;Total;2017;10.504
46011 Alberic;Total;2016;10.537
46012 Alborache;Total;2025;1.568
46012 Alborache;Total;2024;1.471
46012 Alborache;Total;2023;1.389
46012 Alborache;Total;2022;1.328
46012 Alborache;Total;2021;1.283
46012 Alborache;Total;2020;1.229
46012 Alborache;Total;2019;1.160
46012 Alborache;Total;2018;1.127
46012 Alborache;Total;2017;1.140
46012 Alborache;Total;2016;1.147
46013 Alboraia/Alboraya;Total;2025;26.273
46013 Alboraia/Alboraya;Total;2024;26.259
46013 Alboraia/Alboraya;Total;2023;25.792
46013 Alboraia/Alboraya;Total;2022;25.149
46013 Alboraia/Alboraya;Total;2021;24.904
46013 Alboraia/Alboraya;Total;2020;24.741
46013 Alboraia/Alboraya;Total;2019;24.454
46013 Alboraia/Alboraya;Total;2018;24.222
46013 Alboraia/Alboraya;Total;2017;24.031
46013 Alboraia/Alboraya;Total;2016;23.837
46014 Albuixech;Total;2025;4.482
46014 Albuixech;Total;2024;4.419
46014 Albuixech;Total;2023;4.343
46014 Albuixech;Total;2022;4.201
46014 Albuixech;Total;2021;4.189
46014 Albuixech;Total;2020;4.151
46014 Albuixech;Total;2019;4.017
46014 Albuixech;Total;2018;3.983
46014 Albuixech;Total;2017;3.911
46014 Albuixech;Total;2016;3.919
46016 Alcàntera de Xúquer;Total;2025;1.468
46016 Alcàntera de Xúquer;Total;2024;1.425
46016 Alcàntera de Xúquer;Total;2023;1.414
46016 Alcàntera de Xúquer;Total;2022;1.427
46016 Alcàntera de Xúquer;Total;2021;1.402
46016 Alcàntera de Xúquer;Total;2020;1.341
46016 Alcàntera de Xúquer;Total;2019;1.291
46016 Alcàntera de Xúquer;Total;2018;1.297
46016 Alcàntera de Xúquer;Total;2017;1.318
46016 Alcàntera de Xúquer;Total;2016;1.319
46015 Alcàsser;Total;2025;10.772
46015 Alcàsser;Total;2024;10.676
46015 Alcàsser;Total;2023;10.575
46015 Alcàsser;Total;2022;10.396
46015 Alcàsser;Total;2021;10.266
46015 Alcàsser;Total;2020;10.196
46015 Alcàsser;Total;2019;10.039
46015 Alcàsser;Total;2018;9.908
46015 Alcàsser;Total;2017;9.813
46015 Alcàsser;Total;2016;9.692
46018 Alcublas;Total;2025;710
46018 Alcublas;Total;2024;683
46018 Alcublas;Total;2023;635
46018 Alcublas;Total;2022;607
46018 Alcublas;Total;2021;610
46018 Alcublas;Total;2020;611
46018 Alcublas;Total;2019;628
46018 Alcublas;Total;2018;654
46018 Alcublas;Total;2017;678
46018 Alcublas;Total;2016;691
46020 Alcúdia de Crespins, l';Total;2025;5.548
46020 Alcúdia de Crespins, l';Total;2024;5.438
46020 Alcúdia de Crespins, l';Total;2023;5.361
46020 Alcúdia de Crespins, l';Total;2022;5.224
46020 Alcúdia de Crespins, l';Total;2021;5.144
46020 Alcúdia de Crespins, l';Total;2020;5.113
46020 Alcúdia de Crespins, l';Total;2019;5.157
46020 Alcúdia de Crespins, l';Total;2018;5.188
46020 Alcúdia de Crespins, l';Total;2017;5.108
46020 Alcúdia de Crespins, l';Total;2016;5.181
46019 Alcúdia, l';Total;2025;12.587
46019 Alcúdia, l';Total;2024;12.402
46019 Alcúdia, l';Total;2023;12.197
46019 Alcúdia, l';Total;2022;12.176
46019 Alcúdia, l';Total;2021;12.193
46019 Alcúdia, l';Total;2020;12.107
46019 Alcúdia, l';Total;2019;12.009
46019 Alcúdia, l';Total;2018;11.938
46019 Alcúdia, l';Total;2017;11.926
46019 Alcúdia, l';Total;2016;11.820
46021 Aldaia;Total;2025;34.630
46021 Aldaia;Total;2024;34.035
46021 Aldaia;Total;2023;33.376
46021 Aldaia;Total;2022;32.656
46021 Aldaia;Total;2021;32.313
46021 Aldaia;Total;2020;32.204
46021 Aldaia;Total;2019;31.864
46021 Aldaia;Total;2018;31.492
46021 Aldaia;Total;2017;31.320
46021 Aldaia;Total;2016;31.246
46022 Alfafar;Total;2025;22.270
46022 Alfafar;Total;2024;22.131
46022 Alfafar;Total;2023;21.879
46022 Alfafar;Total;2022;21.480
46022 Alfafar;Total;2021;21.415
46022 Alfafar;Total;2020;21.395
46022 Alfafar;Total;2019;20.890
46022 Alfafar;Total;2018;20.763
46022 Alfafar;Total;2017;20.776
46022 Alfafar;Total;2016;20.777
46024 Alfara de la Baronia;Total;2025;624
46024 Alfara de la Baronia;Total;2024;614
46024 Alfara de la Baronia;Total;2023;611
46024 Alfara de la Baronia;Total;2022;606
46024 Alfara de la Baronia;Total;2021;590
46024 Alfara de la Baronia;Total;2020;569
46024 Alfara de la Baronia;Total;2019;557
46024 Alfara de la Baronia;Total;2018;539
46024 Alfara de la Baronia;Total;2017;535
46024 Alfara de la Baronia;Total;2016;522
46025 Alfara del Patriarca;Total;2025;3.740
46025 Alfara del Patriarca;Total;2024;3.623
46025 Alfara del Patriarca;Total;2023;3.455
46025 Alfara del Patriarca;Total;2022;3.315
46025 Alfara del Patriarca;Total;2021;3.301
46025 Alfara del Patriarca;Total;2020;3.282
46025 Alfara del Patriarca;Total;2019;3.310
46025 Alfara del Patriarca;Total;2018;3.314
46025 Alfara del Patriarca;Total;2017;3.348
46025 Alfara del Patriarca;Total;2016;3.323
46026 Alfarb;Total;2025;1.763
46026 Alfarb;Total;2024;1.676
46026 Alfarb;Total;2023;1.618
46026 Alfarb;Total;2022;1.596
46026 Alfarb;Total;2021;1.564
46026 Alfarb;Total;2020;1.571
46026 Alfarb;Total;2019;1.544
46026 Alfarb;Total;2018;1.532
46026 Alfarb;Total;2017;1.517
46026 Alfarb;Total;2016;1.510
46027 Alfarrasí;Total;2025;1.173
46027 Alfarrasí;Total;2024;1.175
46027 Alfarrasí;Total;2023;1.183
46027 Alfarrasí;Total;2022;1.217
46027 Alfarrasí;Total;2021;1.206
46027 Alfarrasí;Total;2020;1.219
46027 Alfarrasí;Total;2019;1.225
46027 Alfarrasí;Total;2018;1.262
46027 Alfarrasí;Total;2017;1.256
46027 Alfarrasí;Total;2016;1.274
46023 Alfauir;Total;2025;515
46023 Alfauir;Total;2024;489
46023 Alfauir;Total;2023;477
46023 Alfauir;Total;2022;479
46023 Alfauir;Total;2021;467
46023 Alfauir;Total;2020;449
46023 Alfauir;Total;2019;437
46023 Alfauir;Total;2018;440
46023 Alfauir;Total;2017;448
46023 Alfauir;Total;2016;451
46028 Algar de Palància;Total;2025;565
46028 Algar de Palància;Total;2024;542
46028 Algar de Palància;Total;2023;527
46028 Algar de Palància;Total;2022;498
46028 Algar de Palància;Total;2021;499
46028 Algar de Palància;Total;2020;491
46028 Algar de Palància;Total;2019;481
46028 Algar de Palància;Total;2018;470
46028 Algar de Palància;Total;2017;471
46028 Algar de Palància;Total;2016;484
46029 Algemesí;Total;2025;28.306
46029 Algemesí;Total;2024;27.968
46029 Algemesí;Total;2023;27.438
46029 Algemesí;Total;2022;27.305
46029 Algemesí;Total;2021;27.305
46029 Algemesí;Total;2020;27.430
46029 Algemesí;Total;2019;27.331
46029 Algemesí;Total;2018;27.285
46029 Algemesí;Total;2017;27.511
46029 Algemesí;Total;2016;27.607
46030 Algímia d'Alfara;Total;2025;1.115
46030 Algímia d'Alfara;Total;2024;1.104
46030 Algímia d'Alfara;Total;2023;1.109
46030 Algímia d'Alfara;Total;2022;1.106
46030 Algímia d'Alfara;Total;2021;1.079
46030 Algímia d'Alfara;Total;2020;1.053
46030 Algímia d'Alfara;Total;2019;1.011
46030 Algímia d'Alfara;Total;2018;1.019
46030 Algímia d'Alfara;Total;2017;1.051
46030 Algímia d'Alfara;Total;2016;1.047
46031 Alginet;Total;2025;14.844
46031 Alginet;Total;2024;14.652
46031 Alginet;Total;2023;14.442
46031 Alginet;Total;2022;14.219
46031 Alginet;Total;2021;13.942
46031 Alginet;Total;2020;13.827
46031 Alginet;Total;2019;13.380
46031 Alginet;Total;2018;13.100
46031 Alginet;Total;2017;13.186
46031 Alginet;Total;2016;13.283
46032 Almàssera;Total;2025;7.887
46032 Almàssera;Total;2024;7.672
46032 Almàssera;Total;2023;7.504
46032 Almàssera;Total;2022;7.482
46032 Almàssera;Total;2021;7.433
46032 Almàssera;Total;2020;7.438
46032 Almàssera;Total;2019;7.349
46032 Almàssera;Total;2018;7.295
46032 Almàssera;Total;2017;7.308
46032 Almàssera;Total;2016;7.297
46033 Almiserà;Total;2025;278
46033 Almiserà;Total;2024;285
46033 Almiserà;Total;2023;279
46033 Almiserà;Total;2022;260
46033 Almiserà;Total;2021;264
46033 Almiserà;Total;2020;265
46033 Almiserà;Total;2019;262
46033 Almiserà;Total;2018;258
46033 Almiserà;Total;2017;261
46033 Almiserà;Total;2016;273
46034 Almoines;Total;2025;2.664
46034 Almoines;Total;2024;2.643
46034 Almoines;Total;2023;2.519
46034 Almoines;Total;2022;2.473
46034 Almoines;Total;2021;2.528
46034 Almoines;Total;2020;2.477
46034 Almoines;Total;2019;2.414
46034 Almoines;Total;2018;2.379
46034 Almoines;Total;2017;2.343
46034 Almoines;Total;2016;2.322
46035 Almussafes;Total;2025;9.070
46035 Almussafes;Total;2024;9.057
46035 Almussafes;Total;2023;8.996
46035 Almussafes;Total;2022;8.929
46035 Almussafes;Total;2021;8.984
46035 Almussafes;Total;2020;8.979
46035 Almussafes;Total;2019;8.967
46035 Almussafes;Total;2018;8.932
46035 Almussafes;Total;2017;8.914
46035 Almussafes;Total;2016;8.869
46036 Alpuente;Total;2025;688
46036 Alpuente;Total;2024;700
46036 Alpuente;Total;2023;667
46036 Alpuente;Total;2022;670
46036 Alpuente;Total;2021;659
46036 Alpuente;Total;2020;635
46036 Alpuente;Total;2019;633
46036 Alpuente;Total;2018;637
46036 Alpuente;Total;2017;644
46036 Alpuente;Total;2016;641
46037 Alqueria de la Comtessa, l';Total;2025;1.547
46037 Alqueria de la Comtessa, l';Total;2024;1.544
46037 Alqueria de la Comtessa, l';Total;2023;1.523
46037 Alqueria de la Comtessa, l';Total;2022;1.478
46037 Alqueria de la Comtessa, l';Total;2021;1.481
46037 Alqueria de la Comtessa, l';Total;2020;1.496
46037 Alqueria de la Comtessa, l';Total;2019;1.476
46037 Alqueria de la Comtessa, l';Total;2018;1.418
46037 Alqueria de la Comtessa, l';Total;2017;1.443
46037 Alqueria de la Comtessa, l';Total;2016;1.451
46017 Alzira;Total;2025;48.236
46017 Alzira;Total;2024;47.335
46017 Alzira;Total;2023;46.421
46017 Alzira;Total;2022;45.451
46017 Alzira;Total;2021;44.865
46017 Alzira;Total;2020;44.938
46017 Alzira;Total;2019;44.352
46017 Alzira;Total;2018;44.393
46017 Alzira;Total;2017;44.255
46017 Alzira;Total;2016;44.488
46038 Andilla;Total;2025;338
46038 Andilla;Total;2024;324
46038 Andilla;Total;2023;311
46038 Andilla;Total;2022;316
46038 Andilla;Total;2021;315
46038 Andilla;Total;2020;308
46038 Andilla;Total;2019;319
46038 Andilla;Total;2018;303
46038 Andilla;Total;2017;322
46038 Andilla;Total;2016;349
46039 Anna;Total;2025;2.600
46039 Anna;Total;2024;2.595
46039 Anna;Total;2023;2.593
46039 Anna;Total;2022;2.583
46039 Anna;Total;2021;2.627
46039 Anna;Total;2020;2.615
46039 Anna;Total;2019;2.628
46039 Anna;Total;2018;2.638
46039 Anna;Total;2017;2.639
46039 Anna;Total;2016;2.678
46040 Antella;Total;2025;1.130
46040 Antella;Total;2024;1.114
46040 Antella;Total;2023;1.114
46040 Antella;Total;2022;1.130
46040 Antella;Total;2021;1.127
46040 Antella;Total;2020;1.157
46040 Antella;Total;2019;1.175
46040 Antella;Total;2018;1.209
46040 Antella;Total;2017;1.233
46040 Antella;Total;2016;1.271
46041 Aras de los Olmos;Total;2025;401
46041 Aras de los Olmos;Total;2024;392
46041 Aras de los Olmos;Total;2023;381
46041 Aras de los Olmos;Total;2022;380
46041 Aras de los Olmos;Total;2021;374
46041 Aras de los Olmos;Total;2020;359
46041 Aras de los Olmos;Total;2019;381
46041 Aras de los Olmos;Total;2018;374
46041 Aras de los Olmos;Total;2017;375
46041 Aras de los Olmos;Total;2016;381
46003 Atzeneta d'Albaida;Total;2025;1.193
46003 Atzeneta d'Albaida;Total;2024;1.169
46003 Atzeneta d'Albaida;Total;2023;1.161
46003 Atzeneta d'Albaida;Total;2022;1.146
46003 Atzeneta d'Albaida;Total;2021;1.139
46003 Atzeneta d'Albaida;Total;2020;1.162
46003 Atzeneta d'Albaida;Total;2019;1.165
46003 Atzeneta d'Albaida;Total;2018;1.162
46003 Atzeneta d'Albaida;Total;2017;1.155
46003 Atzeneta d'Albaida;Total;2016;1.153
46044 Ayora;Total;2025;5.282
46044 Ayora;Total;2024;5.284
46044 Ayora;Total;2023;5.223
46044 Ayora;Total;2022;5.187
46044 Ayora;Total;2021;5.215
46044 Ayora;Total;2020;5.283
46044 Ayora;Total;2019;5.312
46044 Ayora;Total;2018;5.276
46044 Ayora;Total;2017;5.311
46044 Ayora;Total;2016;5.320
46046 Barx;Total;2025;1.501
46046 Barx;Total;2024;1.498
46046 Barx;Total;2023;1.476
46046 Barx;Total;2022;1.400
46046 Barx;Total;2021;1.354
46046 Barx;Total;2020;1.303
46046 Barx;Total;2019;1.277
46046 Barx;Total;2018;1.229
46046 Barx;Total;2017;1.227
46046 Barx;Total;2016;1.280
46045 Barxeta;Total;2025;1.578
46045 Barxeta;Total;2024;1.586
46045 Barxeta;Total;2023;1.595
46045 Barxeta;Total;2022;1.576
46045 Barxeta;Total;2021;1.604
46045 Barxeta;Total;2020;1.586
46045 Barxeta;Total;2019;1.601
46045 Barxeta;Total;2018;1.604
46045 Barxeta;Total;2017;1.577
46045 Barxeta;Total;2016;1.607
46047 Bèlgida;Total;2025;651
46047 Bèlgida;Total;2024;640
46047 Bèlgida;Total;2023;632
46047 Bèlgida;Total;2022;639
46047 Bèlgida;Total;2021;654
46047 Bèlgida;Total;2020;679
46047 Bèlgida;Total;2019;673
46047 Bèlgida;Total;2018;672
46047 Bèlgida;Total;2017;690
46047 Bèlgida;Total;2016;689
46048 Bellreguard;Total;2025;5.032
46048 Bellreguard;Total;2024;4.943
46048 Bellreguard;Total;2023;4.811
46048 Bellreguard;Total;2022;4.713
46048 Bellreguard;Total;2021;4.632
46048 Bellreguard;Total;2020;4.618
46048 Bellreguard;Total;2019;4.608
46048 Bellreguard;Total;2018;4.549
46048 Bellreguard;Total;2017;4.550
46048 Bellreguard;Total;2016;4.582
46049 Bellús;Total;2025;317
46049 Bellús;Total;2024;302
46049 Bellús;Total;2023;306
46049 Bellús;Total;2022;301
46049 Bellús;Total;2021;311
46049 Bellús;Total;2020;299
46049 Bellús;Total;2019;304
46049 Bellús;Total;2018;314
46049 Bellús;Total;2017;315
46049 Bellús;Total;2016;319
46050 Benagéber;Total;2025;176
46050 Benagéber;Total;2024;171
46050 Benagéber;Total;2023;168
46050 Benagéber;Total;2022;170
46050 Benagéber;Total;2021;184
46050 Benagéber;Total;2020;180
46050 Benagéber;Total;2019;192
46050 Benagéber;Total;2018;190
46050 Benagéber;Total;2017;192
46050 Benagéber;Total;2016;207
46051 Benaguasil;Total;2025;12.668
46051 Benaguasil;Total;2024;12.336
46051 Benaguasil;Total;2023;11.877
46051 Benaguasil;Total;2022;11.568
46051 Benaguasil;Total;2021;11.369
46051 Benaguasil;Total;2020;11.256
46051 Benaguasil;Total;2019;10.988
46051 Benaguasil;Total;2018;10.878
46051 Benaguasil;Total;2017;10.960
46051 Benaguasil;Total;2016;10.967
46052 Benavites;Total;2025;652
46052 Benavites;Total;2024;661
46052 Benavites;Total;2023;674
46052 Benavites;Total;2022;667
46052 Benavites;Total;2021;653
46052 Benavites;Total;2020;638
46052 Benavites;Total;2019;619
46052 Benavites;Total;2018;594
46052 Benavites;Total;2017;613
46052 Benavites;Total;2016;613
46053 Beneixida;Total;2025;659
46053 Beneixida;Total;2024;649
46053 Beneixida;Total;2023;655
46053 Beneixida;Total;2022;652
46053 Beneixida;Total;2021;639
46053 Beneixida;Total;2020;627
46053 Beneixida;Total;2019;651
46053 Beneixida;Total;2018;648
46053 Beneixida;Total;2017;648
46053 Beneixida;Total;2016;674
46054 Benetússer;Total;2025;16.734
46054 Benetússer;Total;2024;16.322
46054 Benetússer;Total;2023;15.879
46054 Benetússer;Total;2022;15.493
46054 Benetússer;Total;2021;15.430
46054 Benetússer;Total;2020;15.000
46054 Benetússer;Total;2019;14.799
46054 Benetússer;Total;2018;14.668
46054 Benetússer;Total;2017;14.495
46054 Benetússer;Total;2016;14.505
46055 Beniarjó;Total;2025;1.964
46055 Beniarjó;Total;2024;1.907
46055 Beniarjó;Total;2023;1.872
46055 Beniarjó;Total;2022;1.791
46055 Beniarjó;Total;2021;1.780
46055 Beniarjó;Total;2020;1.767
46055 Beniarjó;Total;2019;1.765
46055 Beniarjó;Total;2018;1.746
46055 Beniarjó;Total;2017;1.759
46055 Beniarjó;Total;2016;1.756
46056 Beniatjar;Total;2025;209
46056 Beniatjar;Total;2024;209
46056 Beniatjar;Total;2023;217
46056 Beniatjar;Total;2022;207
46056 Beniatjar;Total;2021;207
46056 Beniatjar;Total;2020;219
46056 Beniatjar;Total;2019;223
46056 Beniatjar;Total;2018;224
46056 Beniatjar;Total;2017;219
46056 Beniatjar;Total;2016;226
46057 Benicolet;Total;2025;610
46057 Benicolet;Total;2024;605
46057 Benicolet;Total;2023;599
46057 Benicolet;Total;2022;597
46057 Benicolet;Total;2021;587
46057 Benicolet;Total;2020;574
46057 Benicolet;Total;2019;569
46057 Benicolet;Total;2018;582
46057 Benicolet;Total;2017;585
46057 Benicolet;Total;2016;610
46904 Benicull de Xúquer;Total;2025;1.179
46904 Benicull de Xúquer;Total;2024;1.144
46904 Benicull de Xúquer;Total;2023;1.134
46904 Benicull de Xúquer;Total;2022;1.102
46904 Benicull de Xúquer;Total;2021;1.095
46904 Benicull de Xúquer;Total;2020;1.048
46904 Benicull de Xúquer;Total;2019;1.012
46904 Benicull de Xúquer;Total;2018;974
46904 Benicull de Xúquer;Total;2017;970
46904 Benicull de Xúquer;Total;2016;972
46060 Benifaió;Total;2025;12.262
46060 Benifaió;Total;2024;12.130
46060 Benifaió;Total;2023;11.984
46060 Benifaió;Total;2022;11.877
46060 Benifaió;Total;2021;11.967
46060 Benifaió;Total;2020;11.989
46060 Benifaió;Total;2019;11.962
46060 Benifaió;Total;2018;11.930
46060 Benifaió;Total;2017;11.956
46060 Benifaió;Total;2016;11.903
46059 Benifairó de la Valldigna;Total;2025;1.588
46059 Benifairó de la Valldigna;Total;2024;1.560
46059 Benifairó de la Valldigna;Total;2023;1.554
46059 Benifairó de la Valldigna;Total;2022;1.552
46059 Benifairó de la Valldigna;Total;2021;1.542
46059 Benifairó de la Valldigna;Total;2020;1.558
46059 Benifairó de la Valldigna;Total;2019;1.571
46059 Benifairó de la Valldigna;Total;2018;1.580
46059 Benifairó de la Valldigna;Total;2017;1.596
46059 Benifairó de la Valldigna;Total;2016;1.600
46058 Benifairó de les Valls;Total;2025;2.359
46058 Benifairó de les Valls;Total;2024;2.318
46058 Benifairó de les Valls;Total;2023;2.320
46058 Benifairó de les Valls;Total;2022;2.314
46058 Benifairó de les Valls;Total;2021;2.268
46058 Benifairó de les Valls;Total;2020;2.213
46058 Benifairó de les Valls;Total;2019;2.186
46058 Benifairó de les Valls;Total;2018;2.168
46058 Benifairó de les Valls;Total;2017;2.205
46058 Benifairó de les Valls;Total;2016;2.218
46061 Beniflá;Total;2025;505
46061 Beniflá;Total;2024;502
46061 Beniflá;Total;2023;484
46061 Beniflá;Total;2022;475
46061 Beniflá;Total;2021;463
46061 Beniflá;Total;2020;460
46061 Beniflá;Total;2019;457
46061 Beniflá;Total;2018;455
46061 Beniflá;Total;2017;458
46061 Beniflá;Total;2016;453
46062 Benigànim;Total;2025;5.759
46062 Benigànim;Total;2024;5.695
46062 Benigànim;Total;2023;5.716
46062 Benigànim;Total;2022;5.718
46062 Benigànim;Total;2021;5.742
46062 Benigànim;Total;2020;5.779
46062 Benigànim;Total;2019;5.841
46062 Benigànim;Total;2018;5.899
46062 Benigànim;Total;2017;5.850
46062 Benigànim;Total;2016;5.912
46063 Benimodo;Total;2025;2.332
46063 Benimodo;Total;2024;2.316
46063 Benimodo;Total;2023;2.279
46063 Benimodo;Total;2022;2.233
46063 Benimodo;Total;2021;2.253
46063 Benimodo;Total;2020;2.272
46063 Benimodo;Total;2019;2.268
46063 Benimodo;Total;2018;2.241
46063 Benimodo;Total;2017;2.230
46063 Benimodo;Total;2016;2.237
46064 Benimuslem;Total;2025;674
46064 Benimuslem;Total;2024;665
46064 Benimuslem;Total;2023;665
46064 Benimuslem;Total;2022;662
46064 Benimuslem;Total;2021;653
46064 Benimuslem;Total;2020;667
46064 Benimuslem;Total;2019;653
46064 Benimuslem;Total;2018;660
46064 Benimuslem;Total;2017;656
46064 Benimuslem;Total;2016;644
46065 Beniparrell;Total;2025;2.108
46065 Beniparrell;Total;2024;2.091
46065 Beniparrell;Total;2023;2.074
46065 Beniparrell;Total;2022;2.020
46065 Beniparrell;Total;2021;2.024
46065 Beniparrell;Total;2020;2.015
46065 Beniparrell;Total;2019;1.952
46065 Beniparrell;Total;2018;1.931
46065 Beniparrell;Total;2017;1.964
46065 Beniparrell;Total;2016;1.948
46066 Benirredrà;Total;2025;1.576
46066 Benirredrà;Total;2024;1.561
46066 Benirredrà;Total;2023;1.571
46066 Benirredrà;Total;2022;1.548
46066 Benirredrà;Total;2021;1.547
46066 Benirredrà;Total;2020;1.555
46066 Benirredrà;Total;2019;1.592
46066 Benirredrà;Total;2018;1.576
46066 Benirredrà;Total;2017;1.570
46066 Benirredrà;Total;2016;1.596
46067 Benissanó;Total;2025;2.449
46067 Benissanó;Total;2024;2.427
46067 Benissanó;Total;2023;2.385
46067 Benissanó;Total;2022;2.345
46067 Benissanó;Total;2021;2.334
46067 Benissanó;Total;2020;2.291
46067 Benissanó;Total;2019;2.260
46067 Benissanó;Total;2018;2.224
46067 Benissanó;Total;2017;2.238
46067 Benissanó;Total;2016;2.226
46068 Benissoda;Total;2025;494
46068 Benissoda;Total;2024;485
46068 Benissoda;Total;2023;460
46068 Benissoda;Total;2022;456
46068 Benissoda;Total;2021;441
46068 Benissoda;Total;2020;432
46068 Benissoda;Total;2019;430
46068 Benissoda;Total;2018;418
46068 Benissoda;Total;2017;425
46068 Benissoda;Total;2016;429
46069 Benissuera;Total;2025;196
46069 Benissuera;Total;2024;185
46069 Benissuera;Total;2023;185
46069 Benissuera;Total;2022;188
46069 Benissuera;Total;2021;183
46069 Benissuera;Total;2020;185
46069 Benissuera;Total;2019;194
46069 Benissuera;Total;2018;180
46069 Benissuera;Total;2017;194
46069 Benissuera;Total;2016;187
46070 Bétera;Total;2025;28.560
46070 Bétera;Total;2024;27.584
46070 Bétera;Total;2023;26.759
46070 Bétera;Total;2022;26.289
46070 Bétera;Total;2021;25.423
46070 Bétera;Total;2020;24.604
46070 Bétera;Total;2019;24.272
46070 Bétera;Total;2018;23.647
46070 Bétera;Total;2017;23.178
46070 Bétera;Total;2016;22.696
46071 Bicorp;Total;2025;546
46071 Bicorp;Total;2024;560
46071 Bicorp;Total;2023;549
46071 Bicorp;Total;2022;524
46071 Bicorp;Total;2021;527
46071 Bicorp;Total;2020;529
46071 Bicorp;Total;2019;533
46071 Bicorp;Total;2018;524
46071 Bicorp;Total;2017;526
46071 Bicorp;Total;2016;527
46072 Bocairent;Total;2025;4.130
46072 Bocairent;Total;2024;4.148
46072 Bocairent;Total;2023;4.115
46072 Bocairent;Total;2022;4.123
46072 Bocairent;Total;2021;4.101
46072 Bocairent;Total;2020;4.142
46072 Bocairent;Total;2019;4.195
46072 Bocairent;Total;2018;4.214
46072 Bocairent;Total;2017;4.271
46072 Bocairent;Total;2016;4.288
46073 Bolbaite;Total;2025;1.320
46073 Bolbaite;Total;2024;1.333
46073 Bolbaite;Total;2023;1.334
46073 Bolbaite;Total;2022;1.338
46073 Bolbaite;Total;2021;1.336
46073 Bolbaite;Total;2020;1.324
46073 Bolbaite;Total;2019;1.356
46073 Bolbaite;Total;2018;1.347
46073 Bolbaite;Total;2017;1.362
46073 Bolbaite;Total;2016;1.369
46074 Bonrepòs i Mirambell;Total;2025;4.115
46074 Bonrepòs i Mirambell;Total;2024;4.048
46074 Bonrepòs i Mirambell;Total;2023;3.907
46074 Bonrepòs i Mirambell;Total;2022;3.831
46074 Bonrepòs i Mirambell;Total;2021;3.780
46074 Bonrepòs i Mirambell;Total;2020;3.738
46074 Bonrepòs i Mirambell;Total;2019;3.691
46074 Bonrepòs i Mirambell;Total;2018;3.645
46074 Bonrepòs i Mirambell;Total;2017;3.629
46074 Bonrepòs i Mirambell;Total;2016;3.614
46075 Bufali;Total;2025;162
46075 Bufali;Total;2024;154
46075 Bufali;Total;2023;156
46075 Bufali;Total;2022;156
46075 Bufali;Total;2021;163
46075 Bufali;Total;2020;156
46075 Bufali;Total;2019;161
46075 Bufali;Total;2018;159
46075 Bufali;Total;2017;163
46075 Bufali;Total;2016;168
46076 Bugarra;Total;2025;774
46076 Bugarra;Total;2024;781
46076 Bugarra;Total;2023;783
46076 Bugarra;Total;2022;747
46076 Bugarra;Total;2021;728
46076 Bugarra;Total;2020;739
46076 Bugarra;Total;2019;727
46076 Bugarra;Total;2018;715
46076 Bugarra;Total;2017;711
46076 Bugarra;Total;2016;728
46077 Buñol;Total;2025;9.858
46077 Buñol;Total;2024;9.765
46077 Buñol;Total;2023;9.579
46077 Buñol;Total;2022;9.503
46077 Buñol;Total;2021;9.438
46077 Buñol;Total;2020;9.498
46077 Buñol;Total;2019;9.408
46077 Buñol;Total;2018;9.517
46077 Buñol;Total;2017;9.596
46077 Buñol;Total;2016;9.618
46078 Burjassot;Total;2025;41.299
46078 Burjassot;Total;2024;40.634
46078 Burjassot;Total;2023;39.702
46078 Burjassot;Total;2022;38.880
46078 Burjassot;Total;2021;38.712
46078 Burjassot;Total;2020;38.632
46078 Burjassot;Total;2019;38.024
46078 Burjassot;Total;2018;37.584
46078 Burjassot;Total;2017;37.575
46078 Burjassot;Total;2016;37.324
46079 Calles;Total;2025;465
46079 Calles;Total;2024;447
46079 Calles;Total;2023;431
46079 Calles;Total;2022;374
46079 Calles;Total;2021;368
46079 Calles;Total;2020;355
46079 Calles;Total;2019;355
46079 Calles;Total;2018;342
46079 Calles;Total;2017;345
46079 Calles;Total;2016;364
46080 Camporrobles;Total;2025;1.183
46080 Camporrobles;Total;2024;1.188
46080 Camporrobles;Total;2023;1.189
46080 Camporrobles;Total;2022;1.196
46080 Camporrobles;Total;2021;1.204
46080 Camporrobles;Total;2020;1.198
46080 Camporrobles;Total;2019;1.191
46080 Camporrobles;Total;2018;1.195
46080 Camporrobles;Total;2017;1.217
46080 Camporrobles;Total;2016;1.255
46081 Canals;Total;2025;13.746
46081 Canals;Total;2024;13.415
46081 Canals;Total;2023;13.162
46081 Canals;Total;2022;13.187
46081 Canals;Total;2021;13.257
46081 Canals;Total;2020;13.516
46081 Canals;Total;2019;13.587
46081 Canals;Total;2018;13.588
46081 Canals;Total;2017;13.631
46081 Canals;Total;2016;13.775
46082 Canet d'En Berenguer;Total;2025;8.297
46082 Canet d'En Berenguer;Total;2024;7.771
46082 Canet d'En Berenguer;Total;2023;7.265
46082 Canet d'En Berenguer;Total;2022;6.942
46082 Canet d'En Berenguer;Total;2021;6.812
46082 Canet d'En Berenguer;Total;2020;6.765
46082 Canet d'En Berenguer;Total;2019;6.697
46082 Canet d'En Berenguer;Total;2018;6.575
46082 Canet d'En Berenguer;Total;2017;6.473
46082 Canet d'En Berenguer;Total;2016;6.513
46083 Carcaixent;Total;2025;21.934
46083 Carcaixent;Total;2024;21.317
46083 Carcaixent;Total;2023;20.777
46083 Carcaixent;Total;2022;20.498
46083 Carcaixent;Total;2021;20.494
46083 Carcaixent;Total;2020;20.436
46083 Carcaixent;Total;2019;20.358
46083 Carcaixent;Total;2018;20.424
46083 Carcaixent;Total;2017;20.483
46083 Carcaixent;Total;2016;20.520
46084 Càrcer;Total;2025;1.795
46084 Càrcer;Total;2024;1.806
46084 Càrcer;Total;2023;1.826
46084 Càrcer;Total;2022;1.808
46084 Càrcer;Total;2021;1.822
46084 Càrcer;Total;2020;1.827
46084 Càrcer;Total;2019;1.862
46084 Càrcer;Total;2018;1.876
46084 Càrcer;Total;2017;1.923
46084 Càrcer;Total;2016;1.949
46085 Carlet;Total;2025;16.857
46085 Carlet;Total;2024;16.428
46085 Carlet;Total;2023;16.141
46085 Carlet;Total;2022;15.945
46085 Carlet;Total;2021;15.851
46085 Carlet;Total;2020;15.740
46085 Carlet;Total;2019;15.598
46085 Carlet;Total;2018;15.514
46085 Carlet;Total;2017;15.446
46085 Carlet;Total;2016;15.384
46086 Carrícola;Total;2025;97
46086 Carrícola;Total;2024;99
46086 Carrícola;Total;2023;102
46086 Carrícola;Total;2022;99
46086 Carrícola;Total;2021;102
46086 Carrícola;Total;2020;99
46086 Carrícola;Total;2019;94
46086 Carrícola;Total;2018;93
46086 Carrícola;Total;2017;95
46086 Carrícola;Total;2016;95
46087 Casas Altas;Total;2025;118
46087 Casas Altas;Total;2024;139
46087 Casas Altas;Total;2023;146
46087 Casas Altas;Total;2022;132
46087 Casas Altas;Total;2021;132
46087 Casas Altas;Total;2020;131
46087 Casas Altas;Total;2019;131
46087 Casas Altas;Total;2018;136
46087 Casas Altas;Total;2017;139
46087 Casas Altas;Total;2016;148
46088 Casas Bajas;Total;2025;158
46088 Casas Bajas;Total;2024;167
46088 Casas Bajas;Total;2023;173
46088 Casas Bajas;Total;2022;171
46088 Casas Bajas;Total;2021;164
46088 Casas Bajas;Total;2020;163
46088 Casas Bajas;Total;2019;164
46088 Casas Bajas;Total;2018;172
46088 Casas Bajas;Total;2017;172
46088 Casas Bajas;Total;2016;179
46089 Casinos;Total;2025;3.153
46089 Casinos;Total;2024;3.113
46089 Casinos;Total;2023;3.091
46089 Casinos;Total;2022;2.994
46089 Casinos;Total;2021;2.881
46089 Casinos;Total;2020;2.780
46089 Casinos;Total;2019;2.777
46089 Casinos;Total;2018;2.773
46089 Casinos;Total;2017;2.759
46089 Casinos;Total;2016;2.783
46257 Castelló;Total;2025;6.972
46257 Castelló;Total;2024;6.897
46257 Castelló;Total;2023;6.891
46257 Castelló;Total;2022;6.932
46257 Castelló;Total;2021;6.996
46257 Castelló;Total;2020;7.054
46257 Castelló;Total;2019;7.049
46257 Castelló;Total;2018;7.095
46257 Castelló;Total;2017;7.209
46257 Castelló;Total;2016;7.266
46090 Castelló de Rugat;Total;2025;2.345
46090 Castelló de Rugat;Total;2024;2.352
46090 Castelló de Rugat;Total;2023;2.322
46090 Castelló de Rugat;Total;2022;2.315
46090 Castelló de Rugat;Total;2021;2.316
46090 Castelló de Rugat;Total;2020;2.298
46090 Castelló de Rugat;Total;2019;2.274
46090 Castelló de Rugat;Total;2018;2.275
46090 Castelló de Rugat;Total;2017;2.278
46090 Castelló de Rugat;Total;2016;2.277
46091 Castellonet de la Conquesta;Total;2025;159
46091 Castellonet de la Conquesta;Total;2024;144
46091 Castellonet de la Conquesta;Total;2023;149
46091 Castellonet de la Conquesta;Total;2022;137
46091 Castellonet de la Conquesta;Total;2021;139
46091 Castellonet de la Conquesta;Total;2020;141
46091 Castellonet de la Conquesta;Total;2019;147
46091 Castellonet de la Conquesta;Total;2018;145
46091 Castellonet de la Conquesta;Total;2017;138
46091 Castellonet de la Conquesta;Total;2016;141
46092 Castielfabib;Total;2025;284
46092 Castielfabib;Total;2024;287
46092 Castielfabib;Total;2023;297
46092 Castielfabib;Total;2022;291
46092 Castielfabib;Total;2021;299
46092 Castielfabib;Total;2020;308
46092 Castielfabib;Total;2019;317
46092 Castielfabib;Total;2018;306
46092 Castielfabib;Total;2017;311
46092 Castielfabib;Total;2016;330
46093 Catadau;Total;2025;3.005
46093 Catadau;Total;2024;2.967
46093 Catadau;Total;2023;2.939
46093 Catadau;Total;2022;2.862
46093 Catadau;Total;2021;2.846
46093 Catadau;Total;2020;2.804
46093 Catadau;Total;2019;2.777
46093 Catadau;Total;2018;2.830
46093 Catadau;Total;2017;2.773
46093 Catadau;Total;2016;2.737
46094 Catarroja;Total;2025;30.604
46094 Catarroja;Total;2024;30.142
46094 Catarroja;Total;2023;29.316
46094 Catarroja;Total;2022;28.679
46094 Catarroja;Total;2021;28.509
46094 Catarroja;Total;2020;28.608
46094 Catarroja;Total;2019;28.120
46094 Catarroja;Total;2018;27.827
46094 Catarroja;Total;2017;27.752
46094 Catarroja;Total;2016;27.728
46095 Caudete de las Fuentes;Total;2025;725
46095 Caudete de las Fuentes;Total;2024;720
46095 Caudete de las Fuentes;Total;2023;693
46095 Caudete de las Fuentes;Total;2022;701
46095 Caudete de las Fuentes;Total;2021;701
46095 Caudete de las Fuentes;Total;2020;711
46095 Caudete de las Fuentes;Total;2019;700
46095 Caudete de las Fuentes;Total;2018;696
46095 Caudete de las Fuentes;Total;2017;706
46095 Caudete de las Fuentes;Total;2016;743
46096 Cerdà;Total;2025;370
46096 Cerdà;Total;2024;367
46096 Cerdà;Total;2023;360
46096 Cerdà;Total;2022;351
46096 Cerdà;Total;2021;345
46096 Cerdà;Total;2020;331
46096 Cerdà;Total;2019;331
46096 Cerdà;Total;2018;334
46096 Cerdà;Total;2017;341
46096 Cerdà;Total;2016;363
46107 Chella;Total;2025;2.452
46107 Chella;Total;2024;2.439
46107 Chella;Total;2023;2.445
46107 Chella;Total;2022;2.434
46107 Chella;Total;2021;2.437
46107 Chella;Total;2020;2.472
46107 Chella;Total;2019;2.435
46107 Chella;Total;2018;2.469
46107 Chella;Total;2017;2.513
46107 Chella;Total;2016;2.530
46106 Chelva;Total;2025;1.863
46106 Chelva;Total;2024;1.677
46106 Chelva;Total;2023;1.645
46106 Chelva;Total;2022;1.597
46106 Chelva;Total;2021;1.583
46106 Chelva;Total;2020;1.531
46106 Chelva;Total;2019;1.489
46106 Chelva;Total;2018;1.498
46106 Chelva;Total;2017;1.516
46106 Chelva;Total;2016;1.466
46108 Chera;Total;2025;508
46108 Chera;Total;2024;491
46108 Chera;Total;2023;483
46108 Chera;Total;2022;492
46108 Chera;Total;2021;490
46108 Chera;Total;2020;469
46108 Chera;Total;2019;474
46108 Chera;Total;2018;494
46108 Chera;Total;2017;484
46108 Chera;Total;2016;510
46109 Cheste;Total;2025;8.951
46109 Cheste;Total;2024;9.022
46109 Cheste;Total;2023;8.962
46109 Cheste;Total;2022;8.971
46109 Cheste;Total;2021;8.871
46109 Cheste;Total;2020;8.735
46109 Cheste;Total;2019;8.494
46109 Cheste;Total;2018;8.319
46109 Cheste;Total;2017;8.372
46109 Cheste;Total;2016;8.471
46111 Chiva;Total;2025;17.951
46111 Chiva;Total;2024;17.245
46111 Chiva;Total;2023;16.750
46111 Chiva;Total;2022;16.285
46111 Chiva;Total;2021;15.769
46111 Chiva;Total;2020;15.414
46111 Chiva;Total;2019;15.123
46111 Chiva;Total;2018;14.941
46111 Chiva;Total;2017;14.867
46111 Chiva;Total;2016;14.758
46112 Chulilla;Total;2025;710
46112 Chulilla;Total;2024;677
46112 Chulilla;Total;2023;687
46112 Chulilla;Total;2022;692
46112 Chulilla;Total;2021;700
46112 Chulilla;Total;2020;662
46112 Chulilla;Total;2019;665
46112 Chulilla;Total;2018;615
46112 Chulilla;Total;2017;628
46112 Chulilla;Total;2016;632
46097 Cofrentes;Total;2025;1.113
46097 Cofrentes;Total;2024;1.123
46097 Cofrentes;Total;2023;1.130
46097 Cofrentes;Total;2022;1.112
46097 Cofrentes;Total;2021;1.122
46097 Cofrentes;Total;2020;1.123
46097 Cofrentes;Total;2019;1.130
46097 Cofrentes;Total;2018;1.125
46097 Cofrentes;Total;2017;1.104
46097 Cofrentes;Total;2016;1.114
46098 Corbera;Total;2025;3.266
46098 Corbera;Total;2024;3.173
46098 Corbera;Total;2023;3.118
46098 Corbera;Total;2022;3.097
46098 Corbera;Total;2021;3.088
46098 Corbera;Total;2020;3.088
46098 Corbera;Total;2019;3.100
46098 Corbera;Total;2018;3.160
46098 Corbera;Total;2017;3.190
46098 Corbera;Total;2016;3.207
46099 Cortes de Pallás;Total;2025;727
46099 Cortes de Pallás;Total;2024;758
46099 Cortes de Pallás;Total;2023;753
46099 Cortes de Pallás;Total;2022;733
46099 Cortes de Pallás;Total;2021;758
46099 Cortes de Pallás;Total;2020;771
46099 Cortes de Pallás;Total;2019;814
46099 Cortes de Pallás;Total;2018;818
46099 Cortes de Pallás;Total;2017;876
46099 Cortes de Pallás;Total;2016;968
46100 Cotes;Total;2025;314
46100 Cotes;Total;2024;311
46100 Cotes;Total;2023;314
46100 Cotes;Total;2022;323
46100 Cotes;Total;2021;326
46100 Cotes;Total;2020;333
46100 Cotes;Total;2019;333
46100 Cotes;Total;2018;332
46100 Cotes;Total;2017;336
46100 Cotes;Total;2016;354
46105 Cullera;Total;2025;24.702
46105 Cullera;Total;2024;24.181
46105 Cullera;Total;2023;23.753
46105 Cullera;Total;2022;22.937
46105 Cullera;Total;2021;22.708
46105 Cullera;Total;2020;22.521
46105 Cullera;Total;2019;22.145
46105 Cullera;Total;2018;21.918
46105 Cullera;Total;2017;21.999
46105 Cullera;Total;2016;22.139
46113 Daimús;Total;2025;3.524
46113 Daimús;Total;2024;3.419
46113 Daimús;Total;2023;3.348
46113 Daimús;Total;2022;3.274
46113 Daimús;Total;2021;3.277
46113 Daimús;Total;2020;3.196
46113 Daimús;Total;2019;3.117
46113 Daimús;Total;2018;3.128
46113 Daimús;Total;2017;3.018
46113 Daimús;Total;2016;3.058
46114 Domeño;Total;2025;723
46114 Domeño;Total;2024;691
46114 Domeño;Total;2023;684
46114 Domeño;Total;2022;656
46114 Domeño;Total;2021;670
46114 Domeño;Total;2020;673
46114 Domeño;Total;2019;708
46114 Domeño;Total;2018;704
46114 Domeño;Total;2017;689
46114 Domeño;Total;2016;686
46115 Dos Aguas;Total;2025;340
46115 Dos Aguas;Total;2024;338
46115 Dos Aguas;Total;2023;340
46115 Dos Aguas;Total;2022;325
46115 Dos Aguas;Total;2021;312
46115 Dos Aguas;Total;2020;327
46115 Dos Aguas;Total;2019;376
46115 Dos Aguas;Total;2018;355
46115 Dos Aguas;Total;2017;379
46115 Dos Aguas;Total;2016;394
46116 Eliana, l';Total;2025;19.839
46116 Eliana, l';Total;2024;19.597
46116 Eliana, l';Total;2023;19.054
46116 Eliana, l';Total;2022;18.544
46116 Eliana, l';Total;2021;18.302
46116 Eliana, l';Total;2020;18.362
46116 Eliana, l';Total;2019;18.235
46116 Eliana, l';Total;2018;18.050
46116 Eliana, l';Total;2017;17.760
46116 Eliana, l';Total;2016;17.591
46117 Emperador;Total;2025;700
46117 Emperador;Total;2024;693
46117 Emperador;Total;2023;717
46117 Emperador;Total;2022;705
46117 Emperador;Total;2021;698
46117 Emperador;Total;2020;688
46117 Emperador;Total;2019;687
46117 Emperador;Total;2018;692
46117 Emperador;Total;2017;707
46117 Emperador;Total;2016;676
46118 Enguera;Total;2025;4.807
46118 Enguera;Total;2024;4.769
46118 Enguera;Total;2023;4.781
46118 Enguera;Total;2022;4.770
46118 Enguera;Total;2021;4.779
46118 Enguera;Total;2020;4.777
46118 Enguera;Total;2019;4.752
46118 Enguera;Total;2018;4.800
46118 Enguera;Total;2017;4.926
46118 Enguera;Total;2016;5.027
46119 Énova, l';Total;2025;952
46119 Énova, l';Total;2024;924
46119 Énova, l';Total;2023;914
46119 Énova, l';Total;2022;908
46119 Énova, l';Total;2021;912
46119 Énova, l';Total;2020;902
46119 Énova, l';Total;2019;887
46119 Énova, l';Total;2018;903
46119 Énova, l';Total;2017;919
46119 Énova, l';Total;2016;936
46120 Estivella;Total;2025;1.710
46120 Estivella;Total;2024;1.631
46120 Estivella;Total;2023;1.598
46120 Estivella;Total;2022;1.559
46120 Estivella;Total;2021;1.491
46120 Estivella;Total;2020;1.441
46120 Estivella;Total;2019;1.456
46120 Estivella;Total;2018;1.432
46120 Estivella;Total;2017;1.416
46120 Estivella;Total;2016;1.374
46121 Estubeny;Total;2025;110
46121 Estubeny;Total;2024;109
46121 Estubeny;Total;2023;114
46121 Estubeny;Total;2022;109
46121 Estubeny;Total;2021;114
46121 Estubeny;Total;2020;125
46121 Estubeny;Total;2019;121
46121 Estubeny;Total;2018;122
46121 Estubeny;Total;2017;119
46121 Estubeny;Total;2016;118
46122 Faura;Total;2025;3.753
46122 Faura;Total;2024;3.671
46122 Faura;Total;2023;3.619
46122 Faura;Total;2022;3.568
46122 Faura;Total;2021;3.563
46122 Faura;Total;2020;3.553
46122 Faura;Total;2019;3.538
46122 Faura;Total;2018;3.547
46122 Faura;Total;2017;3.503
46122 Faura;Total;2016;3.493
46123 Favara;Total;2025;2.776
46123 Favara;Total;2024;2.701
46123 Favara;Total;2023;2.664
46123 Favara;Total;2022;2.578
46123 Favara;Total;2021;2.563
46123 Favara;Total;2020;2.504
46123 Favara;Total;2019;2.518
46123 Favara;Total;2018;2.490
46123 Favara;Total;2017;2.473
46123 Favara;Total;2016;2.467
46126 Foios;Total;2025;7.995
46126 Foios;Total;2024;7.761
46126 Foios;Total;2023;7.641
46126 Foios;Total;2022;7.496
46126 Foios;Total;2021;7.502
46126 Foios;Total;2020;7.452
46126 Foios;Total;2019;7.367
46126 Foios;Total;2018;7.342
46126 Foios;Total;2017;7.234
46126 Foios;Total;2016;7.208
46128 Font de la Figuera, la;Total;2025;2.022
46128 Font de la Figuera, la;Total;2024;2.043
46128 Font de la Figuera, la;Total;2023;2.031
46128 Font de la Figuera, la;Total;2022;2.024
46128 Font de la Figuera, la;Total;2021;2.025
46128 Font de la Figuera, la;Total;2020;2.027
46128 Font de la Figuera, la;Total;2019;2.038
46128 Font de la Figuera, la;Total;2018;2.038
46128 Font de la Figuera, la;Total;2017;2.067
46128 Font de la Figuera, la;Total;2016;2.109
46127 Font d'en Carròs, la;Total;2025;4.020
46127 Font d'en Carròs, la;Total;2024;3.938
46127 Font d'en Carròs, la;Total;2023;3.858
46127 Font d'en Carròs, la;Total;2022;3.857
46127 Font d'en Carròs, la;Total;2021;3.793
46127 Font d'en Carròs, la;Total;2020;3.778
46127 Font d'en Carròs, la;Total;2019;3.794
46127 Font d'en Carròs, la;Total;2018;3.790
46127 Font d'en Carròs, la;Total;2017;3.743
46127 Font d'en Carròs, la;Total;2016;3.764
46124 Fontanars dels Alforins;Total;2025;936
46124 Fontanars dels Alforins;Total;2024;947
46124 Fontanars dels Alforins;Total;2023;951
46124 Fontanars dels Alforins;Total;2022;953
46124 Fontanars dels Alforins;Total;2021;959
46124 Fontanars dels Alforins;Total;2020;959
46124 Fontanars dels Alforins;Total;2019;971
46124 Fontanars dels Alforins;Total;2018;979
46124 Fontanars dels Alforins;Total;2017;985
46124 Fontanars dels Alforins;Total;2016;973
46125 Fortaleny;Total;2025;1.024
46125 Fortaleny;Total;2024;1.005
46125 Fortaleny;Total;2023;1.004
46125 Fortaleny;Total;2022;1.026
46125 Fortaleny;Total;2021;1.011
46125 Fortaleny;Total;2020;1.020
46125 Fortaleny;Total;2019;1.026
46125 Fortaleny;Total;2018;1.030
46125 Fortaleny;Total;2017;1.033
46125 Fortaleny;Total;2016;1.021
46129 Fuenterrobles;Total;2025;678
46129 Fuenterrobles;Total;2024;695
46129 Fuenterrobles;Total;2023;688
46129 Fuenterrobles;Total;2022;690
46129 Fuenterrobles;Total;2021;694
46129 Fuenterrobles;Total;2020;694
46129 Fuenterrobles;Total;2019;682
46129 Fuenterrobles;Total;2018;682
46129 Fuenterrobles;Total;2017;709
46129 Fuenterrobles;Total;2016;690
46131 Gandia;Total;2025;83.135
46131 Gandia;Total;2024;80.095
46131 Gandia;Total;2023;78.108
46131 Gandia;Total;2022;75.911
46131 Gandia;Total;2021;75.970
46131 Gandia;Total;2020;75.798
46131 Gandia;Total;2019;74.562
46131 Gandia;Total;2018;73.829
46131 Gandia;Total;2017;74.121
46131 Gandia;Total;2016;74.814
46902 Gátova;Total;2025;452
46902 Gátova;Total;2024;429
46902 Gátova;Total;2023;410
46902 Gátova;Total;2022;412
46902 Gátova;Total;2021;419
46902 Gátova;Total;2020;405
46902 Gátova;Total;2019;378
46902 Gátova;Total;2018;392
46902 Gátova;Total;2017;398
46902 Gátova;Total;2016;366
46130 Gavarda;Total;2025;1.023
46130 Gavarda;Total;2024;1.036
46130 Gavarda;Total;2023;1.058
46130 Gavarda;Total;2022;1.053
46130 Gavarda;Total;2021;1.035
46130 Gavarda;Total;2020;1.042
46130 Gavarda;Total;2019;1.038
46130 Gavarda;Total;2018;1.058
46130 Gavarda;Total;2017;1.073
46130 Gavarda;Total;2016;1.089
46132 Genovés, el;Total;2025;2.822
46132 Genovés, el;Total;2024;2.823
46132 Genovés, el;Total;2023;2.778
46132 Genovés, el;Total;2022;2.780
46132 Genovés, el;Total;2021;2.785
46132 Genovés, el;Total;2020;2.778
46132 Genovés, el;Total;2019;2.842
46132 Genovés, el;Total;2018;2.828
46132 Genovés, el;Total;2017;2.815
46132 Genovés, el;Total;2016;2.809
46133 Gestalgar;Total;2025;587
46133 Gestalgar;Total;2024;560
46133 Gestalgar;Total;2023;569
46133 Gestalgar;Total;2022;547
46133 Gestalgar;Total;2021;541
46133 Gestalgar;Total;2020;548
46133 Gestalgar;Total;2019;556
46133 Gestalgar;Total;2018;554
46133 Gestalgar;Total;2017;596
46133 Gestalgar;Total;2016;634
46134 Gilet;Total;2025;4.011
46134 Gilet;Total;2024;3.887
46134 Gilet;Total;2023;3.818
46134 Gilet;Total;2022;3.601
46134 Gilet;Total;2021;3.501
46134 Gilet;Total;2020;3.404
46134 Gilet;Total;2019;3.324
46134 Gilet;Total;2018;3.276
46134 Gilet;Total;2017;3.308
46134 Gilet;Total;2016;3.304
46135 Godella;Total;2025;13.533
46135 Godella;Total;2024;13.437
46135 Godella;Total;2023;13.414
46135 Godella;Total;2022;13.050
46135 Godella;Total;2021;13.027
46135 Godella;Total;2020;13.131
46135 Godella;Total;2019;13.088
46135 Godella;Total;2018;13.058
46135 Godella;Total;2017;13.031
46135 Godella;Total;2016;13.029
46136 Godelleta;Total;2025;4.266
46136 Godelleta;Total;2024;4.182
46136 Godelleta;Total;2023;4.148
46136 Godelleta;Total;2022;3.942
46136 Godelleta;Total;2021;3.714
46136 Godelleta;Total;2020;3.584
46136 Godelleta;Total;2019;3.533
46136 Godelleta;Total;2018;3.462
46136 Godelleta;Total;2017;3.391
46136 Godelleta;Total;2016;3.396
46137 Granja de la Costera, la;Total;2025;306
46137 Granja de la Costera, la;Total;2024;294
46137 Granja de la Costera, la;Total;2023;288
46137 Granja de la Costera, la;Total;2022;276
46137 Granja de la Costera, la;Total;2021;281
46137 Granja de la Costera, la;Total;2020;295
46137 Granja de la Costera, la;Total;2019;285
46137 Granja de la Costera, la;Total;2018;297
46137 Granja de la Costera, la;Total;2017;312
46137 Granja de la Costera, la;Total;2016;333
46138 Guadasséquies;Total;2025;478
46138 Guadasséquies;Total;2024;468
46138 Guadasséquies;Total;2023;480
46138 Guadasséquies;Total;2022;475
46138 Guadasséquies;Total;2021;459
46138 Guadasséquies;Total;2020;456
46138 Guadasséquies;Total;2019;468
46138 Guadasséquies;Total;2018;444
46138 Guadasséquies;Total;2017;459
46138 Guadasséquies;Total;2016;456
46139 Guadassuar;Total;2025;6.039
46139 Guadassuar;Total;2024;5.992
46139 Guadassuar;Total;2023;5.961
46139 Guadassuar;Total;2022;5.910
46139 Guadassuar;Total;2021;5.938
46139 Guadassuar;Total;2020;5.902
46139 Guadassuar;Total;2019;5.893
46139 Guadassuar;Total;2018;5.914
46139 Guadassuar;Total;2017;5.913
46139 Guadassuar;Total;2016;5.898
46140 Guardamar de la Safor;Total;2025;622
46140 Guardamar de la Safor;Total;2024;607
46140 Guardamar de la Safor;Total;2023;605
46140 Guardamar de la Safor;Total;2022;567
46140 Guardamar de la Safor;Total;2021;547
46140 Guardamar de la Safor;Total;2020;531
46140 Guardamar de la Safor;Total;2019;526
46140 Guardamar de la Safor;Total;2018;491
46140 Guardamar de la Safor;Total;2017;472
46140 Guardamar de la Safor;Total;2016;490
46141 Higueruelas;Total;2025;567
46141 Higueruelas;Total;2024;534
46141 Higueruelas;Total;2023;522
46141 Higueruelas;Total;2022;510
46141 Higueruelas;Total;2021;524
46141 Higueruelas;Total;2020;501
46141 Higueruelas;Total;2019;500
46141 Higueruelas;Total;2018;508
46141 Higueruelas;Total;2017;503
46141 Higueruelas;Total;2016;511
46142 Jalance;Total;2025;808
46142 Jalance;Total;2024;803
46142 Jalance;Total;2023;810
46142 Jalance;Total;2022;788
46142 Jalance;Total;2021;795
46142 Jalance;Total;2020;834
46142 Jalance;Total;2019;830
46142 Jalance;Total;2018;845
46142 Jalance;Total;2017;852
46142 Jalance;Total;2016;885
46144 Jarafuel;Total;2025;788
46144 Jarafuel;Total;2024;757
46144 Jarafuel;Total;2023;765
46144 Jarafuel;Total;2022;777
46144 Jarafuel;Total;2021;772
46144 Jarafuel;Total;2020;769
46144 Jarafuel;Total;2019;754
46144 Jarafuel;Total;2018;776
46144 Jarafuel;Total;2017;785
46144 Jarafuel;Total;2016;785
46154 Llanera de Ranes;Total;2025;1.062
46154 Llanera de Ranes;Total;2024;1.057
46154 Llanera de Ranes;Total;2023;1.054
46154 Llanera de Ranes;Total;2022;1.066
46154 Llanera de Ranes;Total;2021;1.056
46154 Llanera de Ranes;Total;2020;1.047
46154 Llanera de Ranes;Total;2019;1.055
46154 Llanera de Ranes;Total;2018;1.049
46154 Llanera de Ranes;Total;2017;1.042
46154 Llanera de Ranes;Total;2016;1.046
46155 Llaurí;Total;2025;1.226
46155 Llaurí;Total;2024;1.236
46155 Llaurí;Total;2023;1.208
46155 Llaurí;Total;2022;1.193
46155 Llaurí;Total;2021;1.169
46155 Llaurí;Total;2020;1.130
46155 Llaurí;Total;2019;1.170
46155 Llaurí;Total;2018;1.209
46155 Llaurí;Total;2017;1.221
46155 Llaurí;Total;2016;1.212
46147 Llíria;Total;2025;25.333
46147 Llíria;Total;2024;25.077
46147 Llíria;Total;2023;24.518
46147 Llíria;Total;2022;24.036
46147 Llíria;Total;2021;23.648
46147 Llíria;Total;2020;23.482
46147 Llíria;Total;2019;23.253
46147 Llíria;Total;2018;22.972
46147 Llíria;Total;2017;22.793
46147 Llíria;Total;2016;22.796
46152 Llocnou de la Corona;Total;2025;132
46152 Llocnou de la Corona;Total;2024;121
46152 Llocnou de la Corona;Total;2023;124
46152 Llocnou de la Corona;Total;2022;109
46152 Llocnou de la Corona;Total;2021;124
46152 Llocnou de la Corona;Total;2020;124
46152 Llocnou de la Corona;Total;2019;118
46152 Llocnou de la Corona;Total;2018;118
46152 Llocnou de la Corona;Total;2017;116
46152 Llocnou de la Corona;Total;2016;137
46153 Llocnou de Sant Jeroni;Total;2025;594
46153 Llocnou de Sant Jeroni;Total;2024;586
46153 Llocnou de Sant Jeroni;Total;2023;567
46153 Llocnou de Sant Jeroni;Total;2022;577
46153 Llocnou de Sant Jeroni;Total;2021;557
46153 Llocnou de Sant Jeroni;Total;2020;554
46153 Llocnou de Sant Jeroni;Total;2019;546
46153 Llocnou de Sant Jeroni;Total;2018;542
46153 Llocnou de Sant Jeroni;Total;2017;544
46153 Llocnou de Sant Jeroni;Total;2016;543
46151 Llocnou d'En Fenollet;Total;2025;944
46151 Llocnou d'En Fenollet;Total;2024;924
46151 Llocnou d'En Fenollet;Total;2023;908
46151 Llocnou d'En Fenollet;Total;2022;924
46151 Llocnou d'En Fenollet;Total;2021;912
46151 Llocnou d'En Fenollet;Total;2020;916
46151 Llocnou d'En Fenollet;Total;2019;916
46151 Llocnou d'En Fenollet;Total;2018;893
46151 Llocnou d'En Fenollet;Total;2017;887
46151 Llocnou d'En Fenollet;Total;2016;907
46156 Llombai;Total;2025;2.791
46156 Llombai;Total;2024;2.767
46156 Llombai;Total;2023;2.687
46156 Llombai;Total;2022;2.648
46156 Llombai;Total;2021;2.651
46156 Llombai;Total;2020;2.653
46156 Llombai;Total;2019;2.685
46156 Llombai;Total;2018;2.686
46156 Llombai;Total;2017;2.702
46156 Llombai;Total;2016;2.753
46157 Llosa de Ranes, la;Total;2025;3.765
46157 Llosa de Ranes, la;Total;2024;3.736
46157 Llosa de Ranes, la;Total;2023;3.681
46157 Llosa de Ranes, la;Total;2022;3.652
46157 Llosa de Ranes, la;Total;2021;3.687
46157 Llosa de Ranes, la;Total;2020;3.642
46157 Llosa de Ranes, la;Total;2019;3.575
46157 Llosa de Ranes, la;Total;2018;3.585
46157 Llosa de Ranes, la;Total;2017;3.599
46157 Llosa de Ranes, la;Total;2016;3.511
46150 Llutxent;Total;2025;2.314
46150 Llutxent;Total;2024;2.335
46150 Llutxent;Total;2023;2.324
46150 Llutxent;Total;2022;2.318
46150 Llutxent;Total;2021;2.315
46150 Llutxent;Total;2020;2.326
46150 Llutxent;Total;2019;2.345
46150 Llutxent;Total;2018;2.373
46150 Llutxent;Total;2017;2.367
46150 Llutxent;Total;2016;2.402
46148 Loriguilla;Total;2025;2.188
46148 Loriguilla;Total;2024;2.186
46148 Loriguilla;Total;2023;2.171
46148 Loriguilla;Total;2022;2.100
46148 Loriguilla;Total;2021;2.027
46148 Loriguilla;Total;2020;2.035
46148 Loriguilla;Total;2019;2.025
46148 Loriguilla;Total;2018;1.984
46148 Loriguilla;Total;2017;1.985
46148 Loriguilla;Total;2016;1.998
46149 Losa del Obispo;Total;2025;531
46149 Losa del Obispo;Total;2024;523
46149 Losa del Obispo;Total;2023;520
46149 Losa del Obispo;Total;2022;527
46149 Losa del Obispo;Total;2021;531
46149 Losa del Obispo;Total;2020;505
46149 Losa del Obispo;Total;2019;507
46149 Losa del Obispo;Total;2018;504
46149 Losa del Obispo;Total;2017;510
46149 Losa del Obispo;Total;2016;514
46158 Macastre;Total;2025;1.461
46158 Macastre;Total;2024;1.475
46158 Macastre;Total;2023;1.437
46158 Macastre;Total;2022;1.387
46158 Macastre;Total;2021;1.338
46158 Macastre;Total;2020;1.300
46158 Macastre;Total;2019;1.283
46158 Macastre;Total;2018;1.240
46158 Macastre;Total;2017;1.236
46158 Macastre;Total;2016;1.237
46159 Manises;Total;2025;32.609
46159 Manises;Total;2024;32.273
46159 Manises;Total;2023;31.573
46159 Manises;Total;2022;31.170
46159 Manises;Total;2021;31.287
46159 Manises;Total;2020;31.240
46159 Manises;Total;2019;30.919
46159 Manises;Total;2018;30.693
46159 Manises;Total;2017;30.630
46159 Manises;Total;2016;30.704
46160 Manuel;Total;2025;2.560
46160 Manuel;Total;2024;2.524
46160 Manuel;Total;2023;2.500
46160 Manuel;Total;2022;2.496
46160 Manuel;Total;2021;2.452
46160 Manuel;Total;2020;2.436
46160 Manuel;Total;2019;2.428
46160 Manuel;Total;2018;2.439
46160 Manuel;Total;2017;2.448
46160 Manuel;Total;2016;2.459
46161 Marines;Total;2025;1.967
46161 Marines;Total;2024;1.921
46161 Marines;Total;2023;1.955
46161 Marines;Total;2022;1.942
46161 Marines;Total;2021;1.894
46161 Marines;Total;2020;1.848
46161 Marines;Total;2019;1.828
46161 Marines;Total;2018;1.828
46161 Marines;Total;2017;1.858
46161 Marines;Total;2016;1.869
46162 Massalavés;Total;2025;1.905
46162 Massalavés;Total;2024;1.811
46162 Massalavés;Total;2023;1.739
46162 Massalavés;Total;2022;1.696
46162 Massalavés;Total;2021;1.632
46162 Massalavés;Total;2020;1.610
46162 Massalavés;Total;2019;1.596
46162 Massalavés;Total;2018;1.575
46162 Massalavés;Total;2017;1.596
46162 Massalavés;Total;2016;1.571
46163 Massalfassar;Total;2025;2.716
46163 Massalfassar;Total;2024;2.653
46163 Massalfassar;Total;2023;2.609
46163 Massalfassar;Total;2022;2.587
46163 Massalfassar;Total;2021;2.574
46163 Massalfassar;Total;2020;2.555
46163 Massalfassar;Total;2019;2.469
46163 Massalfassar;Total;2018;2.480
46163 Massalfassar;Total;2017;2.462
46163 Massalfassar;Total;2016;2.472
46164 Massamagrell;Total;2025;17.566
46164 Massamagrell;Total;2024;17.216
46164 Massamagrell;Total;2023;16.766
46164 Massamagrell;Total;2022;16.223
46164 Massamagrell;Total;2021;16.132
46164 Massamagrell;Total;2020;16.163
46164 Massamagrell;Total;2019;15.952
46164 Massamagrell;Total;2018;15.752
46164 Massamagrell;Total;2017;15.553
46164 Massamagrell;Total;2016;15.574
46165 Massanassa;Total;2025;10.607
46165 Massanassa;Total;2024;10.345
46165 Massanassa;Total;2023;10.146
46165 Massanassa;Total;2022;9.929
46165 Massanassa;Total;2021;9.845
46165 Massanassa;Total;2020;9.782
46165 Massanassa;Total;2019;9.667
46165 Massanassa;Total;2018;9.538
46165 Massanassa;Total;2017;9.375
46165 Massanassa;Total;2016;9.341
46166 Meliana;Total;2025;11.055
46166 Meliana;Total;2024;10.990
46166 Meliana;Total;2023;10.918
46166 Meliana;Total;2022;10.881
46166 Meliana;Total;2021;10.926
46166 Meliana;Total;2020;10.970
46166 Meliana;Total;2019;10.822
46166 Meliana;Total;2018;10.662
46166 Meliana;Total;2017;10.678
46166 Meliana;Total;2016;10.619
46167 Millares;Total;2025;321
46167 Millares;Total;2024;329
46167 Millares;Total;2023;330
46167 Millares;Total;2022;339
46167 Millares;Total;2021;341
46167 Millares;Total;2020;331
46167 Millares;Total;2019;345
46167 Millares;Total;2018;346
46167 Millares;Total;2017;349
46167 Millares;Total;2016;369
46168 Miramar;Total;2025;3.143
46168 Miramar;Total;2024;3.020
46168 Miramar;Total;2023;2.978
46168 Miramar;Total;2022;2.831
46168 Miramar;Total;2021;2.740
46168 Miramar;Total;2020;2.685
46168 Miramar;Total;2019;2.634
46168 Miramar;Total;2018;2.599
46168 Miramar;Total;2017;2.608
46168 Miramar;Total;2016;2.609
46169 Mislata;Total;2025;47.079
46169 Mislata;Total;2024;46.153
46169 Mislata;Total;2023;45.644
46169 Mislata;Total;2022;44.282
46169 Mislata;Total;2021;44.320
46169 Mislata;Total;2020;44.320
46169 Mislata;Total;2019;43.691
46169 Mislata;Total;2018;43.278
46169 Mislata;Total;2017;43.042
46169 Mislata;Total;2016;42.988
46170 Moixent/Mogente;Total;2025;4.401
46170 Moixent/Mogente;Total;2024;4.373
46170 Moixent/Mogente;Total;2023;4.383
46170 Moixent/Mogente;Total;2022;4.365
46170 Moixent/Mogente;Total;2021;4.326
46170 Moixent/Mogente;Total;2020;4.307
46170 Moixent/Mogente;Total;2019;4.302
46170 Moixent/Mogente;Total;2018;4.318
46170 Moixent/Mogente;Total;2017;4.371
46170 Moixent/Mogente;Total;2016;4.378
46173 Montaverner;Total;2025;1.624
46173 Montaverner;Total;2024;1.626
46173 Montaverner;Total;2023;1.617
46173 Montaverner;Total;2022;1.627
46173 Montaverner;Total;2021;1.630
46173 Montaverner;Total;2020;1.635
46173 Montaverner;Total;2019;1.630
46173 Montaverner;Total;2018;1.631
46173 Montaverner;Total;2017;1.666
46173 Montaverner;Total;2016;1.691
46171 Montcada/Moncada;Total;2025;22.213
46171 Montcada/Moncada;Total;2024;21.993
46171 Montcada/Moncada;Total;2023;22.067
46171 Montcada/Moncada;Total;2022;21.913
46171 Montcada/Moncada;Total;2021;21.875
46171 Montcada/Moncada;Total;2020;22.021
46171 Montcada/Moncada;Total;2019;21.935
46171 Montcada/Moncada;Total;2018;21.802
46171 Montcada/Moncada;Total;2017;21.623
46171 Montcada/Moncada;Total;2016;21.700
46174 Montesa;Total;2025;1.128
46174 Montesa;Total;2024;1.134
46174 Montesa;Total;2023;1.132
46174 Montesa;Total;2022;1.152
46174 Montesa;Total;2021;1.149
46174 Montesa;Total;2020;1.155
46174 Montesa;Total;2019;1.164
46174 Montesa;Total;2018;1.180
46174 Montesa;Total;2017;1.204
46174 Montesa;Total;2016;1.227
46175 Montitxelvo/Montichelvo;Total;2025;556
46175 Montitxelvo/Montichelvo;Total;2024;577
46175 Montitxelvo/Montichelvo;Total;2023;558
46175 Montitxelvo/Montichelvo;Total;2022;571
46175 Montitxelvo/Montichelvo;Total;2021;588
46175 Montitxelvo/Montichelvo;Total;2020;585
46175 Montitxelvo/Montichelvo;Total;2019;584
46175 Montitxelvo/Montichelvo;Total;2018;605
46175 Montitxelvo/Montichelvo;Total;2017;614
46175 Montitxelvo/Montichelvo;Total;2016;644
46176 Montroi/Montroy;Total;2025;3.792
46176 Montroi/Montroy;Total;2024;3.477
46176 Montroi/Montroy;Total;2023;3.295
46176 Montroi/Montroy;Total;2022;3.185
46176 Montroi/Montroy;Total;2021;3.069
46176 Montroi/Montroy;Total;2020;2.956
46176 Montroi/Montroy;Total;2019;2.867
46176 Montroi/Montroy;Total;2018;2.822
46176 Montroi/Montroy;Total;2017;2.865
46176 Montroi/Montroy;Total;2016;2.907
46172 Montserrat;Total;2025;10.062
46172 Montserrat;Total;2024;9.656
46172 Montserrat;Total;2023;9.312
46172 Montserrat;Total;2022;9.017
46172 Montserrat;Total;2021;8.655
46172 Montserrat;Total;2020;8.188
46172 Montserrat;Total;2019;7.878
46172 Montserrat;Total;2018;7.583
46172 Montserrat;Total;2017;7.419
46172 Montserrat;Total;2016;7.295
46177 Museros;Total;2025;6.871
46177 Museros;Total;2024;6.739
46177 Museros;Total;2023;6.741
46177 Museros;Total;2022;6.663
46177 Museros;Total;2021;6.618
46177 Museros;Total;2020;6.596
46177 Museros;Total;2019;6.458
46177 Museros;Total;2018;6.291
46177 Museros;Total;2017;6.164
46177 Museros;Total;2016;6.252
46178 Nàquera/Náquera;Total;2025;8.556
46178 Nàquera/Náquera;Total;2024;8.308
46178 Nàquera/Náquera;Total;2023;8.102
46178 Nàquera/Náquera;Total;2022;7.728
46178 Nàquera/Náquera;Total;2021;7.301
46178 Nàquera/Náquera;Total;2020;6.897
46178 Nàquera/Náquera;Total;2019;6.577
46178 Nàquera/Náquera;Total;2018;6.205
46178 Nàquera/Náquera;Total;2017;6.058
46178 Nàquera/Náquera;Total;2016;6.087
46179 Navarrés;Total;2025;3.027
46179 Navarrés;Total;2024;3.055
46179 Navarrés;Total;2023;3.061
46179 Navarrés;Total;2022;2.989
46179 Navarrés;Total;2021;3.004
46179 Navarrés;Total;2020;3.004
46179 Navarrés;Total;2019;2.968
46179 Navarrés;Total;2018;2.975
46179 Navarrés;Total;2017;3.031
46179 Navarrés;Total;2016;3.056
46180 Novetlè;Total;2025;872
46180 Novetlè;Total;2024;849
46180 Novetlè;Total;2023;856
46180 Novetlè;Total;2022;861
46180 Novetlè;Total;2021;853
46180 Novetlè;Total;2020;857
46180 Novetlè;Total;2019;837
46180 Novetlè;Total;2018;838
46180 Novetlè;Total;2017;858
46180 Novetlè;Total;2016;854
46181 Oliva;Total;2025;26.813
46181 Oliva;Total;2024;26.122
46181 Oliva;Total;2023;25.558
46181 Oliva;Total;2022;25.179
46181 Oliva;Total;2021;25.119
46181 Oliva;Total;2020;25.224
46181 Oliva;Total;2019;25.101
46181 Oliva;Total;2018;25.199
46181 Oliva;Total;2017;25.488
46181 Oliva;Total;2016;25.789
46183 Olleria, l';Total;2025;8.818
46183 Olleria, l';Total;2024;8.648
46183 Olleria, l';Total;2023;8.421
46183 Olleria, l';Total;2022;8.355
46183 Olleria, l';Total;2021;8.404
46183 Olleria, l';Total;2020;8.320
46183 Olleria, l';Total;2019;8.281
46183 Olleria, l';Total;2018;8.225
46183 Olleria, l';Total;2017;8.261
46183 Olleria, l';Total;2016;8.311
46182 Olocau;Total;2025;2.534
46182 Olocau;Total;2024;2.425
46182 Olocau;Total;2023;2.303
46182 Olocau;Total;2022;2.148
46182 Olocau;Total;2021;2.028
46182 Olocau;Total;2020;1.828
46182 Olocau;Total;2019;1.771
46182 Olocau;Total;2018;1.766
46182 Olocau;Total;2017;1.750
46182 Olocau;Total;2016;1.685
46184 Ontinyent;Total;2025;37.012
46184 Ontinyent;Total;2024;36.430
46184 Ontinyent;Total;2023;36.194
46184 Ontinyent;Total;2022;35.946
46184 Ontinyent;Total;2021;35.946
46184 Ontinyent;Total;2020;35.761
46184 Ontinyent;Total;2019;35.347
46184 Ontinyent;Total;2018;35.395
46184 Ontinyent;Total;2017;35.342
46184 Ontinyent;Total;2016;35.534
46185 Otos;Total;2025;442
46185 Otos;Total;2024;440
46185 Otos;Total;2023;436
46185 Otos;Total;2022;428
46185 Otos;Total;2021;428
46185 Otos;Total;2020;422
46185 Otos;Total;2019;434
46185 Otos;Total;2018;446
46185 Otos;Total;2017;450
46185 Otos;Total;2016;448
46186 Paiporta;Total;2025;28.136
46186 Paiporta;Total;2024;27.748
46186 Paiporta;Total;2023;27.184
46186 Paiporta;Total;2022;26.567
46186 Paiporta;Total;2021;26.401
46186 Paiporta;Total;2020;26.514
46186 Paiporta;Total;2019;26.088
46186 Paiporta;Total;2018;25.309
46186 Paiporta;Total;2017;25.241
46186 Paiporta;Total;2016;25.084
46187 Palma de Gandía;Total;2025;1.897
46187 Palma de Gandía;Total;2024;1.816
46187 Palma de Gandía;Total;2023;1.735
46187 Palma de Gandía;Total;2022;1.686
46187 Palma de Gandía;Total;2021;1.660
46187 Palma de Gandía;Total;2020;1.709
46187 Palma de Gandía;Total;2019;1.631
46187 Palma de Gandía;Total;2018;1.543
46187 Palma de Gandía;Total;2017;1.511
46187 Palma de Gandía;Total;2016;1.561
46188 Palmera;Total;2025;1.038
46188 Palmera;Total;2024;1.028
46188 Palmera;Total;2023;1.043
46188 Palmera;Total;2022;1.040
46188 Palmera;Total;2021;1.024
46188 Palmera;Total;2020;1.018
46188 Palmera;Total;2019;1.024
46188 Palmera;Total;2018;1.047
46188 Palmera;Total;2017;1.024
46188 Palmera;Total;2016;1.011
46189 Palomar, el;Total;2025;593
46189 Palomar, el;Total;2024;598
46189 Palomar, el;Total;2023;574
46189 Palomar, el;Total;2022;566
46189 Palomar, el;Total;2021;562
46189 Palomar, el;Total;2020;567
46189 Palomar, el;Total;2019;590
46189 Palomar, el;Total;2018;576
46189 Palomar, el;Total;2017;579
46189 Palomar, el;Total;2016;581
46190 Paterna;Total;2025;76.019
46190 Paterna;Total;2024;74.822
46190 Paterna;Total;2023;73.488
46190 Paterna;Total;2022;71.880
46190 Paterna;Total;2021;71.361
46190 Paterna;Total;2020;71.035
46190 Paterna;Total;2019;70.195
46190 Paterna;Total;2018;69.156
46190 Paterna;Total;2017;68.547
46190 Paterna;Total;2016;67.854
46191 Pedralba;Total;2025;3.225
46191 Pedralba;Total;2024;3.124
46191 Pedralba;Total;2023;3.048
46191 Pedralba;Total;2022;2.966
46191 Pedralba;Total;2021;2.852
46191 Pedralba;Total;2020;2.814
46191 Pedralba;Total;2019;2.778
46191 Pedralba;Total;2018;2.777
46191 Pedralba;Total;2017;2.785
46191 Pedralba;Total;2016;2.813
46192 Petrés;Total;2025;1.124
46192 Petrés;Total;2024;1.142
46192 Petrés;Total;2023;1.096
46192 Petrés;Total;2022;1.057
46192 Petrés;Total;2021;1.012
46192 Petrés;Total;2020;999
46192 Petrés;Total;2019;997
46192 Petrés;Total;2018;969
46192 Petrés;Total;2017;968
46192 Petrés;Total;2016;959
46193 Picanya;Total;2025;11.901
46193 Picanya;Total;2024;11.876
46193 Picanya;Total;2023;11.760
46193 Picanya;Total;2022;11.665
46193 Picanya;Total;2021;11.692
46193 Picanya;Total;2020;11.606
46193 Picanya;Total;2019;11.513
46193 Picanya;Total;2018;11.409
46193 Picanya;Total;2017;11.278
46193 Picanya;Total;2016;11.281
46194 Picassent;Total;2025;23.202
46194 Picassent;Total;2024;22.695
46194 Picassent;Total;2023;22.236
46194 Picassent;Total;2022;21.761
46194 Picassent;Total;2021;21.487
46194 Picassent;Total;2020;21.263
46194 Picassent;Total;2019;20.942
46194 Picassent;Total;2018;20.709
46194 Picassent;Total;2017;20.658
46194 Picassent;Total;2016;20.498
46195 Piles;Total;2025;3.151
46195 Piles;Total;2024;3.195
46195 Piles;Total;2023;3.031
46195 Piles;Total;2022;2.882
46195 Piles;Total;2021;2.742
46195 Piles;Total;2020;2.740
46195 Piles;Total;2019;2.685
46195 Piles;Total;2018;2.688
46195 Piles;Total;2017;2.712
46195 Piles;Total;2016;2.757
46196 Pinet;Total;2025;156
46196 Pinet;Total;2024;148
46196 Pinet;Total;2023;155
46196 Pinet;Total;2022;155
46196 Pinet;Total;2021;161
46196 Pinet;Total;2020;157
46196 Pinet;Total;2019;157
46196 Pinet;Total;2018;156
46196 Pinet;Total;2017;159
46196 Pinet;Total;2016;163
46199 Pobla de Farnals, la;Total;2025;9.255
46199 Pobla de Farnals, la;Total;2024;9.076
46199 Pobla de Farnals, la;Total;2023;8.699
46199 Pobla de Farnals, la;Total;2022;8.368
46199 Pobla de Farnals, la;Total;2021;8.205
46199 Pobla de Farnals, la;Total;2020;8.128
46199 Pobla de Farnals, la;Total;2019;7.978
46199 Pobla de Farnals, la;Total;2018;7.840
46199 Pobla de Farnals, la;Total;2017;7.747
46199 Pobla de Farnals, la;Total;2016;7.698
46202 Pobla de Vallbona, la;Total;2025;27.471
46202 Pobla de Vallbona, la;Total;2024;27.056
46202 Pobla de Vallbona, la;Total;2023;26.435
46202 Pobla de Vallbona, la;Total;2022;25.625
46202 Pobla de Vallbona, la;Total;2021;25.275
46202 Pobla de Vallbona, la;Total;2020;24.858
46202 Pobla de Vallbona, la;Total;2019;24.433
46202 Pobla de Vallbona, la;Total;2018;24.068
46202 Pobla de Vallbona, la;Total;2017;23.684
46202 Pobla de Vallbona, la;Total;2016;23.403
46200 Pobla del Duc, la;Total;2025;2.451
46200 Pobla del Duc, la;Total;2024;2.449
46200 Pobla del Duc, la;Total;2023;2.438
46200 Pobla del Duc, la;Total;2022;2.447
46200 Pobla del Duc, la;Total;2021;2.483
46200 Pobla del Duc, la;Total;2020;2.515
46200 Pobla del Duc, la;Total;2019;2.543
46200 Pobla del Duc, la;Total;2018;2.537
46200 Pobla del Duc, la;Total;2017;2.589
46200 Pobla del Duc, la;Total;2016;2.564
46203 Pobla Llarga, la;Total;2025;4.665
46203 Pobla Llarga, la;Total;2024;4.569
46203 Pobla Llarga, la;Total;2023;4.529
46203 Pobla Llarga, la;Total;2022;4.443
46203 Pobla Llarga, la;Total;2021;4.440
46203 Pobla Llarga, la;Total;2020;4.452
46203 Pobla Llarga, la;Total;2019;4.452
46203 Pobla Llarga, la;Total;2018;4.482
46203 Pobla Llarga, la;Total;2017;4.493
46203 Pobla Llarga, la;Total;2016;4.546
46197 Polinyà de Xúquer;Total;2025;2.577
46197 Polinyà de Xúquer;Total;2024;2.551
46197 Polinyà de Xúquer;Total;2023;2.550
46197 Polinyà de Xúquer;Total;2022;2.493
46197 Polinyà de Xúquer;Total;2021;2.495
46197 Polinyà de Xúquer;Total;2020;2.503
46197 Polinyà de Xúquer;Total;2019;2.472
46197 Polinyà de Xúquer;Total;2018;2.459
46197 Polinyà de Xúquer;Total;2017;2.484
46197 Polinyà de Xúquer;Total;2016;2.464
46198 Potries;Total;2025;1.135
46198 Potries;Total;2024;1.104
46198 Potries;Total;2023;1.080
46198 Potries;Total;2022;1.075
46198 Potries;Total;2021;1.065
46198 Potries;Total;2020;1.060
46198 Potries;Total;2019;1.046
46198 Potries;Total;2018;1.014
46198 Potries;Total;2017;1.013
46198 Potries;Total;2016;1.017
46205 Puçol;Total;2025;21.659
46205 Puçol;Total;2024;21.298
46205 Puçol;Total;2023;20.731
46205 Puçol;Total;2022;20.191
46205 Puçol;Total;2021;19.975
46205 Puçol;Total;2020;19.737
46205 Puçol;Total;2019;19.495
46205 Puçol;Total;2018;19.455
46205 Puçol;Total;2017;19.531
46205 Puçol;Total;2016;19.438
46201 Puebla de San Miguel;Total;2025;53
46201 Puebla de San Miguel;Total;2024;51
46201 Puebla de San Miguel;Total;2023;53
46201 Puebla de San Miguel;Total;2022;59
46201 Puebla de San Miguel;Total;2021;60
46201 Puebla de San Miguel;Total;2020;61
46201 Puebla de San Miguel;Total;2019;62
46201 Puebla de San Miguel;Total;2018;61
46201 Puebla de San Miguel;Total;2017;62
46201 Puebla de San Miguel;Total;2016;64
46204 Puig de Santa Maria, el;Total;2025;9.490
46204 Puig de Santa Maria, el;Total;2024;9.367
46204 Puig de Santa Maria, el;Total;2023;8.992
46204 Puig de Santa Maria, el;Total;2022;8.792
46204 Puig de Santa Maria, el;Total;2021;8.737
46204 Puig de Santa Maria, el;Total;2020;8.718
46204 Puig de Santa Maria, el;Total;2019;8.630
46204 Puig de Santa Maria, el;Total;2018;8.566
46204 Puig de Santa Maria, el;Total;2017;8.618
46204 Puig de Santa Maria, el;Total;2016;8.735
46101 Quart de les Valls;Total;2025;1.029
46101 Quart de les Valls;Total;2024;1.040
46101 Quart de les Valls;Total;2023;1.050
46101 Quart de les Valls;Total;2022;1.049
46101 Quart de les Valls;Total;2021;1.050
46101 Quart de les Valls;Total;2020;1.024
46101 Quart de les Valls;Total;2019;988
46101 Quart de les Valls;Total;2018;992
46101 Quart de les Valls;Total;2017;1.042
46101 Quart de les Valls;Total;2016;1.039
46102 Quart de Poblet;Total;2025;26.967
46102 Quart de Poblet;Total;2024;26.304
46102 Quart de Poblet;Total;2023;25.590
46102 Quart de Poblet;Total;2022;25.167
46102 Quart de Poblet;Total;2021;25.035
46102 Quart de Poblet;Total;2020;25.062
46102 Quart de Poblet;Total;2019;24.760
46102 Quart de Poblet;Total;2018;24.536
46102 Quart de Poblet;Total;2017;24.491
46102 Quart de Poblet;Total;2016;24.776
46103 Quartell;Total;2025;1.810
46103 Quartell;Total;2024;1.657
46103 Quartell;Total;2023;1.672
46103 Quartell;Total;2022;1.683
46103 Quartell;Total;2021;1.640
46103 Quartell;Total;2020;1.655
46103 Quartell;Total;2019;1.636
46103 Quartell;Total;2018;1.561
46103 Quartell;Total;2017;1.539
46103 Quartell;Total;2016;1.538
46104 Quatretonda;Total;2025;2.174
46104 Quatretonda;Total;2024;2.206
46104 Quatretonda;Total;2023;2.190
46104 Quatretonda;Total;2022;2.143
46104 Quatretonda;Total;2021;2.146
46104 Quatretonda;Total;2020;2.202
46104 Quatretonda;Total;2019;2.212
46104 Quatretonda;Total;2018;2.239
46104 Quatretonda;Total;2017;2.278
46104 Quatretonda;Total;2016;2.338
46206 Quesa;Total;2025;691
46206 Quesa;Total;2024;675
46206 Quesa;Total;2023;661
46206 Quesa;Total;2022;647
46206 Quesa;Total;2021;669
46206 Quesa;Total;2020;663
46206 Quesa;Total;2019;670
46206 Quesa;Total;2018;662
46206 Quesa;Total;2017;673
46206 Quesa;Total;2016;680
46207 Rafelbunyol;Total;2025;9.974
46207 Rafelbunyol;Total;2024;9.710
46207 Rafelbunyol;Total;2023;9.467
46207 Rafelbunyol;Total;2022;9.381
46207 Rafelbunyol;Total;2021;9.351
46207 Rafelbunyol;Total;2020;9.149
46207 Rafelbunyol;Total;2019;8.941
46207 Rafelbunyol;Total;2018;8.929
46207 Rafelbunyol;Total;2017;8.870
46207 Rafelbunyol;Total;2016;8.907
46208 Rafelcofer;Total;2025;1.409
46208 Rafelcofer;Total;2024;1.374
46208 Rafelcofer;Total;2023;1.372
46208 Rafelcofer;Total;2022;1.386
46208 Rafelcofer;Total;2021;1.365
46208 Rafelcofer;Total;2020;1.355
46208 Rafelcofer;Total;2019;1.345
46208 Rafelcofer;Total;2018;1.358
46208 Rafelcofer;Total;2017;1.375
46208 Rafelcofer;Total;2016;1.374
46209 Rafelguaraf;Total;2025;2.395
46209 Rafelguaraf;Total;2024;2.350
46209 Rafelguaraf;Total;2023;2.351
46209 Rafelguaraf;Total;2022;2.360
46209 Rafelguaraf;Total;2021;2.358
46209 Rafelguaraf;Total;2020;2.355
46209 Rafelguaraf;Total;2019;2.335
46209 Rafelguaraf;Total;2018;2.370
46209 Rafelguaraf;Total;2017;2.394
46209 Rafelguaraf;Total;2016;2.403
46210 Ráfol de Salem;Total;2025;463
46210 Ráfol de Salem;Total;2024;464
46210 Ráfol de Salem;Total;2023;467
46210 Ráfol de Salem;Total;2022;443
46210 Ráfol de Salem;Total;2021;449
46210 Ráfol de Salem;Total;2020;442
46210 Ráfol de Salem;Total;2019;462
46210 Ráfol de Salem;Total;2018;440
46210 Ráfol de Salem;Total;2017;425
46210 Ráfol de Salem;Total;2016;423
46212 Real;Total;2025;2.497
46212 Real;Total;2024;2.435
46212 Real;Total;2023;2.410
46212 Real;Total;2022;2.287
46212 Real;Total;2021;2.250
46212 Real;Total;2020;2.207
46212 Real;Total;2019;2.154
46212 Real;Total;2018;2.152
46212 Real;Total;2017;2.184
46212 Real;Total;2016;2.263
46211 Real de Gandia, el;Total;2025;2.722
46211 Real de Gandia, el;Total;2024;2.670
46211 Real de Gandia, el;Total;2023;2.649
46211 Real de Gandia, el;Total;2022;2.574
46211 Real de Gandia, el;Total;2021;2.551
46211 Real de Gandia, el;Total;2020;2.531
46211 Real de Gandia, el;Total;2019;2.461
46211 Real de Gandia, el;Total;2018;2.395
46211 Real de Gandia, el;Total;2017;2.363
46211 Real de Gandia, el;Total;2016;2.286
46213 Requena;Total;2025;20.982
46213 Requena;Total;2024;20.740
46213 Requena;Total;2023;20.387
46213 Requena;Total;2022;20.058
46213 Requena;Total;2021;20.235
46213 Requena;Total;2020;20.405
46213 Requena;Total;2019;20.254
46213 Requena;Total;2018;20.227
46213 Requena;Total;2017;20.320
46213 Requena;Total;2016;20.510
46214 Riba-roja de Túria;Total;2025;24.616
46214 Riba-roja de Túria;Total;2024;24.230
46214 Riba-roja de Túria;Total;2023;23.555
46214 Riba-roja de Túria;Total;2022;23.050
46214 Riba-roja de Túria;Total;2021;22.799
46214 Riba-roja de Túria;Total;2020;22.761
46214 Riba-roja de Túria;Total;2019;22.264
46214 Riba-roja de Túria;Total;2018;21.992
46214 Riba-roja de Túria;Total;2017;21.626
46214 Riba-roja de Túria;Total;2016;21.521
46215 Riola;Total;2025;1.820
46215 Riola;Total;2024;1.770
46215 Riola;Total;2023;1.780
46215 Riola;Total;2022;1.793
46215 Riola;Total;2021;1.780
46215 Riola;Total;2020;1.790
46215 Riola;Total;2019;1.759
46215 Riola;Total;2018;1.734
46215 Riola;Total;2017;1.785
46215 Riola;Total;2016;1.832
46216 Rocafort;Total;2025;7.751
46216 Rocafort;Total;2024;7.753
46216 Rocafort;Total;2023;7.570
46216 Rocafort;Total;2022;7.603
46216 Rocafort;Total;2021;7.445
46216 Rocafort;Total;2020;7.314
46216 Rocafort;Total;2019;7.240
46216 Rocafort;Total;2018;7.160
46216 Rocafort;Total;2017;7.004
46216 Rocafort;Total;2016;6.940
46217 Rotglà i Corberà;Total;2025;1.171
46217 Rotglà i Corberà;Total;2024;1.158
46217 Rotglà i Corberà;Total;2023;1.165
46217 Rotglà i Corberà;Total;2022;1.163
46217 Rotglà i Corberà;Total;2021;1.146
46217 Rotglà i Corberà;Total;2020;1.117
46217 Rotglà i Corberà;Total;2019;1.138
46217 Rotglà i Corberà;Total;2018;1.114
46217 Rotglà i Corberà;Total;2017;1.108
46217 Rotglà i Corberà;Total;2016;1.123
46218 Ròtova;Total;2025;1.283
46218 Ròtova;Total;2024;1.271
46218 Ròtova;Total;2023;1.292
46218 Ròtova;Total;2022;1.265
46218 Ròtova;Total;2021;1.271
46218 Ròtova;Total;2020;1.293
46218 Ròtova;Total;2019;1.294
46218 Ròtova;Total;2018;1.262
46218 Ròtova;Total;2017;1.259
46218 Ròtova;Total;2016;1.276
46219 Rugat;Total;2025;165
46219 Rugat;Total;2024;171
46219 Rugat;Total;2023;166
46219 Rugat;Total;2022;175
46219 Rugat;Total;2021;180
46219 Rugat;Total;2020;174
46219 Rugat;Total;2019;158
46219 Rugat;Total;2018;162
46219 Rugat;Total;2017;158
46219 Rugat;Total;2016;179
46220 Sagunt/Sagunto;Total;2025;73.031
46220 Sagunt/Sagunto;Total;2024;71.377
46220 Sagunt/Sagunto;Total;2023;70.128
46220 Sagunt/Sagunto;Total;2022;68.066
46220 Sagunt/Sagunto;Total;2021;67.043
46220 Sagunt/Sagunto;Total;2020;67.173
46220 Sagunt/Sagunto;Total;2019;66.140
46220 Sagunt/Sagunto;Total;2018;65.669
46220 Sagunt/Sagunto;Total;2017;65.278
46220 Sagunt/Sagunto;Total;2016;64.439
46221 Salem;Total;2025;407
46221 Salem;Total;2024;394
46221 Salem;Total;2023;401
46221 Salem;Total;2022;411
46221 Salem;Total;2021;414
46221 Salem;Total;2020;418
46221 Salem;Total;2019;424
46221 Salem;Total;2018;433
46221 Salem;Total;2017;437
46221 Salem;Total;2016;437
46903 San Antonio de Benagéber;Total;2025;11.192
46903 San Antonio de Benagéber;Total;2024;10.630
46903 San Antonio de Benagéber;Total;2023;10.200
46903 San Antonio de Benagéber;Total;2022;9.874
46903 San Antonio de Benagéber;Total;2021;9.501
46903 San Antonio de Benagéber;Total;2020;9.286
46903 San Antonio de Benagéber;Total;2019;9.089
46903 San Antonio de Benagéber;Total;2018;8.846
46903 San Antonio de Benagéber;Total;2017;8.755
46903 San Antonio de Benagéber;Total;2016;8.463
46222 Sant Joanet;Total;2025;527
46222 Sant Joanet;Total;2024;526
46222 Sant Joanet;Total;2023;544
46222 Sant Joanet;Total;2022;534
46222 Sant Joanet;Total;2021;519
46222 Sant Joanet;Total;2020;507
46222 Sant Joanet;Total;2019;504
46222 Sant Joanet;Total;2018;486
46222 Sant Joanet;Total;2017;484
46222 Sant Joanet;Total;2016;480
46223 Sedaví;Total;2025;10.837
46223 Sedaví;Total;2024;10.908
46223 Sedaví;Total;2023;10.637
46223 Sedaví;Total;2022;10.349
46223 Sedaví;Total;2021;10.344
46223 Sedaví;Total;2020;10.391
46223 Sedaví;Total;2019;10.333
46223 Sedaví;Total;2018;10.245
46223 Sedaví;Total;2017;10.179
46223 Sedaví;Total;2016;10.172
46224 Segart;Total;2025;180
46224 Segart;Total;2024;167
46224 Segart;Total;2023;166
46224 Segart;Total;2022;174
46224 Segart;Total;2021;177
46224 Segart;Total;2020;164
46224 Segart;Total;2019;163
46224 Segart;Total;2018;158
46224 Segart;Total;2017;158
46224 Segart;Total;2016;159
46225 Sellent;Total;2025;383
46225 Sellent;Total;2024;383
46225 Sellent;Total;2023;381
46225 Sellent;Total;2022;380
46225 Sellent;Total;2021;377
46225 Sellent;Total;2020;384
46225 Sellent;Total;2019;389
46225 Sellent;Total;2018;379
46225 Sellent;Total;2017;376
46225 Sellent;Total;2016;382
46226 Sempere;Total;2025;33
46226 Sempere;Total;2024;29
46226 Sempere;Total;2023;31
46226 Sempere;Total;2022;26
46226 Sempere;Total;2021;26
46226 Sempere;Total;2020;30
46226 Sempere;Total;2019;34
46226 Sempere;Total;2018;35
46226 Sempere;Total;2017;41
46226 Sempere;Total;2016;48
46227 Senyera;Total;2025;1.114
46227 Senyera;Total;2024;1.124
46227 Senyera;Total;2023;1.122
46227 Senyera;Total;2022;1.108
46227 Senyera;Total;2021;1.132
46227 Senyera;Total;2020;1.134
46227 Senyera;Total;2019;1.136
46227 Senyera;Total;2018;1.143
46227 Senyera;Total;2017;1.149
46227 Senyera;Total;2016;1.172
46228 Serra;Total;2025;3.767
46228 Serra;Total;2024;3.725
46228 Serra;Total;2023;3.608
46228 Serra;Total;2022;3.405
46228 Serra;Total;2021;3.326
46228 Serra;Total;2020;3.187
46228 Serra;Total;2019;3.124
46228 Serra;Total;2018;3.091
46228 Serra;Total;2017;3.068
46228 Serra;Total;2016;3.070
46229 Siete Aguas;Total;2025;1.289
46229 Siete Aguas;Total;2024;1.279
46229 Siete Aguas;Total;2023;1.229
46229 Siete Aguas;Total;2022;1.180
46229 Siete Aguas;Total;2021;1.183
46229 Siete Aguas;Total;2020;1.159
46229 Siete Aguas;Total;2019;1.154
46229 Siete Aguas;Total;2018;1.171
46229 Siete Aguas;Total;2017;1.196
46229 Siete Aguas;Total;2016;1.223
46230 Silla;Total;2025;20.482
46230 Silla;Total;2024;20.117
46230 Silla;Total;2023;19.683
46230 Silla;Total;2022;19.298
46230 Silla;Total;2021;19.211
46230 Silla;Total;2020;19.078
46230 Silla;Total;2019;18.771
46230 Silla;Total;2018;18.467
46230 Silla;Total;2017;18.440
46230 Silla;Total;2016;18.462
46231 Simat de la Valldigna;Total;2025;3.311
46231 Simat de la Valldigna;Total;2024;3.289
46231 Simat de la Valldigna;Total;2023;3.251
46231 Simat de la Valldigna;Total;2022;3.271
46231 Simat de la Valldigna;Total;2021;3.286
46231 Simat de la Valldigna;Total;2020;3.297
46231 Simat de la Valldigna;Total;2019;3.329
46231 Simat de la Valldigna;Total;2018;3.325
46231 Simat de la Valldigna;Total;2017;3.297
46231 Simat de la Valldigna;Total;2016;3.341
46232 Sinarcas;Total;2025;1.176
46232 Sinarcas;Total;2024;1.153
46232 Sinarcas;Total;2023;1.113
46232 Sinarcas;Total;2022;1.135
46232 Sinarcas;Total;2021;1.109
46232 Sinarcas;Total;2020;1.105
46232 Sinarcas;Total;2019;1.125
46232 Sinarcas;Total;2018;1.124
46232 Sinarcas;Total;2017;1.147
46232 Sinarcas;Total;2016;1.148
46233 Sollana;Total;2025;5.089
46233 Sollana;Total;2024;5.035
46233 Sollana;Total;2023;4.959
46233 Sollana;Total;2022;4.915
46233 Sollana;Total;2021;4.911
46233 Sollana;Total;2020;4.881
46233 Sollana;Total;2019;4.861
46233 Sollana;Total;2018;4.884
46233 Sollana;Total;2017;4.886
46233 Sollana;Total;2016;4.919
46234 Sot de Chera;Total;2025;427
46234 Sot de Chera;Total;2024;432
46234 Sot de Chera;Total;2023;423
46234 Sot de Chera;Total;2022;384
46234 Sot de Chera;Total;2021;387
46234 Sot de Chera;Total;2020;362
46234 Sot de Chera;Total;2019;369
46234 Sot de Chera;Total;2018;352
46234 Sot de Chera;Total;2017;370
46234 Sot de Chera;Total;2016;396
46235 Sueca;Total;2025;29.194
46235 Sueca;Total;2024;28.480
46235 Sueca;Total;2023;28.086
46235 Sueca;Total;2022;27.738
46235 Sueca;Total;2021;27.617
46235 Sueca;Total;2020;27.566
46235 Sueca;Total;2019;27.479
46235 Sueca;Total;2018;27.460
46235 Sueca;Total;2017;27.598
46235 Sueca;Total;2016;28.090
46236 Sumacàrcer;Total;2025;1.013
46236 Sumacàrcer;Total;2024;1.042
46236 Sumacàrcer;Total;2023;1.062
46236 Sumacàrcer;Total;2022;1.054
46236 Sumacàrcer;Total;2021;1.072
46236 Sumacàrcer;Total;2020;1.097
46236 Sumacàrcer;Total;2019;1.096
46236 Sumacàrcer;Total;2018;1.109
46236 Sumacàrcer;Total;2017;1.141
46236 Sumacàrcer;Total;2016;1.140
46237 Tavernes Blanques;Total;2025;9.824
46237 Tavernes Blanques;Total;2024;9.635
46237 Tavernes Blanques;Total;2023;9.456
46237 Tavernes Blanques;Total;2022;9.222
46237 Tavernes Blanques;Total;2021;9.205
46237 Tavernes Blanques;Total;2020;9.224
46237 Tavernes Blanques;Total;2019;9.120
46237 Tavernes Blanques;Total;2018;9.117
46237 Tavernes Blanques;Total;2017;9.095
46237 Tavernes Blanques;Total;2016;9.181
46238 Tavernes de la Valldigna;Total;2025;17.866
46238 Tavernes de la Valldigna;Total;2024;17.631
46238 Tavernes de la Valldigna;Total;2023;17.443
46238 Tavernes de la Valldigna;Total;2022;17.222
46238 Tavernes de la Valldigna;Total;2021;17.162
46238 Tavernes de la Valldigna;Total;2020;17.254
46238 Tavernes de la Valldigna;Total;2019;17.201
46238 Tavernes de la Valldigna;Total;2018;17.158
46238 Tavernes de la Valldigna;Total;2017;17.336
46238 Tavernes de la Valldigna;Total;2016;17.485
46239 Teresa de Cofrentes;Total;2025;620
46239 Teresa de Cofrentes;Total;2024;605
46239 Teresa de Cofrentes;Total;2023;611
46239 Teresa de Cofrentes;Total;2022;615
46239 Teresa de Cofrentes;Total;2021;618
46239 Teresa de Cofrentes;Total;2020;619
46239 Teresa de Cofrentes;Total;2019;636
46239 Teresa de Cofrentes;Total;2018;650
46239 Teresa de Cofrentes;Total;2017;631
46239 Teresa de Cofrentes;Total;2016;651
46240 Terrateig;Total;2025;290
46240 Terrateig;Total;2024;290
46240 Terrateig;Total;2023;291
46240 Terrateig;Total;2022;287
46240 Terrateig;Total;2021;276
46240 Terrateig;Total;2020;256
46240 Terrateig;Total;2019;278
46240 Terrateig;Total;2018;280
46240 Terrateig;Total;2017;284
46240 Terrateig;Total;2016;296
46241 Titaguas;Total;2025;517
46241 Titaguas;Total;2024;494
46241 Titaguas;Total;2023;505
46241 Titaguas;Total;2022;485
46241 Titaguas;Total;2021;470
46241 Titaguas;Total;2020;454
46241 Titaguas;Total;2019;453
46241 Titaguas;Total;2018;459
46241 Titaguas;Total;2017;450
46241 Titaguas;Total;2016;471
46242 Torrebaja;Total;2025;398
46242 Torrebaja;Total;2024;391
46242 Torrebaja;Total;2023;404
46242 Torrebaja;Total;2022;408
46242 Torrebaja;Total;2021;403
46242 Torrebaja;Total;2020;402
46242 Torrebaja;Total;2019;411
46242 Torrebaja;Total;2018;397
46242 Torrebaja;Total;2017;412
46242 Torrebaja;Total;2016;412
46243 Torrella;Total;2025;151
46243 Torrella;Total;2024;150
46243 Torrella;Total;2023;143
46243 Torrella;Total;2022;134
46243 Torrella;Total;2021;135
46243 Torrella;Total;2020;145
46243 Torrella;Total;2019;146
46243 Torrella;Total;2018;148
46243 Torrella;Total;2017;145
46243 Torrella;Total;2016;154
46244 Torrent;Total;2025;90.928
46244 Torrent;Total;2024;89.401
46244 Torrent;Total;2023;87.295
46244 Torrent;Total;2022;85.142
46244 Torrent;Total;2021;84.025
46244 Torrent;Total;2020;83.962
46244 Torrent;Total;2019;82.208
46244 Torrent;Total;2018;81.245
46244 Torrent;Total;2017;80.630
46244 Torrent;Total;2016;80.762
46245 Torres Torres;Total;2025;808
46245 Torres Torres;Total;2024;750
46245 Torres Torres;Total;2023;745
46245 Torres Torres;Total;2022;703
46245 Torres Torres;Total;2021;672
46245 Torres Torres;Total;2020;669
46245 Torres Torres;Total;2019;637
46245 Torres Torres;Total;2018;640
46245 Torres Torres;Total;2017;641
46245 Torres Torres;Total;2016;644
46246 Tous;Total;2025;1.354
46246 Tous;Total;2024;1.357
46246 Tous;Total;2023;1.352
46246 Tous;Total;2022;1.312
46246 Tous;Total;2021;1.284
46246 Tous;Total;2020;1.287
46246 Tous;Total;2019;1.263
46246 Tous;Total;2018;1.254
46246 Tous;Total;2017;1.268
46246 Tous;Total;2016;1.270
46247 Tuéjar;Total;2025;1.278
46247 Tuéjar;Total;2024;1.233
46247 Tuéjar;Total;2023;1.201
46247 Tuéjar;Total;2022;1.168
46247 Tuéjar;Total;2021;1.164
46247 Tuéjar;Total;2020;1.137
46247 Tuéjar;Total;2019;1.116
46247 Tuéjar;Total;2018;1.132
46247 Tuéjar;Total;2017;1.147
46247 Tuéjar;Total;2016;1.193
46248 Turís;Total;2025;7.717
46248 Turís;Total;2024;7.544
46248 Turís;Total;2023;7.259
46248 Turís;Total;2022;7.019
46248 Turís;Total;2021;6.910
46248 Turís;Total;2020;6.722
46248 Turís;Total;2019;6.646
46248 Turís;Total;2018;6.623
46248 Turís;Total;2017;6.627
46248 Turís;Total;2016;6.609
46249 Utiel;Total;2025;11.663
46249 Utiel;Total;2024;11.703
46249 Utiel;Total;2023;11.632
46249 Utiel;Total;2022;11.482
46249 Utiel;Total;2021;11.478
46249 Utiel;Total;2020;11.458
46249 Utiel;Total;2019;11.531
46249 Utiel;Total;2018;11.540
46249 Utiel;Total;2017;11.601
46249 Utiel;Total;2016;11.748
46250 València;Total;2025;840.792
46250 València;Total;2024;825.948
46250 València;Total;2023;807.693
46250 València;Total;2022;792.492
46250 València;Total;2021;789.744
46250 València;Total;2020;800.215
46250 València;Total;2019;794.288
46250 València;Total;2018;791.413
46250 València;Total;2017;787.808
46250 València;Total;2016;790.201
46 Valencia/València;Total;2025;2.758.633
46 Valencia/València;Total;2024;2.709.433
46 Valencia/València;Total;2023;2.656.291
46 Valencia/València;Total;2022;2.605.757
46 Valencia/València;Total;2021;2.589.312
46 Valencia/València;Total;2020;2.591.875
46 Valencia/València;Total;2019;2.565.124
46 Valencia/València;Total;2018;2.547.986
46 Valencia/València;Total;2017;2.540.707
46 Valencia/València;Total;2016;2.544.264
46251 Vallada;Total;2025;3.091
46251 Vallada;Total;2024;3.079
46251 Vallada;Total;2023;3.063
46251 Vallada;Total;2022;3.065
46251 Vallada;Total;2021;3.092
46251 Vallada;Total;2020;3.096
46251 Vallada;Total;2019;3.039
46251 Vallada;Total;2018;3.036
46251 Vallada;Total;2017;3.093
46251 Vallada;Total;2016;3.089
46252 Vallanca;Total;2025;128
46252 Vallanca;Total;2024;131
46252 Vallanca;Total;2023;144
46252 Vallanca;Total;2022;128
46252 Vallanca;Total;2021;136
46252 Vallanca;Total;2020;133
46252 Vallanca;Total;2019;139
46252 Vallanca;Total;2018;126
46252 Vallanca;Total;2017;120
46252 Vallanca;Total;2016;133
46253 Vallés;Total;2025;161
46253 Vallés;Total;2024;148
46253 Vallés;Total;2023;151
46253 Vallés;Total;2022;151
46253 Vallés;Total;2021;152
46253 Vallés;Total;2020;154
46253 Vallés;Total;2019;157
46253 Vallés;Total;2018;157
46253 Vallés;Total;2017;153
46253 Vallés;Total;2016;161
46254 Venta del Moro;Total;2025;1.143
46254 Venta del Moro;Total;2024;1.158
46254 Venta del Moro;Total;2023;1.164
46254 Venta del Moro;Total;2022;1.180
46254 Venta del Moro;Total;2021;1.194
46254 Venta del Moro;Total;2020;1.198
46254 Venta del Moro;Total;2019;1.207
46254 Venta del Moro;Total;2018;1.242
46254 Venta del Moro;Total;2017;1.277
46254 Venta del Moro;Total;2016;1.299
46255 Vilallonga/Villalonga;Total;2025;4.865
46255 Vilallonga/Villalonga;Total;2024;4.713
46255 Vilallonga/Villalonga;Total;2023;4.667
46255 Vilallonga/Villalonga;Total;2022;4.555
46255 Vilallonga/Villalonga;Total;2021;4.453
46255 Vilallonga/Villalonga;Total;2020;4.370
46255 Vilallonga/Villalonga;Total;2019;4.270
46255 Vilallonga/Villalonga;Total;2018;4.303
46255 Vilallonga/Villalonga;Total;2017;4.371
46255 Vilallonga/Villalonga;Total;2016;4.375
46256 Vilamarxant;Total;2025;11.403
46256 Vilamarxant;Total;2024;11.041
46256 Vilamarxant;Total;2023;10.772
46256 Vilamarxant;Total;2022;10.348
46256 Vilamarxant;Total;2021;10.097
46256 Vilamarxant;Total;2020;9.891
46256 Vilamarxant;Total;2019;9.717
46256 Vilamarxant;Total;2018;9.550
46256 Vilamarxant;Total;2017;9.376
46256 Vilamarxant;Total;2016;9.223
46258 Villar del Arzobispo;Total;2025;3.862
46258 Villar del Arzobispo;Total;2024;3.775
46258 Villar del Arzobispo;Total;2023;3.700
46258 Villar del Arzobispo;Total;2022;3.581
46258 Villar del Arzobispo;Total;2021;3.578
46258 Villar del Arzobispo;Total;2020;3.536
46258 Villar del Arzobispo;Total;2019;3.554
46258 Villar del Arzobispo;Total;2018;3.579
46258 Villar del Arzobispo;Total;2017;3.542
46258 Villar del Arzobispo;Total;2016;3.565
46259 Villargordo del Cabriel;Total;2025;588
46259 Villargordo del Cabriel;Total;2024;594
46259 Villargordo del Cabriel;Total;2023;577
46259 Villargordo del Cabriel;Total;2022;602
46259 Villargordo del Cabriel;Total;2021;585
46259 Villargordo del Cabriel;Total;2020;582
46259 Villargordo del Cabriel;Total;2019;589
46259 Villargordo del Cabriel;Total;2018;586
46259 Villargordo del Cabriel;Total;2017;612
46259 Villargordo del Cabriel;Total;2016;639
46260 Vinalesa;Total;2025;3.572
46260 Vinalesa;Total;2024;3.531
46260 Vinalesa;Total;2023;3.495
46260 Vinalesa;Total;2022;3.525
46260 Vinalesa;Total;2021;3.451
46260 Vinalesa;Total;2020;3.412
46260 Vinalesa;Total;2019;3.420
46260 Vinalesa;Total;2018;3.380
46260 Vinalesa;Total;2017;3.345
46260 Vinalesa;Total;2016;3.310
46145 Xàtiva;Total;2025;31.008
46145 Xàtiva;Total;2024;30.378
46145 Xàtiva;Total;2023;30.072
46145 Xàtiva;Total;2022;29.637
46145 Xàtiva;Total;2021;29.459
46145 Xàtiva;Total;2020;29.623
46145 Xàtiva;Total;2019;29.231
46145 Xàtiva;Total;2018;29.045
46145 Xàtiva;Total;2017;29.070
46145 Xàtiva;Total;2016;28.973
46143 Xeraco;Total;2025;6.149
46143 Xeraco;Total;2024;6.044
46143 Xeraco;Total;2023;5.923
46143 Xeraco;Total;2022;5.819
46143 Xeraco;Total;2021;5.771
46143 Xeraco;Total;2020;5.720
46143 Xeraco;Total;2019;5.655
46143 Xeraco;Total;2018;5.702
46143 Xeraco;Total;2017;5.715
46143 Xeraco;Total;2016;5.732
46146 Xeresa;Total;2025;2.418
46146 Xeresa;Total;2024;2.341
46146 Xeresa;Total;2023;2.263
46146 Xeresa;Total;2022;2.244
46146 Xeresa;Total;2021;2.256
46146 Xeresa;Total;2020;2.197
46146 Xeresa;Total;2019;2.168
46146 Xeresa;Total;2018;2.145
46146 Xeresa;Total;2017;2.162
46146 Xeresa;Total;2016;2.197
46110 Xirivella;Total;2025;32.093
46110 Xirivella;Total;2024;31.745
46110 Xirivella;Total;2023;30.749
46110 Xirivella;Total;2022;30.326
46110 Xirivella;Total;2021;30.208
46110 Xirivella;Total;2020;30.197
46110 Xirivella;Total;2019;29.623
46110 Xirivella;Total;2018;29.108
46110 Xirivella;Total;2017;28.950
46110 Xirivella;Total;2016;28.771
46261 Yátova;Total;2025;2.325
46261 Yátova;Total;2024;2.242
46261 Yátova;Total;2023;2.205
46261 Yátova;Total;2022;2.169
46261 Yátova;Total;2021;2.112
46261 Yátova;Total;2020;2.079
46261 Yátova;Total;2019;2.067
46261 Yátova;Total;2018;2.073
46261 Yátova;Total;2017;2.080
46261 Yátova;Total;2016;2.079
46262 Yesa, La;Total;2025;246
46262 Yesa, La;Total;2024;235
46262 Yesa, La;Total;2023;235
46262 Yesa, La;Total;2022;227
46262 Yesa, La;Total;2021;230
46262 Yesa, La;Total;2020;221
46262 Yesa, La;Total;2019;229
46262 Yesa, La;Total;2018;227
46262 Yesa, La;Total;2017;234
46262 Yesa, La;Total;2016;242
46263 Zarra;Total;2025;374
46263 Zarra;Total;2024;386
46263 Zarra;Total;2023;364
46263 Zarra;Total;2022;370
46263 Zarra;Total;2021;364
46263 Zarra;Total;2020;346
46263 Zarra;Total;2019;359
46263 Zarra;Total;2018;365
46263 Zarra;Total;2017;381
46263 Zarra;Total;2016;440
