Sexo;Municipios;Periodo;Total
Total;28001 Acebeda, La;2025;70
Total;28001 Acebeda, La;2024;68
Total;28001 Acebeda, La;2023;67
Total;28001 Acebeda, La;2022;62
Total;28001 Acebeda, La;2021;55
Total;28001 Acebeda, La;2020;68
Total;28001 Acebeda, La;2019;84
Total;28001 Acebeda, La;2018;65
Total;28001 Acebeda, La;2017;66
Total;28001 Acebeda, La;2016;66
Total;28002 Ajalvir;2025;4.868
Total;28002 Ajalvir;2024;4.863
Total;28002 Ajalvir;2023;4.779
Total;28002 Ajalvir;2022;4.751
Total;28002 Ajalvir;2021;4.676
Total;28002 Ajalvir;2020;4.721
Total;28002 Ajalvir;2019;4.712
Total;28002 Ajalvir;2018;4.559
Total;28002 Ajalvir;2017;4.455
Total;28002 Ajalvir;2016;4.440
Total;28003 Alameda del Valle;2025;267
Total;28003 Alameda del Valle;2024;255
Total;28003 Alameda del Valle;2023;274
Total;28003 Alameda del Valle;2022;241
Total;28003 Alameda del Valle;2021;246
Total;28003 Alameda del Valle;2020;204
Total;28003 Alameda del Valle;2019;200
Total;28003 Alameda del Valle;2018;195
Total;28003 Alameda del Valle;2017;199
Total;28003 Alameda del Valle;2016;208
Total;28004 Álamo, El;2025;10.594
Total;28004 Álamo, El;2024;10.430
Total;28004 Álamo, El;2023;10.322
Total;28004 Álamo, El;2022;10.123
Total;28004 Álamo, El;2021;9.908
Total;28004 Álamo, El;2020;9.862
Total;28004 Álamo, El;2019;9.470
Total;28004 Álamo, El;2018;9.353
Total;28004 Álamo, El;2017;9.149
Total;28004 Álamo, El;2016;9.017
Total;28005 Alcalá de Henares;2025;203.208
Total;28005 Alcalá de Henares;2024;200.702
Total;28005 Alcalá de Henares;2023;199.184
Total;28005 Alcalá de Henares;2022;196.888
Total;28005 Alcalá de Henares;2021;195.982
Total;28005 Alcalá de Henares;2020;197.562
Total;28005 Alcalá de Henares;2019;195.649
Total;28005 Alcalá de Henares;2018;193.751
Total;28005 Alcalá de Henares;2017;194.310
Total;28005 Alcalá de Henares;2016;195.907
Total;28006 Alcobendas;2025;123.342
Total;28006 Alcobendas;2024;121.373
Total;28006 Alcobendas;2023;119.416
Total;28006 Alcobendas;2022;117.041
Total;28006 Alcobendas;2021;116.589
Total;28006 Alcobendas;2020;118.417
Total;28006 Alcobendas;2019;117.040
Total;28006 Alcobendas;2018;116.037
Total;28006 Alcobendas;2017;114.864
Total;28006 Alcobendas;2016;113.340
Total;28007 Alcorcón;2025;175.719
Total;28007 Alcorcón;2024;173.625
Total;28007 Alcorcón;2023;171.772
Total;28007 Alcorcón;2022;170.296
Total;28007 Alcorcón;2021;170.817
Total;28007 Alcorcón;2020;172.384
Total;28007 Alcorcón;2019;170.514
Total;28007 Alcorcón;2018;169.502
Total;28007 Alcorcón;2017;168.141
Total;28007 Alcorcón;2016;167.354
Total;28008 Aldea del Fresno;2025;3.503
Total;28008 Aldea del Fresno;2024;3.422
Total;28008 Aldea del Fresno;2023;3.408
Total;28008 Aldea del Fresno;2022;3.227
Total;28008 Aldea del Fresno;2021;3.085
Total;28008 Aldea del Fresno;2020;2.973
Total;28008 Aldea del Fresno;2019;2.838
Total;28008 Aldea del Fresno;2018;2.698
Total;28008 Aldea del Fresno;2017;2.616
Total;28008 Aldea del Fresno;2016;2.584
Total;28009 Algete;2025;21.144
Total;28009 Algete;2024;21.167
Total;28009 Algete;2023;20.991
Total;28009 Algete;2022;20.767
Total;28009 Algete;2021;20.749
Total;28009 Algete;2020;20.864
Total;28009 Algete;2019;20.611
Total;28009 Algete;2018;20.473
Total;28009 Algete;2017;20.419
Total;28009 Algete;2016;20.311
Total;28010 Alpedrete;2025;15.686
Total;28010 Alpedrete;2024;15.543
Total;28010 Alpedrete;2023;15.312
Total;28010 Alpedrete;2022;15.006
Total;28010 Alpedrete;2021;14.959
Total;28010 Alpedrete;2020;14.839
Total;28010 Alpedrete;2019;14.575
Total;28010 Alpedrete;2018;14.364
Total;28010 Alpedrete;2017;14.240
Total;28010 Alpedrete;2016;14.417
Total;28011 Ambite;2025;732
Total;28011 Ambite;2024;697
Total;28011 Ambite;2023;684
Total;28011 Ambite;2022;648
Total;28011 Ambite;2021;662
Total;28011 Ambite;2020;609
Total;28011 Ambite;2019;592
Total;28011 Ambite;2018;601
Total;28011 Ambite;2017;677
Total;28011 Ambite;2016;595
Total;28012 Anchuelo;2025;1.414
Total;28012 Anchuelo;2024;1.392
Total;28012 Anchuelo;2023;1.379
Total;28012 Anchuelo;2022;1.354
Total;28012 Anchuelo;2021;1.359
Total;28012 Anchuelo;2020;1.286
Total;28012 Anchuelo;2019;1.271
Total;28012 Anchuelo;2018;1.272
Total;28012 Anchuelo;2017;1.238
Total;28012 Anchuelo;2016;1.215
Total;28013 Aranjuez;2025;63.040
Total;28013 Aranjuez;2024;62.292
Total;28013 Aranjuez;2023;60.668
Total;28013 Aranjuez;2022;59.762
Total;28013 Aranjuez;2021;59.833
Total;28013 Aranjuez;2020;60.332
Total;28013 Aranjuez;2019;59.607
Total;28013 Aranjuez;2018;59.037
Total;28013 Aranjuez;2017;58.213
Total;28013 Aranjuez;2016;57.932
Total;28014 Arganda del Rey;2025;60.419
Total;28014 Arganda del Rey;2024;59.513
Total;28014 Arganda del Rey;2023;58.990
Total;28014 Arganda del Rey;2022;57.553
Total;28014 Arganda del Rey;2021;56.386
Total;28014 Arganda del Rey;2020;56.678
Total;28014 Arganda del Rey;2019;55.389
Total;28014 Arganda del Rey;2018;54.554
Total;28014 Arganda del Rey;2017;53.821
Total;28014 Arganda del Rey;2016;54.256
Total;28015 Arroyomolinos;2025;38.075
Total;28015 Arroyomolinos;2024;37.208
Total;28015 Arroyomolinos;2023;35.972
Total;28015 Arroyomolinos;2022;34.833
Total;28015 Arroyomolinos;2021;33.687
Total;28015 Arroyomolinos;2020;32.935
Total;28015 Arroyomolinos;2019;31.396
Total;28015 Arroyomolinos;2018;30.052
Total;28015 Arroyomolinos;2017;29.128
Total;28015 Arroyomolinos;2016;28.177
Total;28016 Atazar, El;2025;110
Total;28016 Atazar, El;2024;107
Total;28016 Atazar, El;2023;104
Total;28016 Atazar, El;2022;107
Total;28016 Atazar, El;2021;109
Total;28016 Atazar, El;2020;90
Total;28016 Atazar, El;2019;89
Total;28016 Atazar, El;2018;93
Total;28016 Atazar, El;2017;97
Total;28016 Atazar, El;2016;95
Total;28017 Batres;2025;1.976
Total;28017 Batres;2024;1.943
Total;28017 Batres;2023;1.872
Total;28017 Batres;2022;1.823
Total;28017 Batres;2021;1.820
Total;28017 Batres;2020;1.750
Total;28017 Batres;2019;1.684
Total;28017 Batres;2018;1.638
Total;28017 Batres;2017;1.610
Total;28017 Batres;2016;1.582
Total;28018 Becerril de la Sierra;2025;6.737
Total;28018 Becerril de la Sierra;2024;6.573
Total;28018 Becerril de la Sierra;2023;6.277
Total;28018 Becerril de la Sierra;2022;6.197
Total;28018 Becerril de la Sierra;2021;6.108
Total;28018 Becerril de la Sierra;2020;5.875
Total;28018 Becerril de la Sierra;2019;5.714
Total;28018 Becerril de la Sierra;2018;5.564
Total;28018 Becerril de la Sierra;2017;5.457
Total;28018 Becerril de la Sierra;2016;5.439
Total;28019 Belmonte de Tajo;2025;1.955
Total;28019 Belmonte de Tajo;2024;1.917
Total;28019 Belmonte de Tajo;2023;1.840
Total;28019 Belmonte de Tajo;2022;1.769
Total;28019 Belmonte de Tajo;2021;1.751
Total;28019 Belmonte de Tajo;2020;1.683
Total;28019 Belmonte de Tajo;2019;1.664
Total;28019 Belmonte de Tajo;2018;1.627
Total;28019 Belmonte de Tajo;2017;1.628
Total;28019 Belmonte de Tajo;2016;1.605
Total;28021 Berrueco, El;2025;795
Total;28021 Berrueco, El;2024;816
Total;28021 Berrueco, El;2023;802
Total;28021 Berrueco, El;2022;801
Total;28021 Berrueco, El;2021;796
Total;28021 Berrueco, El;2020;777
Total;28021 Berrueco, El;2019;760
Total;28021 Berrueco, El;2018;741
Total;28021 Berrueco, El;2017;743
Total;28021 Berrueco, El;2016;752
Total;28020 Berzosa del Lozoya;2025;242
Total;28020 Berzosa del Lozoya;2024;231
Total;28020 Berzosa del Lozoya;2023;217
Total;28020 Berzosa del Lozoya;2022;227
Total;28020 Berzosa del Lozoya;2021;216
Total;28020 Berzosa del Lozoya;2020;222
Total;28020 Berzosa del Lozoya;2019;205
Total;28020 Berzosa del Lozoya;2018;198
Total;28020 Berzosa del Lozoya;2017;203
Total;28020 Berzosa del Lozoya;2016;198
Total;28022 Boadilla del Monte;2025;66.349
Total;28022 Boadilla del Monte;2024;65.839
Total;28022 Boadilla del Monte;2023;64.742
Total;28022 Boadilla del Monte;2022;62.627
Total;28022 Boadilla del Monte;2021;59.052
Total;28022 Boadilla del Monte;2020;56.734
Total;28022 Boadilla del Monte;2019;54.570
Total;28022 Boadilla del Monte;2018;52.626
Total;28022 Boadilla del Monte;2017;51.463
Total;28022 Boadilla del Monte;2016;49.762
Total;28023 Boalo, El;2025;8.770
Total;28023 Boalo, El;2024;8.547
Total;28023 Boalo, El;2023;8.424
Total;28023 Boalo, El;2022;8.216
Total;28023 Boalo, El;2021;8.009
Total;28023 Boalo, El;2020;7.663
Total;28023 Boalo, El;2019;7.508
Total;28023 Boalo, El;2018;7.399
Total;28023 Boalo, El;2017;7.358
Total;28023 Boalo, El;2016;7.225
Total;28024 Braojos;2025;233
Total;28024 Braojos;2024;219
Total;28024 Braojos;2023;212
Total;28024 Braojos;2022;218
Total;28024 Braojos;2021;218
Total;28024 Braojos;2020;206
Total;28024 Braojos;2019;205
Total;28024 Braojos;2018;205
Total;28024 Braojos;2017;208
Total;28024 Braojos;2016;201
Total;28025 Brea de Tajo;2025;577
Total;28025 Brea de Tajo;2024;579
Total;28025 Brea de Tajo;2023;543
Total;28025 Brea de Tajo;2022;541
Total;28025 Brea de Tajo;2021;523
Total;28025 Brea de Tajo;2020;506
Total;28025 Brea de Tajo;2019;524
Total;28025 Brea de Tajo;2018;525
Total;28025 Brea de Tajo;2017;539
Total;28025 Brea de Tajo;2016;560
Total;28026 Brunete;2025;11.287
Total;28026 Brunete;2024;11.300
Total;28026 Brunete;2023;11.014
Total;28026 Brunete;2022;10.845
Total;28026 Brunete;2021;10.726
Total;28026 Brunete;2020;10.760
Total;28026 Brunete;2019;10.736
Total;28026 Brunete;2018;10.596
Total;28026 Brunete;2017;10.373
Total;28026 Brunete;2016;10.374
Total;28027 Buitrago del Lozoya;2025;2.034
Total;28027 Buitrago del Lozoya;2024;1.973
Total;28027 Buitrago del Lozoya;2023;1.967
Total;28027 Buitrago del Lozoya;2022;1.948
Total;28027 Buitrago del Lozoya;2021;1.940
Total;28027 Buitrago del Lozoya;2020;1.959
Total;28027 Buitrago del Lozoya;2019;1.884
Total;28027 Buitrago del Lozoya;2018;1.875
Total;28027 Buitrago del Lozoya;2017;1.854
Total;28027 Buitrago del Lozoya;2016;1.861
Total;28028 Bustarviejo;2025;2.870
Total;28028 Bustarviejo;2024;2.829
Total;28028 Bustarviejo;2023;2.743
Total;28028 Bustarviejo;2022;2.706
Total;28028 Bustarviejo;2021;2.701
Total;28028 Bustarviejo;2020;2.522
Total;28028 Bustarviejo;2019;2.503
Total;28028 Bustarviejo;2018;2.486
Total;28028 Bustarviejo;2017;2.399
Total;28028 Bustarviejo;2016;2.370
Total;28029 Cabanillas de la Sierra;2025;961
Total;28029 Cabanillas de la Sierra;2024;941
Total;28029 Cabanillas de la Sierra;2023;939
Total;28029 Cabanillas de la Sierra;2022;874
Total;28029 Cabanillas de la Sierra;2021;837
Total;28029 Cabanillas de la Sierra;2020;785
Total;28029 Cabanillas de la Sierra;2019;756
Total;28029 Cabanillas de la Sierra;2018;712
Total;28029 Cabanillas de la Sierra;2017;712
Total;28029 Cabanillas de la Sierra;2016;719
Total;28030 Cabrera, La;2025;2.889
Total;28030 Cabrera, La;2024;2.922
Total;28030 Cabrera, La;2023;2.882
Total;28030 Cabrera, La;2022;2.805
Total;28030 Cabrera, La;2021;2.782
Total;28030 Cabrera, La;2020;2.736
Total;28030 Cabrera, La;2019;2.667
Total;28030 Cabrera, La;2018;2.613
Total;28030 Cabrera, La;2017;2.570
Total;28030 Cabrera, La;2016;2.560
Total;28031 Cadalso de los Vidrios;2025;3.372
Total;28031 Cadalso de los Vidrios;2024;3.228
Total;28031 Cadalso de los Vidrios;2023;3.173
Total;28031 Cadalso de los Vidrios;2022;3.193
Total;28031 Cadalso de los Vidrios;2021;3.203
Total;28031 Cadalso de los Vidrios;2020;3.047
Total;28031 Cadalso de los Vidrios;2019;3.039
Total;28031 Cadalso de los Vidrios;2018;3.049
Total;28031 Cadalso de los Vidrios;2017;3.053
Total;28031 Cadalso de los Vidrios;2016;2.788
Total;28032 Camarma de Esteruelas;2025;8.331
Total;28032 Camarma de Esteruelas;2024;8.106
Total;28032 Camarma de Esteruelas;2023;7.792
Total;28032 Camarma de Esteruelas;2022;7.595
Total;28032 Camarma de Esteruelas;2021;7.555
Total;28032 Camarma de Esteruelas;2020;7.437
Total;28032 Camarma de Esteruelas;2019;7.336
Total;28032 Camarma de Esteruelas;2018;7.226
Total;28032 Camarma de Esteruelas;2017;7.084
Total;28032 Camarma de Esteruelas;2016;7.050
Total;28033 Campo Real;2025;6.974
Total;28033 Campo Real;2024;6.802
Total;28033 Campo Real;2023;6.781
Total;28033 Campo Real;2022;6.651
Total;28033 Campo Real;2021;6.416
Total;28033 Campo Real;2020;6.420
Total;28033 Campo Real;2019;6.210
Total;28033 Campo Real;2018;6.075
Total;28033 Campo Real;2017;5.995
Total;28033 Campo Real;2016;5.888
Total;28034 Canencia;2025;475
Total;28034 Canencia;2024;469
Total;28034 Canencia;2023;460
Total;28034 Canencia;2022;455
Total;28034 Canencia;2021;461
Total;28034 Canencia;2020;447
Total;28034 Canencia;2019;447
Total;28034 Canencia;2018;423
Total;28034 Canencia;2017;448
Total;28034 Canencia;2016;451
Total;28035 Carabaña;2025;2.451
Total;28035 Carabaña;2024;2.352
Total;28035 Carabaña;2023;2.273
Total;28035 Carabaña;2022;2.210
Total;28035 Carabaña;2021;2.142
Total;28035 Carabaña;2020;2.081
Total;28035 Carabaña;2019;2.010
Total;28035 Carabaña;2018;1.905
Total;28035 Carabaña;2017;1.940
Total;28035 Carabaña;2016;1.948
Total;28036 Casarrubuelos;2025;4.323
Total;28036 Casarrubuelos;2024;4.211
Total;28036 Casarrubuelos;2023;4.062
Total;28036 Casarrubuelos;2022;3.961
Total;28036 Casarrubuelos;2021;3.939
Total;28036 Casarrubuelos;2020;3.845
Total;28036 Casarrubuelos;2019;3.778
Total;28036 Casarrubuelos;2018;3.707
Total;28036 Casarrubuelos;2017;3.650
Total;28036 Casarrubuelos;2016;3.589
Total;28037 Cenicientos;2025;2.152
Total;28037 Cenicientos;2024;2.148
Total;28037 Cenicientos;2023;2.097
Total;28037 Cenicientos;2022;2.089
Total;28037 Cenicientos;2021;2.083
Total;28037 Cenicientos;2020;2.038
Total;28037 Cenicientos;2019;2.033
Total;28037 Cenicientos;2018;1.980
Total;28037 Cenicientos;2017;1.984
Total;28037 Cenicientos;2016;1.986
Total;28038 Cercedilla;2025;7.772
Total;28038 Cercedilla;2024;7.647
Total;28038 Cercedilla;2023;7.648
Total;28038 Cercedilla;2022;7.533
Total;28038 Cercedilla;2021;7.359
Total;28038 Cercedilla;2020;7.205
Total;28038 Cercedilla;2019;7.026
Total;28038 Cercedilla;2018;6.948
Total;28038 Cercedilla;2017;6.853
Total;28038 Cercedilla;2016;6.751
Total;28039 Cervera de Buitrago;2025;165
Total;28039 Cervera de Buitrago;2024;161
Total;28039 Cervera de Buitrago;2023;164
Total;28039 Cervera de Buitrago;2022;169
Total;28039 Cervera de Buitrago;2021;158
Total;28039 Cervera de Buitrago;2020;162
Total;28039 Cervera de Buitrago;2019;150
Total;28039 Cervera de Buitrago;2018;149
Total;28039 Cervera de Buitrago;2017;156
Total;28039 Cervera de Buitrago;2016;157
Total;28051 Chapinería;2025;2.705
Total;28051 Chapinería;2024;2.642
Total;28051 Chapinería;2023;2.604
Total;28051 Chapinería;2022;2.512
Total;28051 Chapinería;2021;2.494
Total;28051 Chapinería;2020;2.414
Total;28051 Chapinería;2019;2.328
Total;28051 Chapinería;2018;2.240
Total;28051 Chapinería;2017;2.225
Total;28051 Chapinería;2016;2.214
Total;28052 Chinchón;2025;5.800
Total;28052 Chinchón;2024;5.818
Total;28052 Chinchón;2023;5.664
Total;28052 Chinchón;2022;5.658
Total;28052 Chinchón;2021;5.506
Total;28052 Chinchón;2020;5.413
Total;28052 Chinchón;2019;5.331
Total;28052 Chinchón;2018;5.239
Total;28052 Chinchón;2017;5.240
Total;28052 Chinchón;2016;5.294
Total;28040 Ciempozuelos;2025;26.350
Total;28040 Ciempozuelos;2024;26.140
Total;28040 Ciempozuelos;2023;25.866
Total;28040 Ciempozuelos;2022;25.383
Total;28040 Ciempozuelos;2021;25.083
Total;28040 Ciempozuelos;2020;25.104
Total;28040 Ciempozuelos;2019;24.592
Total;28040 Ciempozuelos;2018;24.087
Total;28040 Ciempozuelos;2017;23.737
Total;28040 Ciempozuelos;2016;23.773
Total;28041 Cobeña;2025;7.670
Total;28041 Cobeña;2024;7.759
Total;28041 Cobeña;2023;7.698
Total;28041 Cobeña;2022;7.551
Total;28041 Cobeña;2021;7.444
Total;28041 Cobeña;2020;7.486
Total;28041 Cobeña;2019;7.428
Total;28041 Cobeña;2018;7.280
Total;28041 Cobeña;2017;7.163
Total;28041 Cobeña;2016;7.009
Total;28046 Collado Mediano;2025;7.722
Total;28046 Collado Mediano;2024;7.547
Total;28046 Collado Mediano;2023;7.490
Total;28046 Collado Mediano;2022;7.456
Total;28046 Collado Mediano;2021;7.348
Total;28046 Collado Mediano;2020;7.105
Total;28046 Collado Mediano;2019;6.958
Total;28046 Collado Mediano;2018;6.781
Total;28046 Collado Mediano;2017;6.666
Total;28046 Collado Mediano;2016;6.583
Total;28047 Collado Villalba;2025;67.274
Total;28047 Collado Villalba;2024;66.698
Total;28047 Collado Villalba;2023;65.657
Total;28047 Collado Villalba;2022;64.263
Total;28047 Collado Villalba;2021;63.825
Total;28047 Collado Villalba;2020;64.378
Total;28047 Collado Villalba;2019;63.679
Total;28047 Collado Villalba;2018;63.074
Total;28047 Collado Villalba;2017;62.152
Total;28047 Collado Villalba;2016;61.597
Total;28043 Colmenar de Oreja;2025;9.127
Total;28043 Colmenar de Oreja;2024;8.888
Total;28043 Colmenar de Oreja;2023;8.649
Total;28043 Colmenar de Oreja;2022;8.462
Total;28043 Colmenar de Oreja;2021;8.303
Total;28043 Colmenar de Oreja;2020;8.154
Total;28043 Colmenar de Oreja;2019;8.032
Total;28043 Colmenar de Oreja;2018;7.902
Total;28043 Colmenar de Oreja;2017;7.810
Total;28043 Colmenar de Oreja;2016;7.946
Total;28042 Colmenar del Arroyo;2025;2.044
Total;28042 Colmenar del Arroyo;2024;2.015
Total;28042 Colmenar del Arroyo;2023;1.947
Total;28042 Colmenar del Arroyo;2022;1.936
Total;28042 Colmenar del Arroyo;2021;1.875
Total;28042 Colmenar del Arroyo;2020;1.785
Total;28042 Colmenar del Arroyo;2019;1.725
Total;28042 Colmenar del Arroyo;2018;1.685
Total;28042 Colmenar del Arroyo;2017;1.632
Total;28042 Colmenar del Arroyo;2016;1.632
Total;28045 Colmenar Viejo;2025;58.730
Total;28045 Colmenar Viejo;2024;57.029
Total;28045 Colmenar Viejo;2023;55.198
Total;28045 Colmenar Viejo;2022;53.389
Total;28045 Colmenar Viejo;2021;52.480
Total;28045 Colmenar Viejo;2020;51.938
Total;28045 Colmenar Viejo;2019;50.752
Total;28045 Colmenar Viejo;2018;49.498
Total;28045 Colmenar Viejo;2017;48.614
Total;28045 Colmenar Viejo;2016;48.020
Total;28044 Colmenarejo;2025;9.640
Total;28044 Colmenarejo;2024;9.623
Total;28044 Colmenarejo;2023;9.534
Total;28044 Colmenarejo;2022;9.473
Total;28044 Colmenarejo;2021;9.376
Total;28044 Colmenarejo;2020;9.230
Total;28044 Colmenarejo;2019;9.130
Total;28044 Colmenarejo;2018;9.124
Total;28044 Colmenarejo;2017;9.015
Total;28044 Colmenarejo;2016;8.945
Total;28048 Corpa;2025;832
Total;28048 Corpa;2024;792
Total;28048 Corpa;2023;798
Total;28048 Corpa;2022;764
Total;28048 Corpa;2021;742
Total;28048 Corpa;2020;723
Total;28048 Corpa;2019;713
Total;28048 Corpa;2018;697
Total;28048 Corpa;2017;684
Total;28048 Corpa;2016;672
Total;28049 Coslada;2025;80.512
Total;28049 Coslada;2024;80.760
Total;28049 Coslada;2023;80.171
Total;28049 Coslada;2022;80.596
Total;28049 Coslada;2021;81.273
Total;28049 Coslada;2020;81.391
Total;28049 Coslada;2019;81.661
Total;28049 Coslada;2018;81.860
Total;28049 Coslada;2017;83.011
Total;28049 Coslada;2016;84.533
Total;28050 Cubas de la Sagra;2025;7.238
Total;28050 Cubas de la Sagra;2024;6.988
Total;28050 Cubas de la Sagra;2023;6.817
Total;28050 Cubas de la Sagra;2022;6.698
Total;28050 Cubas de la Sagra;2021;6.642
Total;28050 Cubas de la Sagra;2020;6.539
Total;28050 Cubas de la Sagra;2019;6.413
Total;28050 Cubas de la Sagra;2018;6.310
Total;28050 Cubas de la Sagra;2017;6.112
Total;28050 Cubas de la Sagra;2016;5.971
Total;28053 Daganzo de Arriba;2025;10.764
Total;28053 Daganzo de Arriba;2024;10.703
Total;28053 Daganzo de Arriba;2023;10.611
Total;28053 Daganzo de Arriba;2022;10.650
Total;28053 Daganzo de Arriba;2021;10.520
Total;28053 Daganzo de Arriba;2020;10.337
Total;28053 Daganzo de Arriba;2019;10.205
Total;28053 Daganzo de Arriba;2018;10.061
Total;28053 Daganzo de Arriba;2017;10.082
Total;28053 Daganzo de Arriba;2016;9.981
Total;28054 Escorial, El;2025;17.171
Total;28054 Escorial, El;2024;17.176
Total;28054 Escorial, El;2023;16.873
Total;28054 Escorial, El;2022;16.618
Total;28054 Escorial, El;2021;16.594
Total;28054 Escorial, El;2020;16.365
Total;28054 Escorial, El;2019;16.162
Total;28054 Escorial, El;2018;15.842
Total;28054 Escorial, El;2017;15.562
Total;28054 Escorial, El;2016;15.364
Total;28055 Estremera;2025;1.473
Total;28055 Estremera;2024;1.467
Total;28055 Estremera;2023;1.453
Total;28055 Estremera;2022;1.410
Total;28055 Estremera;2021;1.381
Total;28055 Estremera;2020;1.334
Total;28055 Estremera;2019;1.260
Total;28055 Estremera;2018;1.236
Total;28055 Estremera;2017;1.261
Total;28055 Estremera;2016;1.319
Total;28056 Fresnedillas de la Oliva;2025;1.883
Total;28056 Fresnedillas de la Oliva;2024;1.837
Total;28056 Fresnedillas de la Oliva;2023;1.791
Total;28056 Fresnedillas de la Oliva;2022;1.784
Total;28056 Fresnedillas de la Oliva;2021;1.742
Total;28056 Fresnedillas de la Oliva;2020;1.651
Total;28056 Fresnedillas de la Oliva;2019;1.572
Total;28056 Fresnedillas de la Oliva;2018;1.554
Total;28056 Fresnedillas de la Oliva;2017;1.550
Total;28056 Fresnedillas de la Oliva;2016;1.547
Total;28057 Fresno de Torote;2025;2.561
Total;28057 Fresno de Torote;2024;2.548
Total;28057 Fresno de Torote;2023;2.522
Total;28057 Fresno de Torote;2022;2.444
Total;28057 Fresno de Torote;2021;2.416
Total;28057 Fresno de Torote;2020;2.299
Total;28057 Fresno de Torote;2019;2.221
Total;28057 Fresno de Torote;2018;2.181
Total;28057 Fresno de Torote;2017;2.115
Total;28057 Fresno de Torote;2016;2.044
Total;28058 Fuenlabrada;2025;190.076
Total;28058 Fuenlabrada;2024;190.790
Total;28058 Fuenlabrada;2023;188.736
Total;28058 Fuenlabrada;2022;189.891
Total;28058 Fuenlabrada;2021;192.233
Total;28058 Fuenlabrada;2020;194.514
Total;28058 Fuenlabrada;2019;193.700
Total;28058 Fuenlabrada;2018;193.586
Total;28058 Fuenlabrada;2017;194.669
Total;28058 Fuenlabrada;2016;194.171
Total;28059 Fuente el Saz de Jarama;2025;7.413
Total;28059 Fuente el Saz de Jarama;2024;7.379
Total;28059 Fuente el Saz de Jarama;2023;7.182
Total;28059 Fuente el Saz de Jarama;2022;7.034
Total;28059 Fuente el Saz de Jarama;2021;6.883
Total;28059 Fuente el Saz de Jarama;2020;6.807
Total;28059 Fuente el Saz de Jarama;2019;6.696
Total;28059 Fuente el Saz de Jarama;2018;6.541
Total;28059 Fuente el Saz de Jarama;2017;6.424
Total;28059 Fuente el Saz de Jarama;2016;6.403
Total;28060 Fuentidueña de Tajo;2025;2.372
Total;28060 Fuentidueña de Tajo;2024;2.328
Total;28060 Fuentidueña de Tajo;2023;2.270
Total;28060 Fuentidueña de Tajo;2022;2.250
Total;28060 Fuentidueña de Tajo;2021;2.228
Total;28060 Fuentidueña de Tajo;2020;2.136
Total;28060 Fuentidueña de Tajo;2019;2.053
Total;28060 Fuentidueña de Tajo;2018;1.985
Total;28060 Fuentidueña de Tajo;2017;1.980
Total;28060 Fuentidueña de Tajo;2016;1.936
Total;28061 Galapagar;2025;36.758
Total;28061 Galapagar;2024;36.184
Total;28061 Galapagar;2023;35.273
Total;28061 Galapagar;2022;34.834
Total;28061 Galapagar;2021;34.712
Total;28061 Galapagar;2020;34.497
Total;28061 Galapagar;2019;33.742
Total;28061 Galapagar;2018;33.379
Total;28061 Galapagar;2017;32.903
Total;28061 Galapagar;2016;32.404
Total;28062 Garganta de los Montes;2025;441
Total;28062 Garganta de los Montes;2024;416
Total;28062 Garganta de los Montes;2023;420
Total;28062 Garganta de los Montes;2022;395
Total;28062 Garganta de los Montes;2021;411
Total;28062 Garganta de los Montes;2020;377
Total;28062 Garganta de los Montes;2019;347
Total;28062 Garganta de los Montes;2018;348
Total;28062 Garganta de los Montes;2017;331
Total;28062 Garganta de los Montes;2016;351
Total;28063 Gargantilla del Lozoya y Pinilla de Buitrago;2025;396
Total;28063 Gargantilla del Lozoya y Pinilla de Buitrago;2024;397
Total;28063 Gargantilla del Lozoya y Pinilla de Buitrago;2023;388
Total;28063 Gargantilla del Lozoya y Pinilla de Buitrago;2022;361
Total;28063 Gargantilla del Lozoya y Pinilla de Buitrago;2021;344
Total;28063 Gargantilla del Lozoya y Pinilla de Buitrago;2020;309
Total;28063 Gargantilla del Lozoya y Pinilla de Buitrago;2019;316
Total;28063 Gargantilla del Lozoya y Pinilla de Buitrago;2018;318
Total;28063 Gargantilla del Lozoya y Pinilla de Buitrago;2017;315
Total;28063 Gargantilla del Lozoya y Pinilla de Buitrago;2016;325
Total;28064 Gascones;2025;252
Total;28064 Gascones;2024;239
Total;28064 Gascones;2023;229
Total;28064 Gascones;2022;212
Total;28064 Gascones;2021;191
Total;28064 Gascones;2020;176
Total;28064 Gascones;2019;193
Total;28064 Gascones;2018;188
Total;28064 Gascones;2017;176
Total;28064 Gascones;2016;171
Total;28065 Getafe;2025;193.238
Total;28065 Getafe;2024;189.906
Total;28065 Getafe;2023;185.899
Total;28065 Getafe;2022;183.219
Total;28065 Getafe;2021;183.095
Total;28065 Getafe;2020;185.180
Total;28065 Getafe;2019;183.374
Total;28065 Getafe;2018;180.747
Total;28065 Getafe;2017;178.288
Total;28065 Getafe;2016;176.659
Total;28066 Griñón;2025;10.799
Total;28066 Griñón;2024;10.718
Total;28066 Griñón;2023;10.087
Total;28066 Griñón;2022;10.491
Total;28066 Griñón;2021;10.467
Total;28066 Griñón;2020;10.435
Total;28066 Griñón;2019;10.319
Total;28066 Griñón;2018;10.178
Total;28066 Griñón;2017;10.060
Total;28066 Griñón;2016;9.938
Total;28067 Guadalix de la Sierra;2025;6.993
Total;28067 Guadalix de la Sierra;2024;6.904
Total;28067 Guadalix de la Sierra;2023;6.814
Total;28067 Guadalix de la Sierra;2022;6.672
Total;28067 Guadalix de la Sierra;2021;6.594
Total;28067 Guadalix de la Sierra;2020;6.440
Total;28067 Guadalix de la Sierra;2019;6.214
Total;28067 Guadalix de la Sierra;2018;6.119
Total;28067 Guadalix de la Sierra;2017;6.049
Total;28067 Guadalix de la Sierra;2016;5.982
Total;28068 Guadarrama;2025;17.547
Total;28068 Guadarrama;2024;17.062
Total;28068 Guadarrama;2023;17.063
Total;28068 Guadarrama;2022;16.921
Total;28068 Guadarrama;2021;16.747
Total;28068 Guadarrama;2020;16.560
Total;28068 Guadarrama;2019;16.032
Total;28068 Guadarrama;2018;15.785
Total;28068 Guadarrama;2017;15.620
Total;28068 Guadarrama;2016;15.488
Total;28069 Hiruela, La;2025;88
Total;28069 Hiruela, La;2024;83
Total;28069 Hiruela, La;2023;74
Total;28069 Hiruela, La;2022;75
Total;28069 Hiruela, La;2021;72
Total;28069 Hiruela, La;2020;65
Total;28069 Hiruela, La;2019;57
Total;28069 Hiruela, La;2018;48
Total;28069 Hiruela, La;2017;52
Total;28069 Hiruela, La;2016;54
Total;28070 Horcajo de la Sierra-Aoslos;2025;219
Total;28070 Horcajo de la Sierra-Aoslos;2024;233
Total;28070 Horcajo de la Sierra-Aoslos;2023;234
Total;28070 Horcajo de la Sierra-Aoslos;2022;201
Total;28070 Horcajo de la Sierra-Aoslos;2021;170
Total;28070 Horcajo de la Sierra-Aoslos;2020;152
Total;28070 Horcajo de la Sierra-Aoslos;2019;145
Total;28070 Horcajo de la Sierra-Aoslos;2018;148
Total;28070 Horcajo de la Sierra-Aoslos;2017;142
Total;28070 Horcajo de la Sierra-Aoslos;2016;143
Total;28071 Horcajuelo de la Sierra;2025;104
Total;28071 Horcajuelo de la Sierra;2024;111
Total;28071 Horcajuelo de la Sierra;2023;108
Total;28071 Horcajuelo de la Sierra;2022;110
Total;28071 Horcajuelo de la Sierra;2021;106
Total;28071 Horcajuelo de la Sierra;2020;89
Total;28071 Horcajuelo de la Sierra;2019;86
Total;28071 Horcajuelo de la Sierra;2018;89
Total;28071 Horcajuelo de la Sierra;2017;88
Total;28071 Horcajuelo de la Sierra;2016;86
Total;28072 Hoyo de Manzanares;2025;9.310
Total;28072 Hoyo de Manzanares;2024;9.178
Total;28072 Hoyo de Manzanares;2023;8.973
Total;28072 Hoyo de Manzanares;2022;8.811
Total;28072 Hoyo de Manzanares;2021;8.680
Total;28072 Hoyo de Manzanares;2020;8.529
Total;28072 Hoyo de Manzanares;2019;8.434
Total;28072 Hoyo de Manzanares;2018;8.222
Total;28072 Hoyo de Manzanares;2017;8.032
Total;28072 Hoyo de Manzanares;2016;7.965
Total;28073 Humanes de Madrid;2025;20.500
Total;28073 Humanes de Madrid;2024;20.074
Total;28073 Humanes de Madrid;2023;19.902
Total;28073 Humanes de Madrid;2022;19.838
Total;28073 Humanes de Madrid;2021;19.736
Total;28073 Humanes de Madrid;2020;19.701
Total;28073 Humanes de Madrid;2019;19.743
Total;28073 Humanes de Madrid;2018;19.587
Total;28073 Humanes de Madrid;2017;19.607
Total;28073 Humanes de Madrid;2016;19.563
Total;28074 Leganés;2025;195.734
Total;28074 Leganés;2024;194.084
Total;28074 Leganés;2023;190.665
Total;28074 Leganés;2022;186.660
Total;28074 Leganés;2021;187.762
Total;28074 Leganés;2020;191.114
Total;28074 Leganés;2019;189.861
Total;28074 Leganés;2018;188.425
Total;28074 Leganés;2017;187.720
Total;28074 Leganés;2016;187.173
Total;28075 Loeches;2025;9.261
Total;28075 Loeches;2024;9.200
Total;28075 Loeches;2023;9.108
Total;28075 Loeches;2022;8.944
Total;28075 Loeches;2021;8.860
Total;28075 Loeches;2020;8.897
Total;28075 Loeches;2019;8.791
Total;28075 Loeches;2018;8.673
Total;28075 Loeches;2017;8.525
Total;28075 Loeches;2016;8.388
Total;28076 Lozoya;2025;598
Total;28076 Lozoya;2024;617
Total;28076 Lozoya;2023;621
Total;28076 Lozoya;2022;602
Total;28076 Lozoya;2021;593
Total;28076 Lozoya;2020;580
Total;28076 Lozoya;2019;581
Total;28076 Lozoya;2018;559
Total;28076 Lozoya;2017;559
Total;28076 Lozoya;2016;576
Total;28901 Lozoyuela-Navas-Sieteiglesias;2025;1.468
Total;28901 Lozoyuela-Navas-Sieteiglesias;2024;1.483
Total;28901 Lozoyuela-Navas-Sieteiglesias;2023;1.483
Total;28901 Lozoyuela-Navas-Sieteiglesias;2022;1.461
Total;28901 Lozoyuela-Navas-Sieteiglesias;2021;1.407
Total;28901 Lozoyuela-Navas-Sieteiglesias;2020;1.340
Total;28901 Lozoyuela-Navas-Sieteiglesias;2019;1.299
Total;28901 Lozoyuela-Navas-Sieteiglesias;2018;1.266
Total;28901 Lozoyuela-Navas-Sieteiglesias;2017;1.237
Total;28901 Lozoyuela-Navas-Sieteiglesias;2016;1.210
Total;28078 Madarcos;2025;69
Total;28078 Madarcos;2024;70
Total;28078 Madarcos;2023;72
Total;28078 Madarcos;2022;63
Total;28078 Madarcos;2021;57
Total;28078 Madarcos;2020;49
Total;28078 Madarcos;2019;48
Total;28078 Madarcos;2018;47
Total;28078 Madarcos;2017;46
Total;28078 Madarcos;2016;47
Total;28079 Madrid;2025;3.506.730
Total;28079 Madrid;2024;3.416.771
Total;28079 Madrid;2023;3.332.035
Total;28079 Madrid;2022;3.280.782
Total;28079 Madrid;2021;3.305.408
Total;28079 Madrid;2020;3.334.730
Total;28079 Madrid;2019;3.266.126
Total;28079 Madrid;2018;3.223.334
Total;28079 Madrid;2017;3.182.981
Total;28079 Madrid;2016;3.165.541
Total;28 Madrid;2025;7.137.031
Total;28 Madrid;2024;7.001.715
Total;28 Madrid;2023;6.859.914
Total;28 Madrid;2022;6.750.336
Total;28 Madrid;2021;6.751.251
Total;28 Madrid;2020;6.779.888
Total;28 Madrid;2019;6.663.394
Total;28 Madrid;2018;6.578.079
Total;28 Madrid;2017;6.507.184
Total;28 Madrid;2016;6.466.996
Total;28080 Majadahonda;2025;73.625
Total;28080 Majadahonda;2024;73.355
Total;28080 Majadahonda;2023;72.548
Total;28080 Majadahonda;2022;72.179
Total;28080 Majadahonda;2021;72.034
Total;28080 Majadahonda;2020;72.155
Total;28080 Majadahonda;2019;71.826
Total;28080 Majadahonda;2018;71.785
Total;28080 Majadahonda;2017;71.299
Total;28080 Majadahonda;2016;70.755
Total;28082 Manzanares el Real;2025;9.648
Total;28082 Manzanares el Real;2024;9.550
Total;28082 Manzanares el Real;2023;9.386
Total;28082 Manzanares el Real;2022;9.247
Total;28082 Manzanares el Real;2021;9.202
Total;28082 Manzanares el Real;2020;8.936
Total;28082 Manzanares el Real;2019;8.840
Total;28082 Manzanares el Real;2018;8.597
Total;28082 Manzanares el Real;2017;8.500
Total;28082 Manzanares el Real;2016;8.387
Total;28083 Meco;2025;15.922
Total;28083 Meco;2024;15.732
Total;28083 Meco;2023;15.404
Total;28083 Meco;2022;15.143
Total;28083 Meco;2021;14.903
Total;28083 Meco;2020;14.670
Total;28083 Meco;2019;14.305
Total;28083 Meco;2018;13.959
Total;28083 Meco;2017;13.570
Total;28083 Meco;2016;13.426
Total;28084 Mejorada del Campo;2025;25.049
Total;28084 Mejorada del Campo;2024;24.659
Total;28084 Mejorada del Campo;2023;24.274
Total;28084 Mejorada del Campo;2022;23.897
Total;28084 Mejorada del Campo;2021;23.737
Total;28084 Mejorada del Campo;2020;23.639
Total;28084 Mejorada del Campo;2019;23.274
Total;28084 Mejorada del Campo;2018;23.241
Total;28084 Mejorada del Campo;2017;22.948
Total;28084 Mejorada del Campo;2016;22.900
Total;28085 Miraflores de la Sierra;2025;7.350
Total;28085 Miraflores de la Sierra;2024;7.139
Total;28085 Miraflores de la Sierra;2023;6.945
Total;28085 Miraflores de la Sierra;2022;6.711
Total;28085 Miraflores de la Sierra;2021;6.585
Total;28085 Miraflores de la Sierra;2020;6.362
Total;28085 Miraflores de la Sierra;2019;6.108
Total;28085 Miraflores de la Sierra;2018;5.897
Total;28085 Miraflores de la Sierra;2017;5.817
Total;28085 Miraflores de la Sierra;2016;5.754
Total;28086 Molar, El;2025;9.999
Total;28086 Molar, El;2024;10.052
Total;28086 Molar, El;2023;9.759
Total;28086 Molar, El;2022;9.437
Total;28086 Molar, El;2021;9.291
Total;28086 Molar, El;2020;9.287
Total;28086 Molar, El;2019;8.938
Total;28086 Molar, El;2018;8.666
Total;28086 Molar, El;2017;8.491
Total;28086 Molar, El;2016;8.263
Total;28087 Molinos, Los;2025;4.781
Total;28087 Molinos, Los;2024;4.731
Total;28087 Molinos, Los;2023;4.786
Total;28087 Molinos, Los;2022;4.699
Total;28087 Molinos, Los;2021;4.563
Total;28087 Molinos, Los;2020;4.433
Total;28087 Molinos, Los;2019;4.389
Total;28087 Molinos, Los;2018;4.328
Total;28087 Molinos, Los;2017;4.345
Total;28087 Molinos, Los;2016;4.373
Total;28088 Montejo de la Sierra;2025;404
Total;28088 Montejo de la Sierra;2024;374
Total;28088 Montejo de la Sierra;2023;381
Total;28088 Montejo de la Sierra;2022;372
Total;28088 Montejo de la Sierra;2021;365
Total;28088 Montejo de la Sierra;2020;364
Total;28088 Montejo de la Sierra;2019;353
Total;28088 Montejo de la Sierra;2018;363
Total;28088 Montejo de la Sierra;2017;356
Total;28088 Montejo de la Sierra;2016;359
Total;28089 Moraleja de Enmedio;2025;5.580
Total;28089 Moraleja de Enmedio;2024;5.576
Total;28089 Moraleja de Enmedio;2023;5.453
Total;28089 Moraleja de Enmedio;2022;5.368
Total;28089 Moraleja de Enmedio;2021;5.294
Total;28089 Moraleja de Enmedio;2020;5.200
Total;28089 Moraleja de Enmedio;2019;5.136
Total;28089 Moraleja de Enmedio;2018;5.021
Total;28089 Moraleja de Enmedio;2017;4.870
Total;28089 Moraleja de Enmedio;2016;4.984
Total;28090 Moralzarzal;2025;14.772
Total;28090 Moralzarzal;2024;14.586
Total;28090 Moralzarzal;2023;14.124
Total;28090 Moralzarzal;2022;13.905
Total;28090 Moralzarzal;2021;13.573
Total;28090 Moralzarzal;2020;13.334
Total;28090 Moralzarzal;2019;13.026
Total;28090 Moralzarzal;2018;12.697
Total;28090 Moralzarzal;2017;12.496
Total;28090 Moralzarzal;2016;12.372
Total;28091 Morata de Tajuña;2025;8.397
Total;28091 Morata de Tajuña;2024;8.319
Total;28091 Morata de Tajuña;2023;8.115
Total;28091 Morata de Tajuña;2022;7.960
Total;28091 Morata de Tajuña;2021;7.924
Total;28091 Morata de Tajuña;2020;7.847
Total;28091 Morata de Tajuña;2019;7.683
Total;28091 Morata de Tajuña;2018;7.553
Total;28091 Morata de Tajuña;2017;7.482
Total;28091 Morata de Tajuña;2016;7.548
Total;28092 Móstoles;2025;214.817
Total;28092 Móstoles;2024;214.006
Total;28092 Móstoles;2023;211.265
Total;28092 Móstoles;2022;208.761
Total;28092 Móstoles;2021;209.639
Total;28092 Móstoles;2020;210.309
Total;28092 Móstoles;2019;209.184
Total;28092 Móstoles;2018;207.095
Total;28092 Móstoles;2017;206.589
Total;28092 Móstoles;2016;205.614
Total;28093 Navacerrada;2025;3.311
Total;28093 Navacerrada;2024;3.290
Total;28093 Navacerrada;2023;3.282
Total;28093 Navacerrada;2022;3.218
Total;28093 Navacerrada;2021;3.220
Total;28093 Navacerrada;2020;3.091
Total;28093 Navacerrada;2019;2.972
Total;28093 Navacerrada;2018;2.911
Total;28093 Navacerrada;2017;2.894
Total;28093 Navacerrada;2016;2.885
Total;28094 Navalafuente;2025;1.693
Total;28094 Navalafuente;2024;1.672
Total;28094 Navalafuente;2023;1.637
Total;28094 Navalafuente;2022;1.574
Total;28094 Navalafuente;2021;1.573
Total;28094 Navalafuente;2020;1.511
Total;28094 Navalafuente;2019;1.449
Total;28094 Navalafuente;2018;1.397
Total;28094 Navalafuente;2017;1.340
Total;28094 Navalafuente;2016;1.266
Total;28095 Navalagamella;2025;3.169
Total;28095 Navalagamella;2024;3.111
Total;28095 Navalagamella;2023;2.982
Total;28095 Navalagamella;2022;2.809
Total;28095 Navalagamella;2021;2.720
Total;28095 Navalagamella;2020;2.637
Total;28095 Navalagamella;2019;2.610
Total;28095 Navalagamella;2018;2.601
Total;28095 Navalagamella;2017;2.443
Total;28095 Navalagamella;2016;2.423
Total;28096 Navalcarnero;2025;33.331
Total;28096 Navalcarnero;2024;32.683
Total;28096 Navalcarnero;2023;31.974
Total;28096 Navalcarnero;2022;31.379
Total;28096 Navalcarnero;2021;30.695
Total;28096 Navalcarnero;2020;29.985
Total;28096 Navalcarnero;2019;29.298
Total;28096 Navalcarnero;2018;28.305
Total;28096 Navalcarnero;2017;27.570
Total;28096 Navalcarnero;2016;26.954
Total;28097 Navarredonda y San Mamés;2025;163
Total;28097 Navarredonda y San Mamés;2024;151
Total;28097 Navarredonda y San Mamés;2023;150
Total;28097 Navarredonda y San Mamés;2022;138
Total;28097 Navarredonda y San Mamés;2021;141
Total;28097 Navarredonda y San Mamés;2020;129
Total;28097 Navarredonda y San Mamés;2019;129
Total;28097 Navarredonda y San Mamés;2018;122
Total;28097 Navarredonda y San Mamés;2017;131
Total;28097 Navarredonda y San Mamés;2016;132
Total;28099 Navas del Rey;2025;3.420
Total;28099 Navas del Rey;2024;3.347
Total;28099 Navas del Rey;2023;3.244
Total;28099 Navas del Rey;2022;3.134
Total;28099 Navas del Rey;2021;3.062
Total;28099 Navas del Rey;2020;2.966
Total;28099 Navas del Rey;2019;2.918
Total;28099 Navas del Rey;2018;2.819
Total;28099 Navas del Rey;2017;2.751
Total;28099 Navas del Rey;2016;2.659
Total;28100 Nuevo Baztán;2025;7.429
Total;28100 Nuevo Baztán;2024;7.339
Total;28100 Nuevo Baztán;2023;7.050
Total;28100 Nuevo Baztán;2022;6.760
Total;28100 Nuevo Baztán;2021;6.630
Total;28100 Nuevo Baztán;2020;6.454
Total;28100 Nuevo Baztán;2019;6.276
Total;28100 Nuevo Baztán;2018;6.154
Total;28100 Nuevo Baztán;2017;6.091
Total;28100 Nuevo Baztán;2016;6.018
Total;28101 Olmeda de las Fuentes;2025;429
Total;28101 Olmeda de las Fuentes;2024;408
Total;28101 Olmeda de las Fuentes;2023;402
Total;28101 Olmeda de las Fuentes;2022;376
Total;28101 Olmeda de las Fuentes;2021;357
Total;28101 Olmeda de las Fuentes;2020;346
Total;28101 Olmeda de las Fuentes;2019;348
Total;28101 Olmeda de las Fuentes;2018;346
Total;28101 Olmeda de las Fuentes;2017;332
Total;28101 Olmeda de las Fuentes;2016;326
Total;28102 Orusco de Tajuña;2025;1.531
Total;28102 Orusco de Tajuña;2024;1.511
Total;28102 Orusco de Tajuña;2023;1.415
Total;28102 Orusco de Tajuña;2022;1.326
Total;28102 Orusco de Tajuña;2021;1.291
Total;28102 Orusco de Tajuña;2020;1.295
Total;28102 Orusco de Tajuña;2019;1.244
Total;28102 Orusco de Tajuña;2018;1.202
Total;28102 Orusco de Tajuña;2017;1.218
Total;28102 Orusco de Tajuña;2016;1.225
Total;28104 Paracuellos de Jarama;2025;27.650
Total;28104 Paracuellos de Jarama;2024;27.238
Total;28104 Paracuellos de Jarama;2023;27.000
Total;28104 Paracuellos de Jarama;2022;26.450
Total;28104 Paracuellos de Jarama;2021;26.235
Total;28104 Paracuellos de Jarama;2020;25.917
Total;28104 Paracuellos de Jarama;2019;25.269
Total;28104 Paracuellos de Jarama;2018;24.521
Total;28104 Paracuellos de Jarama;2017;23.905
Total;28104 Paracuellos de Jarama;2016;23.104
Total;28106 Parla;2025;137.471
Total;28106 Parla;2024;134.833
Total;28106 Parla;2023;133.004
Total;28106 Parla;2022;130.577
Total;28106 Parla;2021;131.689
Total;28106 Parla;2020;133.482
Total;28106 Parla;2019;130.124
Total;28106 Parla;2018;128.256
Total;28106 Parla;2017;125.898
Total;28106 Parla;2016;124.661
Total;28107 Patones;2025;617
Total;28107 Patones;2024;602
Total;28107 Patones;2023;566
Total;28107 Patones;2022;536
Total;28107 Patones;2021;524
Total;28107 Patones;2020;539
Total;28107 Patones;2019;541
Total;28107 Patones;2018;523
Total;28107 Patones;2017;553
Total;28107 Patones;2016;537
Total;28108 Pedrezuela;2025;6.606
Total;28108 Pedrezuela;2024;6.467
Total;28108 Pedrezuela;2023;6.400
Total;28108 Pedrezuela;2022;6.307
Total;28108 Pedrezuela;2021;6.226
Total;28108 Pedrezuela;2020;6.150
Total;28108 Pedrezuela;2019;5.892
Total;28108 Pedrezuela;2018;5.746
Total;28108 Pedrezuela;2017;5.613
Total;28108 Pedrezuela;2016;5.456
Total;28109 Pelayos de la Presa;2025;3.195
Total;28109 Pelayos de la Presa;2024;3.136
Total;28109 Pelayos de la Presa;2023;2.982
Total;28109 Pelayos de la Presa;2022;2.867
Total;28109 Pelayos de la Presa;2021;2.827
Total;28109 Pelayos de la Presa;2020;2.676
Total;28109 Pelayos de la Presa;2019;2.596
Total;28109 Pelayos de la Presa;2018;2.475
Total;28109 Pelayos de la Presa;2017;2.468
Total;28109 Pelayos de la Presa;2016;2.471
Total;28110 Perales de Tajuña;2025;3.260
Total;28110 Perales de Tajuña;2024;3.207
Total;28110 Perales de Tajuña;2023;3.176
Total;28110 Perales de Tajuña;2022;3.117
Total;28110 Perales de Tajuña;2021;3.059
Total;28110 Perales de Tajuña;2020;2.990
Total;28110 Perales de Tajuña;2019;2.935
Total;28110 Perales de Tajuña;2018;2.831
Total;28110 Perales de Tajuña;2017;2.817
Total;28110 Perales de Tajuña;2016;2.799
Total;28111 Pezuela de las Torres;2025;1.008
Total;28111 Pezuela de las Torres;2024;989
Total;28111 Pezuela de las Torres;2023;977
Total;28111 Pezuela de las Torres;2022;931
Total;28111 Pezuela de las Torres;2021;927
Total;28111 Pezuela de las Torres;2020;867
Total;28111 Pezuela de las Torres;2019;842
Total;28111 Pezuela de las Torres;2018;821
Total;28111 Pezuela de las Torres;2017;816
Total;28111 Pezuela de las Torres;2016;793
Total;28112 Pinilla del Valle;2025;200
Total;28112 Pinilla del Valle;2024;200
Total;28112 Pinilla del Valle;2023;204
Total;28112 Pinilla del Valle;2022;198
Total;28112 Pinilla del Valle;2021;196
Total;28112 Pinilla del Valle;2020;190
Total;28112 Pinilla del Valle;2019;191
Total;28112 Pinilla del Valle;2018;187
Total;28112 Pinilla del Valle;2017;185
Total;28112 Pinilla del Valle;2016;192
Total;28113 Pinto;2025;56.651
Total;28113 Pinto;2024;56.003
Total;28113 Pinto;2023;55.208
Total;28113 Pinto;2022;54.088
Total;28113 Pinto;2021;53.537
Total;28113 Pinto;2020;53.325
Total;28113 Pinto;2019;52.526
Total;28113 Pinto;2018;51.541
Total;28113 Pinto;2017;50.442
Total;28113 Pinto;2016;49.522
Total;28114 Piñuécar-Gandullas;2025;183
Total;28114 Piñuécar-Gandullas;2024;185
Total;28114 Piñuécar-Gandullas;2023;178
Total;28114 Piñuécar-Gandullas;2022;184
Total;28114 Piñuécar-Gandullas;2021;185
Total;28114 Piñuécar-Gandullas;2020;179
Total;28114 Piñuécar-Gandullas;2019;185
Total;28114 Piñuécar-Gandullas;2018;171
Total;28114 Piñuécar-Gandullas;2017;183
Total;28114 Piñuécar-Gandullas;2016;185
Total;28115 Pozuelo de Alarcón;2025;89.770
Total;28115 Pozuelo de Alarcón;2024;89.378
Total;28115 Pozuelo de Alarcón;2023;88.784
Total;28115 Pozuelo de Alarcón;2022;87.728
Total;28115 Pozuelo de Alarcón;2021;87.134
Total;28115 Pozuelo de Alarcón;2020;87.165
Total;28115 Pozuelo de Alarcón;2019;86.422
Total;28115 Pozuelo de Alarcón;2018;86.172
Total;28115 Pozuelo de Alarcón;2017;85.605
Total;28115 Pozuelo de Alarcón;2016;84.989
Total;28116 Pozuelo del Rey;2025;1.302
Total;28116 Pozuelo del Rey;2024;1.292
Total;28116 Pozuelo del Rey;2023;1.254
Total;28116 Pozuelo del Rey;2022;1.178
Total;28116 Pozuelo del Rey;2021;1.190
Total;28116 Pozuelo del Rey;2020;1.172
Total;28116 Pozuelo del Rey;2019;1.147
Total;28116 Pozuelo del Rey;2018;1.120
Total;28116 Pozuelo del Rey;2017;1.099
Total;28116 Pozuelo del Rey;2016;1.073
Total;28117 Prádena del Rincón;2025;146
Total;28117 Prádena del Rincón;2024;139
Total;28117 Prádena del Rincón;2023;150
Total;28117 Prádena del Rincón;2022;147
Total;28117 Prádena del Rincón;2021;149
Total;28117 Prádena del Rincón;2020;125
Total;28117 Prádena del Rincón;2019;117
Total;28117 Prádena del Rincón;2018;117
Total;28117 Prádena del Rincón;2017;132
Total;28117 Prádena del Rincón;2016;134
Total;28118 Puebla de la Sierra;2025;98
Total;28118 Puebla de la Sierra;2024;93
Total;28118 Puebla de la Sierra;2023;99
Total;28118 Puebla de la Sierra;2022;84
Total;28118 Puebla de la Sierra;2021;75
Total;28118 Puebla de la Sierra;2020;73
Total;28118 Puebla de la Sierra;2019;65
Total;28118 Puebla de la Sierra;2018;60
Total;28118 Puebla de la Sierra;2017;61
Total;28118 Puebla de la Sierra;2016;66
Total;28902 Puentes Viejas;2025;759
Total;28902 Puentes Viejas;2024;775
Total;28902 Puentes Viejas;2023;760
Total;28902 Puentes Viejas;2022;697
Total;28902 Puentes Viejas;2021;719
Total;28902 Puentes Viejas;2020;699
Total;28902 Puentes Viejas;2019;679
Total;28902 Puentes Viejas;2018;642
Total;28902 Puentes Viejas;2017;632
Total;28902 Puentes Viejas;2016;627
Total;28119 Quijorna;2025;4.044
Total;28119 Quijorna;2024;4.001
Total;28119 Quijorna;2023;3.863
Total;28119 Quijorna;2022;3.683
Total;28119 Quijorna;2021;3.593
Total;28119 Quijorna;2020;3.541
Total;28119 Quijorna;2019;3.439
Total;28119 Quijorna;2018;3.357
Total;28119 Quijorna;2017;3.282
Total;28119 Quijorna;2016;3.239
Total;28120 Rascafría;2025;1.704
Total;28120 Rascafría;2024;1.707
Total;28120 Rascafría;2023;1.736
Total;28120 Rascafría;2022;1.736
Total;28120 Rascafría;2021;1.754
Total;28120 Rascafría;2020;1.725
Total;28120 Rascafría;2019;1.664
Total;28120 Rascafría;2018;1.663
Total;28120 Rascafría;2017;1.672
Total;28120 Rascafría;2016;1.692
Total;28121 Redueña;2025;288
Total;28121 Redueña;2024;288
Total;28121 Redueña;2023;304
Total;28121 Redueña;2022;298
Total;28121 Redueña;2021;294
Total;28121 Redueña;2020;270
Total;28121 Redueña;2019;260
Total;28121 Redueña;2018;247
Total;28121 Redueña;2017;248
Total;28121 Redueña;2016;261
Total;28122 Ribatejada;2025;905
Total;28122 Ribatejada;2024;900
Total;28122 Ribatejada;2023;912
Total;28122 Ribatejada;2022;871
Total;28122 Ribatejada;2021;863
Total;28122 Ribatejada;2020;801
Total;28122 Ribatejada;2019;783
Total;28122 Ribatejada;2018;706
Total;28122 Ribatejada;2017;702
Total;28122 Ribatejada;2016;689
Total;28123 Rivas-Vaciamadrid;2025;103.148
Total;28123 Rivas-Vaciamadrid;2024;101.949
Total;28123 Rivas-Vaciamadrid;2023;100.275
Total;28123 Rivas-Vaciamadrid;2022;96.690
Total;28123 Rivas-Vaciamadrid;2021;92.925
Total;28123 Rivas-Vaciamadrid;2020;90.973
Total;28123 Rivas-Vaciamadrid;2019;88.150
Total;28123 Rivas-Vaciamadrid;2018;85.893
Total;28123 Rivas-Vaciamadrid;2017;83.767
Total;28123 Rivas-Vaciamadrid;2016;82.715
Total;28124 Robledillo de la Jara;2025;118
Total;28124 Robledillo de la Jara;2024;131
Total;28124 Robledillo de la Jara;2023;135
Total;28124 Robledillo de la Jara;2022;114
Total;28124 Robledillo de la Jara;2021;97
Total;28124 Robledillo de la Jara;2020;95
Total;28124 Robledillo de la Jara;2019;80
Total;28124 Robledillo de la Jara;2018;87
Total;28124 Robledillo de la Jara;2017;87
Total;28124 Robledillo de la Jara;2016;99
Total;28125 Robledo de Chavela;2025;4.818
Total;28125 Robledo de Chavela;2024;4.725
Total;28125 Robledo de Chavela;2023;4.705
Total;28125 Robledo de Chavela;2022;4.587
Total;28125 Robledo de Chavela;2021;4.479
Total;28125 Robledo de Chavela;2020;4.364
Total;28125 Robledo de Chavela;2019;4.270
Total;28125 Robledo de Chavela;2018;4.159
Total;28125 Robledo de Chavela;2017;4.073
Total;28125 Robledo de Chavela;2016;4.001
Total;28126 Robregordo;2025;79
Total;28126 Robregordo;2024;73
Total;28126 Robregordo;2023;79
Total;28126 Robregordo;2022;70
Total;28126 Robregordo;2021;71
Total;28126 Robregordo;2020;65
Total;28126 Robregordo;2019;58
Total;28126 Robregordo;2018;48
Total;28126 Robregordo;2017;44
Total;28126 Robregordo;2016;45
Total;28127 Rozas de Madrid, Las;2025;99.037
Total;28127 Rozas de Madrid, Las;2024;98.590
Total;28127 Rozas de Madrid, Las;2023;98.086
Total;28127 Rozas de Madrid, Las;2022;95.725
Total;28127 Rozas de Madrid, Las;2021;94.862
Total;28127 Rozas de Madrid, Las;2020;96.113
Total;28127 Rozas de Madrid, Las;2019;95.814
Total;28127 Rozas de Madrid, Las;2018;95.550
Total;28127 Rozas de Madrid, Las;2017;95.071
Total;28127 Rozas de Madrid, Las;2016;94.471
Total;28128 Rozas de Puerto Real;2025;579
Total;28128 Rozas de Puerto Real;2024;580
Total;28128 Rozas de Puerto Real;2023;578
Total;28128 Rozas de Puerto Real;2022;577
Total;28128 Rozas de Puerto Real;2021;590
Total;28128 Rozas de Puerto Real;2020;555
Total;28128 Rozas de Puerto Real;2019;530
Total;28128 Rozas de Puerto Real;2018;527
Total;28128 Rozas de Puerto Real;2017;534
Total;28128 Rozas de Puerto Real;2016;533
Total;28129 San Agustín del Guadalix;2025;13.825
Total;28129 San Agustín del Guadalix;2024;13.762
Total;28129 San Agustín del Guadalix;2023;13.650
Total;28129 San Agustín del Guadalix;2022;13.608
Total;28129 San Agustín del Guadalix;2021;13.538
Total;28129 San Agustín del Guadalix;2020;13.466
Total;28129 San Agustín del Guadalix;2019;13.379
Total;28129 San Agustín del Guadalix;2018;13.273
Total;28129 San Agustín del Guadalix;2017;13.103
Total;28129 San Agustín del Guadalix;2016;12.862
Total;28130 San Fernando de Henares;2025;39.059
Total;28130 San Fernando de Henares;2024;38.980
Total;28130 San Fernando de Henares;2023;38.974
Total;28130 San Fernando de Henares;2022;38.904
Total;28130 San Fernando de Henares;2021;39.313
Total;28130 San Fernando de Henares;2020;39.566
Total;28130 San Fernando de Henares;2019;39.432
Total;28130 San Fernando de Henares;2018;39.466
Total;28130 San Fernando de Henares;2017;39.681
Total;28130 San Fernando de Henares;2016;40.095
Total;28131 San Lorenzo de El Escorial;2025;18.872
Total;28131 San Lorenzo de El Escorial;2024;18.735
Total;28131 San Lorenzo de El Escorial;2023;18.489
Total;28131 San Lorenzo de El Escorial;2022;18.423
Total;28131 San Lorenzo de El Escorial;2021;18.454
Total;28131 San Lorenzo de El Escorial;2020;18.532
Total;28131 San Lorenzo de El Escorial;2019;18.369
Total;28131 San Lorenzo de El Escorial;2018;18.088
Total;28131 San Lorenzo de El Escorial;2017;18.024
Total;28131 San Lorenzo de El Escorial;2016;18.038
Total;28132 San Martín de la Vega;2025;21.010
Total;28132 San Martín de la Vega;2024;20.733
Total;28132 San Martín de la Vega;2023;20.304
Total;28132 San Martín de la Vega;2022;19.927
Total;28132 San Martín de la Vega;2021;19.853
Total;28132 San Martín de la Vega;2020;19.633
Total;28132 San Martín de la Vega;2019;19.170
Total;28132 San Martín de la Vega;2018;18.784
Total;28132 San Martín de la Vega;2017;18.824
Total;28132 San Martín de la Vega;2016;18.734
Total;28133 San Martín de Valdeiglesias;2025;9.324
Total;28133 San Martín de Valdeiglesias;2024;9.159
Total;28133 San Martín de Valdeiglesias;2023;9.003
Total;28133 San Martín de Valdeiglesias;2022;8.812
Total;28133 San Martín de Valdeiglesias;2021;8.760
Total;28133 San Martín de Valdeiglesias;2020;8.679
Total;28133 San Martín de Valdeiglesias;2019;8.459
Total;28133 San Martín de Valdeiglesias;2018;8.318
Total;28133 San Martín de Valdeiglesias;2017;8.298
Total;28133 San Martín de Valdeiglesias;2016;8.344
Total;28134 San Sebastián de los Reyes;2025;96.992
Total;28134 San Sebastián de los Reyes;2024;94.969
Total;28134 San Sebastián de los Reyes;2023;92.734
Total;28134 San Sebastián de los Reyes;2022;91.083
Total;28134 San Sebastián de los Reyes;2021;90.962
Total;28134 San Sebastián de los Reyes;2020;91.224
Total;28134 San Sebastián de los Reyes;2019;89.276
Total;28134 San Sebastián de los Reyes;2018;87.724
Total;28134 San Sebastián de los Reyes;2017;86.707
Total;28134 San Sebastián de los Reyes;2016;86.206
Total;28135 Santa María de la Alameda;2025;1.584
Total;28135 Santa María de la Alameda;2024;1.517
Total;28135 Santa María de la Alameda;2023;1.517
Total;28135 Santa María de la Alameda;2022;1.499
Total;28135 Santa María de la Alameda;2021;1.436
Total;28135 Santa María de la Alameda;2020;1.321
Total;28135 Santa María de la Alameda;2019;1.254
Total;28135 Santa María de la Alameda;2018;1.182
Total;28135 Santa María de la Alameda;2017;1.163
Total;28135 Santa María de la Alameda;2016;1.177
Total;28136 Santorcaz;2025;1.011
Total;28136 Santorcaz;2024;999
Total;28136 Santorcaz;2023;942
Total;28136 Santorcaz;2022;941
Total;28136 Santorcaz;2021;925
Total;28136 Santorcaz;2020;899
Total;28136 Santorcaz;2019;886
Total;28136 Santorcaz;2018;850
Total;28136 Santorcaz;2017;856
Total;28136 Santorcaz;2016;851
Total;28137 Santos de la Humosa, Los;2025;2.867
Total;28137 Santos de la Humosa, Los;2024;2.785
Total;28137 Santos de la Humosa, Los;2023;2.772
Total;28137 Santos de la Humosa, Los;2022;2.751
Total;28137 Santos de la Humosa, Los;2021;2.729
Total;28137 Santos de la Humosa, Los;2020;2.694
Total;28137 Santos de la Humosa, Los;2019;2.590
Total;28137 Santos de la Humosa, Los;2018;2.542
Total;28137 Santos de la Humosa, Los;2017;2.486
Total;28137 Santos de la Humosa, Los;2016;2.435
Total;28138 Serna del Monte, La;2025;110
Total;28138 Serna del Monte, La;2024;105
Total;28138 Serna del Monte, La;2023;106
Total;28138 Serna del Monte, La;2022;108
Total;28138 Serna del Monte, La;2021;96
Total;28138 Serna del Monte, La;2020;87
Total;28138 Serna del Monte, La;2019;81
Total;28138 Serna del Monte, La;2018;74
Total;28138 Serna del Monte, La;2017;73
Total;28138 Serna del Monte, La;2016;77
Total;28140 Serranillos del Valle;2025;4.670
Total;28140 Serranillos del Valle;2024;4.634
Total;28140 Serranillos del Valle;2023;4.625
Total;28140 Serranillos del Valle;2022;4.509
Total;28140 Serranillos del Valle;2021;4.429
Total;28140 Serranillos del Valle;2020;4.291
Total;28140 Serranillos del Valle;2019;4.165
Total;28140 Serranillos del Valle;2018;4.066
Total;28140 Serranillos del Valle;2017;3.967
Total;28140 Serranillos del Valle;2016;3.990
Total;28141 Sevilla la Nueva;2025;9.802
Total;28141 Sevilla la Nueva;2024;9.657
Total;28141 Sevilla la Nueva;2023;9.551
Total;28141 Sevilla la Nueva;2022;9.361
Total;28141 Sevilla la Nueva;2021;9.345
Total;28141 Sevilla la Nueva;2020;9.393
Total;28141 Sevilla la Nueva;2019;9.318
Total;28141 Sevilla la Nueva;2018;9.095
Total;28141 Sevilla la Nueva;2017;9.093
Total;28141 Sevilla la Nueva;2016;8.905
Total;28143 Somosierra;2025;93
Total;28143 Somosierra;2024;95
Total;28143 Somosierra;2023;85
Total;28143 Somosierra;2022;87
Total;28143 Somosierra;2021;87
Total;28143 Somosierra;2020;87
Total;28143 Somosierra;2019;86
Total;28143 Somosierra;2018;80
Total;28143 Somosierra;2017;77
Total;28143 Somosierra;2016;77
Total;28144 Soto del Real;2025;9.400
Total;28144 Soto del Real;2024;9.441
Total;28144 Soto del Real;2023;9.399
Total;28144 Soto del Real;2022;9.188
Total;28144 Soto del Real;2021;9.091
Total;28144 Soto del Real;2020;8.981
Total;28144 Soto del Real;2019;8.799
Total;28144 Soto del Real;2018;8.694
Total;28144 Soto del Real;2017;8.607
Total;28144 Soto del Real;2016;8.483
Total;28145 Talamanca de Jarama;2025;4.607
Total;28145 Talamanca de Jarama;2024;4.533
Total;28145 Talamanca de Jarama;2023;4.355
Total;28145 Talamanca de Jarama;2022;4.210
Total;28145 Talamanca de Jarama;2021;4.123
Total;28145 Talamanca de Jarama;2020;4.012
Total;28145 Talamanca de Jarama;2019;3.857
Total;28145 Talamanca de Jarama;2018;3.725
Total;28145 Talamanca de Jarama;2017;3.573
Total;28145 Talamanca de Jarama;2016;3.451
Total;28146 Tielmes;2025;2.964
Total;28146 Tielmes;2024;2.810
Total;28146 Tielmes;2023;2.742
Total;28146 Tielmes;2022;2.783
Total;28146 Tielmes;2021;2.781
Total;28146 Tielmes;2020;2.736
Total;28146 Tielmes;2019;2.650
Total;28146 Tielmes;2018;2.604
Total;28146 Tielmes;2017;2.610
Total;28146 Tielmes;2016;2.620
Total;28147 Titulcia;2025;1.389
Total;28147 Titulcia;2024;1.387
Total;28147 Titulcia;2023;1.362
Total;28147 Titulcia;2022;1.336
Total;28147 Titulcia;2021;1.360
Total;28147 Titulcia;2020;1.341
Total;28147 Titulcia;2019;1.313
Total;28147 Titulcia;2018;1.304
Total;28147 Titulcia;2017;1.274
Total;28147 Titulcia;2016;1.258
Total;28148 Torrejón de Ardoz;2025;143.526
Total;28148 Torrejón de Ardoz;2024;140.626
Total;28148 Torrejón de Ardoz;2023;137.711
Total;28148 Torrejón de Ardoz;2022;134.733
Total;28148 Torrejón de Ardoz;2021;132.771
Total;28148 Torrejón de Ardoz;2020;132.853
Total;28148 Torrejón de Ardoz;2019;131.376
Total;28148 Torrejón de Ardoz;2018;129.729
Total;28148 Torrejón de Ardoz;2017;128.013
Total;28148 Torrejón de Ardoz;2016;126.981
Total;28149 Torrejón de la Calzada;2025;10.653
Total;28149 Torrejón de la Calzada;2024;10.378
Total;28149 Torrejón de la Calzada;2023;10.222
Total;28149 Torrejón de la Calzada;2022;9.947
Total;28149 Torrejón de la Calzada;2021;9.549
Total;28149 Torrejón de la Calzada;2020;9.194
Total;28149 Torrejón de la Calzada;2019;8.872
Total;28149 Torrejón de la Calzada;2018;8.582
Total;28149 Torrejón de la Calzada;2017;8.418
Total;28149 Torrejón de la Calzada;2016;8.171
Total;28150 Torrejón de Velasco;2025;4.900
Total;28150 Torrejón de Velasco;2024;4.893
Total;28150 Torrejón de Velasco;2023;4.756
Total;28150 Torrejón de Velasco;2022;4.685
Total;28150 Torrejón de Velasco;2021;4.594
Total;28150 Torrejón de Velasco;2020;4.386
Total;28150 Torrejón de Velasco;2019;4.382
Total;28150 Torrejón de Velasco;2018;4.298
Total;28150 Torrejón de Velasco;2017;4.261
Total;28150 Torrejón de Velasco;2016;4.243
Total;28151 Torrelaguna;2025;5.081
Total;28151 Torrelaguna;2024;4.991
Total;28151 Torrelaguna;2023;4.949
Total;28151 Torrelaguna;2022;4.940
Total;28151 Torrelaguna;2021;4.897
Total;28151 Torrelaguna;2020;4.854
Total;28151 Torrelaguna;2019;4.760
Total;28151 Torrelaguna;2018;4.724
Total;28151 Torrelaguna;2017;4.712
Total;28151 Torrelaguna;2016;4.697
Total;28152 Torrelodones;2025;25.433
Total;28152 Torrelodones;2024;25.316
Total;28152 Torrelodones;2023;25.115
Total;28152 Torrelodones;2022;24.775
Total;28152 Torrelodones;2021;24.122
Total;28152 Torrelodones;2020;23.902
Total;28152 Torrelodones;2019;23.717
Total;28152 Torrelodones;2018;23.361
Total;28152 Torrelodones;2017;23.128
Total;28152 Torrelodones;2016;23.123
Total;28153 Torremocha de Jarama;2025;1.157
Total;28153 Torremocha de Jarama;2024;1.132
Total;28153 Torremocha de Jarama;2023;1.144
Total;28153 Torremocha de Jarama;2022;1.097
Total;28153 Torremocha de Jarama;2021;1.079
Total;28153 Torremocha de Jarama;2020;1.075
Total;28153 Torremocha de Jarama;2019;1.019
Total;28153 Torremocha de Jarama;2018;975
Total;28153 Torremocha de Jarama;2017;942
Total;28153 Torremocha de Jarama;2016;906
Total;28154 Torres de la Alameda;2025;7.824
Total;28154 Torres de la Alameda;2024;7.758
Total;28154 Torres de la Alameda;2023;7.737
Total;28154 Torres de la Alameda;2022;7.714
Total;28154 Torres de la Alameda;2021;7.729
Total;28154 Torres de la Alameda;2020;7.833
Total;28154 Torres de la Alameda;2019;7.779
Total;28154 Torres de la Alameda;2018;7.760
Total;28154 Torres de la Alameda;2017;7.825
Total;28154 Torres de la Alameda;2016;7.769
Total;28903 Tres Cantos;2025;54.592
Total;28903 Tres Cantos;2024;52.932
Total;28903 Tres Cantos;2023;51.453
Total;28903 Tres Cantos;2022;50.187
Total;28903 Tres Cantos;2021;48.751
Total;28903 Tres Cantos;2020;48.326
Total;28903 Tres Cantos;2019;47.722
Total;28903 Tres Cantos;2018;46.750
Total;28903 Tres Cantos;2017;46.046
Total;28903 Tres Cantos;2016;44.764
Total;28155 Valdaracete;2025;658
Total;28155 Valdaracete;2024;645
Total;28155 Valdaracete;2023;633
Total;28155 Valdaracete;2022;627
Total;28155 Valdaracete;2021;612
Total;28155 Valdaracete;2020;605
Total;28155 Valdaracete;2019;609
Total;28155 Valdaracete;2018;626
Total;28155 Valdaracete;2017;643
Total;28155 Valdaracete;2016;641
Total;28156 Valdeavero;2025;1.896
Total;28156 Valdeavero;2024;1.823
Total;28156 Valdeavero;2023;1.782
Total;28156 Valdeavero;2022;1.701
Total;28156 Valdeavero;2021;1.670
Total;28156 Valdeavero;2020;1.591
Total;28156 Valdeavero;2019;1.554
Total;28156 Valdeavero;2018;1.510
Total;28156 Valdeavero;2017;1.450
Total;28156 Valdeavero;2016;1.407
Total;28157 Valdelaguna;2025;1.122
Total;28157 Valdelaguna;2024;1.094
Total;28157 Valdelaguna;2023;1.045
Total;28157 Valdelaguna;2022;1.016
Total;28157 Valdelaguna;2021;1.026
Total;28157 Valdelaguna;2020;979
Total;28157 Valdelaguna;2019;937
Total;28157 Valdelaguna;2018;903
Total;28157 Valdelaguna;2017;867
Total;28157 Valdelaguna;2016;841
Total;28158 Valdemanco;2025;1.097
Total;28158 Valdemanco;2024;1.052
Total;28158 Valdemanco;2023;1.066
Total;28158 Valdemanco;2022;1.033
Total;28158 Valdemanco;2021;1.012
Total;28158 Valdemanco;2020;963
Total;28158 Valdemanco;2019;914
Total;28158 Valdemanco;2018;927
Total;28158 Valdemanco;2017;916
Total;28158 Valdemanco;2016;911
Total;28159 Valdemaqueda;2025;870
Total;28159 Valdemaqueda;2024;833
Total;28159 Valdemaqueda;2023;820
Total;28159 Valdemaqueda;2022;798
Total;28159 Valdemaqueda;2021;789
Total;28159 Valdemaqueda;2020;775
Total;28159 Valdemaqueda;2019;781
Total;28159 Valdemaqueda;2018;761
Total;28159 Valdemaqueda;2017;768
Total;28159 Valdemaqueda;2016;779
Total;28160 Valdemorillo;2025;14.420
Total;28160 Valdemorillo;2024;14.164
Total;28160 Valdemorillo;2023;13.651
Total;28160 Valdemorillo;2022;13.453
Total;28160 Valdemorillo;2021;13.245
Total;28160 Valdemorillo;2020;12.772
Total;28160 Valdemorillo;2019;12.518
Total;28160 Valdemorillo;2018;12.280
Total;28160 Valdemorillo;2017;12.300
Total;28160 Valdemorillo;2016;12.168
Total;28161 Valdemoro;2025;85.972
Total;28161 Valdemoro;2024;83.507
Total;28161 Valdemoro;2023;81.394
Total;28161 Valdemoro;2022;79.100
Total;28161 Valdemoro;2021;77.587
Total;28161 Valdemoro;2020;77.270
Total;28161 Valdemoro;2019;75.983
Total;28161 Valdemoro;2018;74.745
Total;28161 Valdemoro;2017;73.976
Total;28161 Valdemoro;2016;72.988
Total;28162 Valdeolmos-Alalpardo;2025;4.626
Total;28162 Valdeolmos-Alalpardo;2024;4.568
Total;28162 Valdeolmos-Alalpardo;2023;4.523
Total;28162 Valdeolmos-Alalpardo;2022;4.396
Total;28162 Valdeolmos-Alalpardo;2021;4.309
Total;28162 Valdeolmos-Alalpardo;2020;4.232
Total;28162 Valdeolmos-Alalpardo;2019;4.136
Total;28162 Valdeolmos-Alalpardo;2018;4.039
Total;28162 Valdeolmos-Alalpardo;2017;3.906
Total;28162 Valdeolmos-Alalpardo;2016;3.880
Total;28163 Valdepiélagos;2025;612
Total;28163 Valdepiélagos;2024;619
Total;28163 Valdepiélagos;2023;623
Total;28163 Valdepiélagos;2022;621
Total;28163 Valdepiélagos;2021;612
Total;28163 Valdepiélagos;2020;614
Total;28163 Valdepiélagos;2019;584
Total;28163 Valdepiélagos;2018;574
Total;28163 Valdepiélagos;2017;587
Total;28163 Valdepiélagos;2016;574
Total;28164 Valdetorres de Jarama;2025;5.175
Total;28164 Valdetorres de Jarama;2024;5.026
Total;28164 Valdetorres de Jarama;2023;4.990
Total;28164 Valdetorres de Jarama;2022;4.830
Total;28164 Valdetorres de Jarama;2021;4.696
Total;28164 Valdetorres de Jarama;2020;4.581
Total;28164 Valdetorres de Jarama;2019;4.497
Total;28164 Valdetorres de Jarama;2018;4.384
Total;28164 Valdetorres de Jarama;2017;4.316
Total;28164 Valdetorres de Jarama;2016;4.260
Total;28165 Valdilecha;2025;3.289
Total;28165 Valdilecha;2024;3.213
Total;28165 Valdilecha;2023;3.191
Total;28165 Valdilecha;2022;3.104
Total;28165 Valdilecha;2021;3.079
Total;28165 Valdilecha;2020;2.982
Total;28165 Valdilecha;2019;2.933
Total;28165 Valdilecha;2018;2.840
Total;28165 Valdilecha;2017;2.755
Total;28165 Valdilecha;2016;2.749
Total;28166 Valverde de Alcalá;2025;565
Total;28166 Valverde de Alcalá;2024;553
Total;28166 Valverde de Alcalá;2023;535
Total;28166 Valverde de Alcalá;2022;532
Total;28166 Valverde de Alcalá;2021;518
Total;28166 Valverde de Alcalá;2020;498
Total;28166 Valverde de Alcalá;2019;465
Total;28166 Valverde de Alcalá;2018;432
Total;28166 Valverde de Alcalá;2017;427
Total;28166 Valverde de Alcalá;2016;430
Total;28167 Velilla de San Antonio;2025;14.468
Total;28167 Velilla de San Antonio;2024;14.003
Total;28167 Velilla de San Antonio;2023;13.376
Total;28167 Velilla de San Antonio;2022;12.770
Total;28167 Velilla de San Antonio;2021;12.543
Total;28167 Velilla de San Antonio;2020;12.380
Total;28167 Velilla de San Antonio;2019;12.236
Total;28167 Velilla de San Antonio;2018;12.193
Total;28167 Velilla de San Antonio;2017;12.111
Total;28167 Velilla de San Antonio;2016;12.222
Total;28168 Vellón, El;2025;2.281
Total;28168 Vellón, El;2024;2.166
Total;28168 Vellón, El;2023;2.200
Total;28168 Vellón, El;2022;2.124
Total;28168 Vellón, El;2021;2.083
Total;28168 Vellón, El;2020;2.004
Total;28168 Vellón, El;2019;1.958
Total;28168 Vellón, El;2018;1.942
Total;28168 Vellón, El;2017;1.834
Total;28168 Vellón, El;2016;1.846
Total;28169 Venturada;2025;2.622
Total;28169 Venturada;2024;2.559
Total;28169 Venturada;2023;2.554
Total;28169 Venturada;2022;2.445
Total;28169 Venturada;2021;2.387
Total;28169 Venturada;2020;2.241
Total;28169 Venturada;2019;2.163
Total;28169 Venturada;2018;2.081
Total;28169 Venturada;2017;2.032
Total;28169 Venturada;2016;2.014
Total;28171 Villa del Prado;2025;7.743
Total;28171 Villa del Prado;2024;7.437
Total;28171 Villa del Prado;2023;7.273
Total;28171 Villa del Prado;2022;7.092
Total;28171 Villa del Prado;2021;6.837
Total;28171 Villa del Prado;2020;6.661
Total;28171 Villa del Prado;2019;6.520
Total;28171 Villa del Prado;2018;6.409
Total;28171 Villa del Prado;2017;6.337
Total;28171 Villa del Prado;2016;6.295
Total;28170 Villaconejos;2025;3.569
Total;28170 Villaconejos;2024;3.508
Total;28170 Villaconejos;2023;3.499
Total;28170 Villaconejos;2022;3.456
Total;28170 Villaconejos;2021;3.464
Total;28170 Villaconejos;2020;3.422
Total;28170 Villaconejos;2019;3.388
Total;28170 Villaconejos;2018;3.363
Total;28170 Villaconejos;2017;3.350
Total;28170 Villaconejos;2016;3.350
Total;28172 Villalbilla;2025;18.687
Total;28172 Villalbilla;2024;18.000
Total;28172 Villalbilla;2023;16.823
Total;28172 Villalbilla;2022;15.866
Total;28172 Villalbilla;2021;15.049
Total;28172 Villalbilla;2020;14.392
Total;28172 Villalbilla;2019;13.878
Total;28172 Villalbilla;2018;13.421
Total;28172 Villalbilla;2017;13.038
Total;28172 Villalbilla;2016;12.719
Total;28173 Villamanrique de Tajo;2025;859
Total;28173 Villamanrique de Tajo;2024;825
Total;28173 Villamanrique de Tajo;2023;800
Total;28173 Villamanrique de Tajo;2022;757
Total;28173 Villamanrique de Tajo;2021;762
Total;28173 Villamanrique de Tajo;2020;707
Total;28173 Villamanrique de Tajo;2019;703
Total;28173 Villamanrique de Tajo;2018;699
Total;28173 Villamanrique de Tajo;2017;694
Total;28173 Villamanrique de Tajo;2016;705
Total;28174 Villamanta;2025;2.899
Total;28174 Villamanta;2024;2.823
Total;28174 Villamanta;2023;2.774
Total;28174 Villamanta;2022;2.714
Total;28174 Villamanta;2021;2.643
Total;28174 Villamanta;2020;2.605
Total;28174 Villamanta;2019;2.555
Total;28174 Villamanta;2018;2.501
Total;28174 Villamanta;2017;2.491
Total;28174 Villamanta;2016;2.497
Total;28175 Villamantilla;2025;1.660
Total;28175 Villamantilla;2024;1.624
Total;28175 Villamantilla;2023;1.576
Total;28175 Villamantilla;2022;1.567
Total;28175 Villamantilla;2021;1.514
Total;28175 Villamantilla;2020;1.482
Total;28175 Villamantilla;2019;1.441
Total;28175 Villamantilla;2018;1.420
Total;28175 Villamantilla;2017;1.382
Total;28175 Villamantilla;2016;1.334
Total;28176 Villanueva de la Cañada;2025;24.028
Total;28176 Villanueva de la Cañada;2024;23.799
Total;28176 Villanueva de la Cañada;2023;23.593
Total;28176 Villanueva de la Cañada;2022;22.845
Total;28176 Villanueva de la Cañada;2021;22.580
Total;28176 Villanueva de la Cañada;2020;22.115
Total;28176 Villanueva de la Cañada;2019;21.445
Total;28176 Villanueva de la Cañada;2018;21.000
Total;28176 Villanueva de la Cañada;2017;20.320
Total;28176 Villanueva de la Cañada;2016;19.611
Total;28178 Villanueva de Perales;2025;1.715
Total;28178 Villanueva de Perales;2024;1.674
Total;28178 Villanueva de Perales;2023;1.671
Total;28178 Villanueva de Perales;2022;1.623
Total;28178 Villanueva de Perales;2021;1.599
Total;28178 Villanueva de Perales;2020;1.592
Total;28178 Villanueva de Perales;2019;1.563
Total;28178 Villanueva de Perales;2018;1.547
Total;28178 Villanueva de Perales;2017;1.519
Total;28178 Villanueva de Perales;2016;1.486
Total;28177 Villanueva del Pardillo;2025;18.466
Total;28177 Villanueva del Pardillo;2024;18.086
Total;28177 Villanueva del Pardillo;2023;17.731
Total;28177 Villanueva del Pardillo;2022;17.382
Total;28177 Villanueva del Pardillo;2021;17.310
Total;28177 Villanueva del Pardillo;2020;17.396
Total;28177 Villanueva del Pardillo;2019;17.180
Total;28177 Villanueva del Pardillo;2018;17.127
Total;28177 Villanueva del Pardillo;2017;17.025
Total;28177 Villanueva del Pardillo;2016;16.950
Total;28179 Villar del Olmo;2025;2.341
Total;28179 Villar del Olmo;2024;2.277
Total;28179 Villar del Olmo;2023;2.258
Total;28179 Villar del Olmo;2022;2.219
Total;28179 Villar del Olmo;2021;2.211
Total;28179 Villar del Olmo;2020;2.079
Total;28179 Villar del Olmo;2019;2.011
Total;28179 Villar del Olmo;2018;1.967
Total;28179 Villar del Olmo;2017;1.997
Total;28179 Villar del Olmo;2016;1.981
Total;28180 Villarejo de Salvanés;2025;8.042
Total;28180 Villarejo de Salvanés;2024;7.900
Total;28180 Villarejo de Salvanés;2023;7.746
Total;28180 Villarejo de Salvanés;2022;7.629
Total;28180 Villarejo de Salvanés;2021;7.552
Total;28180 Villarejo de Salvanés;2020;7.433
Total;28180 Villarejo de Salvanés;2019;7.335
Total;28180 Villarejo de Salvanés;2018;7.291
Total;28180 Villarejo de Salvanés;2017;7.245
Total;28180 Villarejo de Salvanés;2016;7.265
Total;28181 Villaviciosa de Odón;2025;30.127
Total;28181 Villaviciosa de Odón;2024;29.273
Total;28181 Villaviciosa de Odón;2023;28.750
Total;28181 Villaviciosa de Odón;2022;28.152
Total;28181 Villaviciosa de Odón;2021;28.030
Total;28181 Villaviciosa de Odón;2020;28.148
Total;28181 Villaviciosa de Odón;2019;27.835
Total;28181 Villaviciosa de Odón;2018;27.596
Total;28181 Villaviciosa de Odón;2017;27.504
Total;28181 Villaviciosa de Odón;2016;27.276
Total;28182 Villavieja del Lozoya;2025;332
Total;28182 Villavieja del Lozoya;2024;324
Total;28182 Villavieja del Lozoya;2023;314
Total;28182 Villavieja del Lozoya;2022;284
Total;28182 Villavieja del Lozoya;2021;276
Total;28182 Villavieja del Lozoya;2020;262
Total;28182 Villavieja del Lozoya;2019;253
Total;28182 Villavieja del Lozoya;2018;258
Total;28182 Villavieja del Lozoya;2017;267
Total;28182 Villavieja del Lozoya;2016;270
Total;28183 Zarzalejo;2025;1.946
Total;28183 Zarzalejo;2024;1.874
Total;28183 Zarzalejo;2023;1.810
Total;28183 Zarzalejo;2022;1.773
Total;28183 Zarzalejo;2021;1.786
Total;28183 Zarzalejo;2020;1.734
Total;28183 Zarzalejo;2019;1.658
Total;28183 Zarzalejo;2018;1.620
Total;28183 Zarzalejo;2017;1.596
Total;28183 Zarzalejo;2016;1.565
