Municipalities;Sex;Period;Total
03002 Agost;Total;2025;5,225
03002 Agost;Total;2024;5,107
03002 Agost;Total;2023;5,067
03002 Agost;Total;2022;4,948
03002 Agost;Total;2021;4,906
03002 Agost;Total;2020;4,794
03002 Agost;Total;2019;4,758
03002 Agost;Total;2018;4,713
03002 Agost;Total;2017;4,703
03002 Agost;Total;2016;4,729
03003 Agres;Total;2025;623
03003 Agres;Total;2024;610
03003 Agres;Total;2023;619
03003 Agres;Total;2022;589
03003 Agres;Total;2021;580
03003 Agres;Total;2020;564
03003 Agres;Total;2019;565
03003 Agres;Total;2018;551
03003 Agres;Total;2017;549
03003 Agres;Total;2016;565
03004 Aigües;Total;2025;1,199
03004 Aigües;Total;2024;1,189
03004 Aigües;Total;2023;1,146
03004 Aigües;Total;2022;1,085
03004 Aigües;Total;2021;1,049
03004 Aigües;Total;2020;986
03004 Aigües;Total;2019;963
03004 Aigües;Total;2018;936
03004 Aigües;Total;2017;913
03004 Aigües;Total;2016;921
03014 Alacant/Alicante;Total;2025;366,221
03014 Alacant/Alicante;Total;2024;358,720
03014 Alacant/Alicante;Total;2023;349,282
03014 Alacant/Alicante;Total;2022;338,577
03014 Alacant/Alicante;Total;2021;337,304
03014 Alacant/Alicante;Total;2020;337,482
03014 Alacant/Alicante;Total;2019;334,887
03014 Alacant/Alicante;Total;2018;331,577
03014 Alacant/Alicante;Total;2017;329,988
03014 Alacant/Alicante;Total;2016;330,525
03005 Albatera;Total;2025;13,566
03005 Albatera;Total;2024;13,296
03005 Albatera;Total;2023;13,092
03005 Albatera;Total;2022;12,864
03005 Albatera;Total;2021;12,714
03005 Albatera;Total;2020;12,474
03005 Albatera;Total;2019;12,279
03005 Albatera;Total;2018;12,042
03005 Albatera;Total;2017;11,850
03005 Albatera;Total;2016;11,756
03006 Alcalalí;Total;2025;1,428
03006 Alcalalí;Total;2024;1,406
03006 Alcalalí;Total;2023;1,397
03006 Alcalalí;Total;2022;1,349
03006 Alcalalí;Total;2021;1,336
03006 Alcalalí;Total;2020;1,302
03006 Alcalalí;Total;2019;1,278
03006 Alcalalí;Total;2018;1,298
03006 Alcalalí;Total;2017;1,276
03006 Alcalalí;Total;2016;1,291
03009 Alcoi/Alcoy;Total;2025;61,468
03009 Alcoi/Alcoy;Total;2024;60,372
03009 Alcoi/Alcoy;Total;2023;59,493
03009 Alcoi/Alcoy;Total;2022;58,960
03009 Alcoi/Alcoy;Total;2021;59,128
03009 Alcoi/Alcoy;Total;2020;59,354
03009 Alcoi/Alcoy;Total;2019;58,994
03009 Alcoi/Alcoy;Total;2018;58,977
03009 Alcoi/Alcoy;Total;2017;59,106
03009 Alcoi/Alcoy;Total;2016;59,198
03008 Alcoleja;Total;2025;184
03008 Alcoleja;Total;2024;186
03008 Alcoleja;Total;2023;188
03008 Alcoleja;Total;2022;196
03008 Alcoleja;Total;2021;181
03008 Alcoleja;Total;2020;177
03008 Alcoleja;Total;2019;173
03008 Alcoleja;Total;2018;180
03008 Alcoleja;Total;2017;185
03008 Alcoleja;Total;2016;194
03007 Alcosser;Total;2025;263
03007 Alcosser;Total;2024;259
03007 Alcosser;Total;2023;259
03007 Alcosser;Total;2022;254
03007 Alcosser;Total;2021;243
03007 Alcosser;Total;2020;226
03007 Alcosser;Total;2019;230
03007 Alcosser;Total;2018;229
03007 Alcosser;Total;2017;230
03007 Alcosser;Total;2016;221
03010 Alfafara;Total;2025;419
03010 Alfafara;Total;2024;413
03010 Alfafara;Total;2023;419
03010 Alfafara;Total;2022;417
03010 Alfafara;Total;2021;408
03010 Alfafara;Total;2020;406
03010 Alfafara;Total;2019;410
03010 Alfafara;Total;2018;407
03010 Alfafara;Total;2017;405
03010 Alfafara;Total;2016;399
03011 Alfàs del Pi, l';Total;2025;21,080
03011 Alfàs del Pi, l';Total;2024;20,160
03011 Alfàs del Pi, l';Total;2023;20,518
03011 Alfàs del Pi, l';Total;2022;20,668
03011 Alfàs del Pi, l';Total;2021;20,495
03011 Alfàs del Pi, l';Total;2020;20,042
03011 Alfàs del Pi, l';Total;2019;20,482
03011 Alfàs del Pi, l';Total;2018;20,053
03011 Alfàs del Pi, l';Total;2017;18,394
03011 Alfàs del Pi, l';Total;2016;21,494
03012 Algorfa;Total;2025;3,788
03012 Algorfa;Total;2024;3,684
03012 Algorfa;Total;2023;3,635
03012 Algorfa;Total;2022;3,513
03012 Algorfa;Total;2021;3,396
03012 Algorfa;Total;2020;3,125
03012 Algorfa;Total;2019;2,935
03012 Algorfa;Total;2018;2,838
03012 Algorfa;Total;2017;2,761
03012 Algorfa;Total;2016;3,222
03013 Algueña;Total;2025;1,328
03013 Algueña;Total;2024;1,342
03013 Algueña;Total;2023;1,395
03013 Algueña;Total;2022;1,351
03013 Algueña;Total;2021;1,334
03013 Algueña;Total;2020;1,326
03013 Algueña;Total;2019;1,336
03013 Algueña;Total;2018;1,341
03013 Algueña;Total;2017;1,372
03013 Algueña;Total;2016;1,391
03 Alicante/Alacant;Total;2025;2,030,037
03 Alicante/Alacant;Total;2024;1,991,259
03 Alicante/Alacant;Total;2023;1,950,357
03 Alicante/Alacant;Total;2022;1,901,594
03 Alicante/Alacant;Total;2021;1,881,762
03 Alicante/Alacant;Total;2020;1,879,888
03 Alicante/Alacant;Total;2019;1,858,683
03 Alicante/Alacant;Total;2018;1,838,819
03 Alicante/Alacant;Total;2017;1,825,332
03 Alicante/Alacant;Total;2016;1,836,459
03015 Almoradí;Total;2025;22,965
03015 Almoradí;Total;2024;22,464
03015 Almoradí;Total;2023;21,874
03015 Almoradí;Total;2022;21,401
03015 Almoradí;Total;2021;21,404
03015 Almoradí;Total;2020;21,208
03015 Almoradí;Total;2019;20,803
03015 Almoradí;Total;2018;20,542
03015 Almoradí;Total;2017;20,332
03015 Almoradí;Total;2016;20,138
03016 Almudaina;Total;2025;128
03016 Almudaina;Total;2024;118
03016 Almudaina;Total;2023;110
03016 Almudaina;Total;2022;112
03016 Almudaina;Total;2021;117
03016 Almudaina;Total;2020;109
03016 Almudaina;Total;2019;113
03016 Almudaina;Total;2018;104
03016 Almudaina;Total;2017;113
03016 Almudaina;Total;2016;119
03017 Alqueria d'Asnar, l';Total;2025;519
03017 Alqueria d'Asnar, l';Total;2024;519
03017 Alqueria d'Asnar, l';Total;2023;511
03017 Alqueria d'Asnar, l';Total;2022;489
03017 Alqueria d'Asnar, l';Total;2021;498
03017 Alqueria d'Asnar, l';Total;2020;493
03017 Alqueria d'Asnar, l';Total;2019;493
03017 Alqueria d'Asnar, l';Total;2018;491
03017 Alqueria d'Asnar, l';Total;2017;496
03017 Alqueria d'Asnar, l';Total;2016;517
03018 Altea;Total;2025;24,592
03018 Altea;Total;2024;23,963
03018 Altea;Total;2023;23,820
03018 Altea;Total;2022;23,010
03018 Altea;Total;2021;22,657
03018 Altea;Total;2020;22,558
03018 Altea;Total;2019;22,290
03018 Altea;Total;2018;21,995
03018 Altea;Total;2017;21,813
03018 Altea;Total;2016;21,739
03019 Aspe;Total;2025;22,397
03019 Aspe;Total;2024;21,969
03019 Aspe;Total;2023;21,473
03019 Aspe;Total;2022;21,191
03019 Aspe;Total;2021;21,088
03019 Aspe;Total;2020;20,804
03019 Aspe;Total;2019;20,714
03019 Aspe;Total;2018;20,537
03019 Aspe;Total;2017;20,425
03019 Aspe;Total;2016;20,482
03001 Atzúbia, l';Total;2025;589
03001 Atzúbia, l';Total;2024;594
03001 Atzúbia, l';Total;2023;608
03001 Atzúbia, l';Total;2022;616
03001 Atzúbia, l';Total;2021;609
03001 Atzúbia, l';Total;2020;611
03001 Atzúbia, l';Total;2019;632
03001 Atzúbia, l';Total;2018;661
03001 Atzúbia, l';Total;2017;664
03001 Atzúbia, l';Total;2016;689
03020 Balones;Total;2025;132
03020 Balones;Total;2024;131
03020 Balones;Total;2023;119
03020 Balones;Total;2022;126
03020 Balones;Total;2021;134
03020 Balones;Total;2020;128
03020 Balones;Total;2019;131
03020 Balones;Total;2018;122
03020 Balones;Total;2017;128
03020 Balones;Total;2016;129
03021 Banyeres de Mariola;Total;2025;7,347
03021 Banyeres de Mariola;Total;2024;7,307
03021 Banyeres de Mariola;Total;2023;7,255
03021 Banyeres de Mariola;Total;2022;7,201
03021 Banyeres de Mariola;Total;2021;7,113
03021 Banyeres de Mariola;Total;2020;7,090
03021 Banyeres de Mariola;Total;2019;7,068
03021 Banyeres de Mariola;Total;2018;7,113
03021 Banyeres de Mariola;Total;2017;7,102
03021 Banyeres de Mariola;Total;2016;7,108
03022 Benasau;Total;2025;174
03022 Benasau;Total;2024;171
03022 Benasau;Total;2023;173
03022 Benasau;Total;2022;171
03022 Benasau;Total;2021;170
03022 Benasau;Total;2020;156
03022 Benasau;Total;2019;151
03022 Benasau;Total;2018;156
03022 Benasau;Total;2017;157
03022 Benasau;Total;2016;158
03023 Beneixama;Total;2025;1,696
03023 Beneixama;Total;2024;1,679
03023 Beneixama;Total;2023;1,697
03023 Beneixama;Total;2022;1,705
03023 Beneixama;Total;2021;1,707
03023 Beneixama;Total;2020;1,690
03023 Beneixama;Total;2019;1,685
03023 Beneixama;Total;2018;1,703
03023 Beneixama;Total;2017;1,710
03023 Beneixama;Total;2016;1,712
03024 Benejúzar;Total;2025;5,811
03024 Benejúzar;Total;2024;5,697
03024 Benejúzar;Total;2023;5,625
03024 Benejúzar;Total;2022;5,480
03024 Benejúzar;Total;2021;5,453
03024 Benejúzar;Total;2020;5,435
03024 Benejúzar;Total;2019;5,402
03024 Benejúzar;Total;2018;5,361
03024 Benejúzar;Total;2017;5,372
03024 Benejúzar;Total;2016;5,364
03025 Benferri;Total;2025;2,099
03025 Benferri;Total;2024;2,053
03025 Benferri;Total;2023;2,023
03025 Benferri;Total;2022;1,955
03025 Benferri;Total;2021;1,958
03025 Benferri;Total;2020;1,965
03025 Benferri;Total;2019;1,942
03025 Benferri;Total;2018;1,940
03025 Benferri;Total;2017;1,923
03025 Benferri;Total;2016;1,920
03026 Beniarbeig;Total;2025;2,499
03026 Beniarbeig;Total;2024;2,384
03026 Beniarbeig;Total;2023;2,353
03026 Beniarbeig;Total;2022;2,267
03026 Beniarbeig;Total;2021;2,227
03026 Beniarbeig;Total;2020;2,159
03026 Beniarbeig;Total;2019;2,092
03026 Beniarbeig;Total;2018;1,983
03026 Beniarbeig;Total;2017;1,919
03026 Beniarbeig;Total;2016;1,917
03027 Beniardà;Total;2025;226
03027 Beniardà;Total;2024;235
03027 Beniardà;Total;2023;252
03027 Beniardà;Total;2022;218
03027 Beniardà;Total;2021;192
03027 Beniardà;Total;2020;200
03027 Beniardà;Total;2019;232
03027 Beniardà;Total;2018;178
03027 Beniardà;Total;2017;183
03027 Beniardà;Total;2016;202
03028 Beniarrés;Total;2025;1,117
03028 Beniarrés;Total;2024;1,096
03028 Beniarrés;Total;2023;1,089
03028 Beniarrés;Total;2022;1,078
03028 Beniarrés;Total;2021;1,083
03028 Beniarrés;Total;2020;1,099
03028 Beniarrés;Total;2019;1,118
03028 Beniarrés;Total;2018;1,118
03028 Beniarrés;Total;2017;1,137
03028 Beniarrés;Total;2016;1,164
03030 Benidoleig;Total;2025;1,245
03030 Benidoleig;Total;2024;1,219
03030 Benidoleig;Total;2023;1,218
03030 Benidoleig;Total;2022;1,232
03030 Benidoleig;Total;2021;1,166
03030 Benidoleig;Total;2020;1,078
03030 Benidoleig;Total;2019;1,095
03030 Benidoleig;Total;2018;1,110
03030 Benidoleig;Total;2017;1,080
03030 Benidoleig;Total;2016;1,117
03031 Benidorm;Total;2025;77,327
03031 Benidorm;Total;2024;74,663
03031 Benidorm;Total;2023;72,342
03031 Benidorm;Total;2022;69,738
03031 Benidorm;Total;2021;69,118
03031 Benidorm;Total;2020;70,450
03031 Benidorm;Total;2019;68,721
03031 Benidorm;Total;2018;67,558
03031 Benidorm;Total;2017;66,831
03031 Benidorm;Total;2016;66,642
03032 Benifallim;Total;2025;130
03032 Benifallim;Total;2024;116
03032 Benifallim;Total;2023;111
03032 Benifallim;Total;2022;106
03032 Benifallim;Total;2021;103
03032 Benifallim;Total;2020;104
03032 Benifallim;Total;2019;105
03032 Benifallim;Total;2018;108
03032 Benifallim;Total;2017;111
03032 Benifallim;Total;2016;114
03033 Benifato;Total;2025;162
03033 Benifato;Total;2024;144
03033 Benifato;Total;2023;140
03033 Benifato;Total;2022;139
03033 Benifato;Total;2021;135
03033 Benifato;Total;2020;136
03033 Benifato;Total;2019;140
03033 Benifato;Total;2018;149
03033 Benifato;Total;2017;148
03033 Benifato;Total;2016;158
03029 Benigembla;Total;2025;590
03029 Benigembla;Total;2024;559
03029 Benigembla;Total;2023;537
03029 Benigembla;Total;2022;512
03029 Benigembla;Total;2021;483
03029 Benigembla;Total;2020;443
03029 Benigembla;Total;2019;490
03029 Benigembla;Total;2018;444
03029 Benigembla;Total;2017;433
03029 Benigembla;Total;2016;419
03034 Benijófar;Total;2025;3,679
03034 Benijófar;Total;2024;3,471
03034 Benijófar;Total;2023;3,473
03034 Benijófar;Total;2022;3,427
03034 Benijófar;Total;2021;3,323
03034 Benijófar;Total;2020;3,293
03034 Benijófar;Total;2019;3,322
03034 Benijófar;Total;2018;3,357
03034 Benijófar;Total;2017;3,290
03034 Benijófar;Total;2016;3,163
03035 Benilloba;Total;2025;744
03035 Benilloba;Total;2024;747
03035 Benilloba;Total;2023;737
03035 Benilloba;Total;2022;740
03035 Benilloba;Total;2021;737
03035 Benilloba;Total;2020;726
03035 Benilloba;Total;2019;724
03035 Benilloba;Total;2018;742
03035 Benilloba;Total;2017;755
03035 Benilloba;Total;2016;769
03036 Benillup;Total;2025;110
03036 Benillup;Total;2024;109
03036 Benillup;Total;2023;105
03036 Benillup;Total;2022;108
03036 Benillup;Total;2021;101
03036 Benillup;Total;2020;100
03036 Benillup;Total;2019;97
03036 Benillup;Total;2018;94
03036 Benillup;Total;2017;102
03036 Benillup;Total;2016;100
03037 Benimantell;Total;2025;548
03037 Benimantell;Total;2024;548
03037 Benimantell;Total;2023;534
03037 Benimantell;Total;2022;499
03037 Benimantell;Total;2021;501
03037 Benimantell;Total;2020;497
03037 Benimantell;Total;2019;483
03037 Benimantell;Total;2018;490
03037 Benimantell;Total;2017;495
03037 Benimantell;Total;2016;494
03038 Benimarfull;Total;2025;465
03038 Benimarfull;Total;2024;447
03038 Benimarfull;Total;2023;422
03038 Benimarfull;Total;2022;410
03038 Benimarfull;Total;2021;397
03038 Benimarfull;Total;2020;396
03038 Benimarfull;Total;2019;409
03038 Benimarfull;Total;2018;413
03038 Benimarfull;Total;2017;418
03038 Benimarfull;Total;2016;427
03039 Benimassot;Total;2025;85
03039 Benimassot;Total;2024;96
03039 Benimassot;Total;2023;105
03039 Benimassot;Total;2022;93
03039 Benimassot;Total;2021;97
03039 Benimassot;Total;2020;103
03039 Benimassot;Total;2019;106
03039 Benimassot;Total;2018;96
03039 Benimassot;Total;2017;99
03039 Benimassot;Total;2016;99
03040 Benimeli;Total;2025;474
03040 Benimeli;Total;2024;453
03040 Benimeli;Total;2023;455
03040 Benimeli;Total;2022;419
03040 Benimeli;Total;2021;415
03040 Benimeli;Total;2020;429
03040 Benimeli;Total;2019;418
03040 Benimeli;Total;2018;410
03040 Benimeli;Total;2017;391
03040 Benimeli;Total;2016;384
03041 Benissa;Total;2025;12,471
03041 Benissa;Total;2024;12,317
03041 Benissa;Total;2023;12,279
03041 Benissa;Total;2022;11,871
03041 Benissa;Total;2021;11,462
03041 Benissa;Total;2020;11,288
03041 Benissa;Total;2019;11,005
03041 Benissa;Total;2018;10,768
03041 Benissa;Total;2017;10,879
03041 Benissa;Total;2016;11,000
03043 Biar;Total;2025;3,677
03043 Biar;Total;2024;3,634
03043 Biar;Total;2023;3,607
03043 Biar;Total;2022;3,612
03043 Biar;Total;2021;3,628
03043 Biar;Total;2020;3,655
03043 Biar;Total;2019;3,671
03043 Biar;Total;2018;3,651
03043 Biar;Total;2017;3,650
03043 Biar;Total;2016;3,647
03044 Bigastro;Total;2025;7,537
03044 Bigastro;Total;2024;7,431
03044 Bigastro;Total;2023;7,361
03044 Bigastro;Total;2022;7,130
03044 Bigastro;Total;2021;6,994
03044 Bigastro;Total;2020;6,909
03044 Bigastro;Total;2019;6,733
03044 Bigastro;Total;2018;6,702
03044 Bigastro;Total;2017;6,656
03044 Bigastro;Total;2016;6,724
03045 Bolulla;Total;2025;490
03045 Bolulla;Total;2024;486
03045 Bolulla;Total;2023;440
03045 Bolulla;Total;2022;413
03045 Bolulla;Total;2021;426
03045 Bolulla;Total;2020;417
03045 Bolulla;Total;2019;420
03045 Bolulla;Total;2018;418
03045 Bolulla;Total;2017;414
03045 Bolulla;Total;2016;412
03046 Busot;Total;2025;3,782
03046 Busot;Total;2024;3,629
03046 Busot;Total;2023;3,534
03046 Busot;Total;2022;3,343
03046 Busot;Total;2021;3,207
03046 Busot;Total;2020;3,075
03046 Busot;Total;2019;2,978
03046 Busot;Total;2018;2,925
03046 Busot;Total;2017;2,904
03046 Busot;Total;2016;2,975
03049 Callosa de Segura;Total;2025;19,988
03049 Callosa de Segura;Total;2024;19,658
03049 Callosa de Segura;Total;2023;19,484
03049 Callosa de Segura;Total;2022;19,315
03049 Callosa de Segura;Total;2021;19,273
03049 Callosa de Segura;Total;2020;19,127
03049 Callosa de Segura;Total;2019;19,038
03049 Callosa de Segura;Total;2018;18,864
03049 Callosa de Segura;Total;2017;18,625
03049 Callosa de Segura;Total;2016;18,497
03048 Callosa d'en Sarrià;Total;2025;8,182
03048 Callosa d'en Sarrià;Total;2024;7,959
03048 Callosa d'en Sarrià;Total;2023;7,708
03048 Callosa d'en Sarrià;Total;2022;7,653
03048 Callosa d'en Sarrià;Total;2021;7,589
03048 Callosa d'en Sarrià;Total;2020;7,522
03048 Callosa d'en Sarrià;Total;2019;7,373
03048 Callosa d'en Sarrià;Total;2018;7,257
03048 Callosa d'en Sarrià;Total;2017;7,223
03048 Callosa d'en Sarrià;Total;2016;7,146
03047 Calp;Total;2025;27,616
03047 Calp;Total;2024;26,821
03047 Calp;Total;2023;25,854
03047 Calp;Total;2022;24,096
03047 Calp;Total;2021;23,530
03047 Calp;Total;2020;23,326
03047 Calp;Total;2019;22,725
03047 Calp;Total;2018;21,633
03047 Calp;Total;2017;20,804
03047 Calp;Total;2016;19,591
03051 Camp de Mirra, el/Campo de Mirra;Total;2025;447
03051 Camp de Mirra, el/Campo de Mirra;Total;2024;445
03051 Camp de Mirra, el/Campo de Mirra;Total;2023;442
03051 Camp de Mirra, el/Campo de Mirra;Total;2022;433
03051 Camp de Mirra, el/Campo de Mirra;Total;2021;429
03051 Camp de Mirra, el/Campo de Mirra;Total;2020;417
03051 Camp de Mirra, el/Campo de Mirra;Total;2019;415
03051 Camp de Mirra, el/Campo de Mirra;Total;2018;428
03051 Camp de Mirra, el/Campo de Mirra;Total;2017;436
03051 Camp de Mirra, el/Campo de Mirra;Total;2016;440
03050 Campello, el;Total;2025;31,419
03050 Campello, el;Total;2024;30,600
03050 Campello, el;Total;2023;29,993
03050 Campello, el;Total;2022;29,409
03050 Campello, el;Total;2021;29,013
03050 Campello, el;Total;2020;28,930
03050 Campello, el;Total;2019;28,349
03050 Campello, el;Total;2018;27,893
03050 Campello, el;Total;2017;27,604
03050 Campello, el;Total;2016;27,384
03052 Cañada;Total;2025;1,213
03052 Cañada;Total;2024;1,225
03052 Cañada;Total;2023;1,210
03052 Cañada;Total;2022;1,191
03052 Cañada;Total;2021;1,191
03052 Cañada;Total;2020;1,208
03052 Cañada;Total;2019;1,220
03052 Cañada;Total;2018;1,214
03052 Cañada;Total;2017;1,242
03052 Cañada;Total;2016;1,245
03053 Castalla;Total;2025;11,908
03053 Castalla;Total;2024;11,622
03053 Castalla;Total;2023;11,365
03053 Castalla;Total;2022;11,097
03053 Castalla;Total;2021;10,752
03053 Castalla;Total;2020;10,461
03053 Castalla;Total;2019;10,124
03053 Castalla;Total;2018;9,880
03053 Castalla;Total;2017;9,876
03053 Castalla;Total;2016;9,859
03054 Castell de Castells;Total;2025;443
03054 Castell de Castells;Total;2024;444
03054 Castell de Castells;Total;2023;445
03054 Castell de Castells;Total;2022;426
03054 Castell de Castells;Total;2021;425
03054 Castell de Castells;Total;2020;437
03054 Castell de Castells;Total;2019;449
03054 Castell de Castells;Total;2018;435
03054 Castell de Castells;Total;2017;436
03054 Castell de Castells;Total;2016;449
03075 Castell de Guadalest, el;Total;2025;284
03075 Castell de Guadalest, el;Total;2024;282
03075 Castell de Guadalest, el;Total;2023;274
03075 Castell de Guadalest, el;Total;2022;258
03075 Castell de Guadalest, el;Total;2021;243
03075 Castell de Guadalest, el;Total;2020;224
03075 Castell de Guadalest, el;Total;2019;217
03075 Castell de Guadalest, el;Total;2018;209
03075 Castell de Guadalest, el;Total;2017;205
03075 Castell de Guadalest, el;Total;2016;220
03055 Catral;Total;2025;9,600
03055 Catral;Total;2024;9,423
03055 Catral;Total;2023;9,275
03055 Catral;Total;2022;8,976
03055 Catral;Total;2021;8,880
03055 Catral;Total;2020;8,898
03055 Catral;Total;2019;8,639
03055 Catral;Total;2018;8,631
03055 Catral;Total;2017;8,620
03055 Catral;Total;2016;8,551
03056 Cocentaina;Total;2025;11,498
03056 Cocentaina;Total;2024;11,411
03056 Cocentaina;Total;2023;11,309
03056 Cocentaina;Total;2022;11,298
03056 Cocentaina;Total;2021;11,451
03056 Cocentaina;Total;2020;11,520
03056 Cocentaina;Total;2019;11,511
03056 Cocentaina;Total;2018;11,456
03056 Cocentaina;Total;2017;11,461
03056 Cocentaina;Total;2016;11,432
03057 Confrides;Total;2025;293
03057 Confrides;Total;2024;296
03057 Confrides;Total;2023;297
03057 Confrides;Total;2022;282
03057 Confrides;Total;2021;271
03057 Confrides;Total;2020;261
03057 Confrides;Total;2019;187
03057 Confrides;Total;2018;208
03057 Confrides;Total;2017;221
03057 Confrides;Total;2016;207
03058 Cox;Total;2025;7,722
03058 Cox;Total;2024;7,622
03058 Cox;Total;2023;7,513
03058 Cox;Total;2022;7,431
03058 Cox;Total;2021;7,427
03058 Cox;Total;2020;7,386
03058 Cox;Total;2019;7,297
03058 Cox;Total;2018;7,226
03058 Cox;Total;2017;7,192
03058 Cox;Total;2016;7,193
03059 Crevillent;Total;2025;30,921
03059 Crevillent;Total;2024;30,585
03059 Crevillent;Total;2023;30,191
03059 Crevillent;Total;2022;29,881
03059 Crevillent;Total;2021;29,717
03059 Crevillent;Total;2020;29,536
03059 Crevillent;Total;2019;28,952
03059 Crevillent;Total;2018;28,957
03059 Crevillent;Total;2017;28,836
03059 Crevillent;Total;2016;28,691
03061 Daya Nueva;Total;2025;1,885
03061 Daya Nueva;Total;2024;1,832
03061 Daya Nueva;Total;2023;1,767
03061 Daya Nueva;Total;2022;1,758
03061 Daya Nueva;Total;2021;1,757
03061 Daya Nueva;Total;2020;1,733
03061 Daya Nueva;Total;2019;1,737
03061 Daya Nueva;Total;2018;1,718
03061 Daya Nueva;Total;2017;1,684
03061 Daya Nueva;Total;2016;1,750
03062 Daya Vieja;Total;2025;698
03062 Daya Vieja;Total;2024;657
03062 Daya Vieja;Total;2023;667
03062 Daya Vieja;Total;2022;683
03062 Daya Vieja;Total;2021;707
03062 Daya Vieja;Total;2020;731
03062 Daya Vieja;Total;2019;690
03062 Daya Vieja;Total;2018;685
03062 Daya Vieja;Total;2017;713
03062 Daya Vieja;Total;2016;672
03063 Dénia;Total;2025;47,261
03063 Dénia;Total;2024;46,942
03063 Dénia;Total;2023;45,622
03063 Dénia;Total;2022;43,899
03063 Dénia;Total;2021;42,953
03063 Dénia;Total;2020;42,827
03063 Dénia;Total;2019;42,166
03063 Dénia;Total;2018;41,733
03063 Dénia;Total;2017;41,568
03063 Dénia;Total;2016;41,465
03064 Dolores;Total;2025;8,326
03064 Dolores;Total;2024;8,102
03064 Dolores;Total;2023;7,919
03064 Dolores;Total;2022;7,799
03064 Dolores;Total;2021;7,620
03064 Dolores;Total;2020;7,531
03064 Dolores;Total;2019;7,470
03064 Dolores;Total;2018;7,383
03064 Dolores;Total;2017;7,302
03064 Dolores;Total;2016;7,264
03066 Elda;Total;2025;55,222
03066 Elda;Total;2024;53,818
03066 Elda;Total;2023;53,034
03066 Elda;Total;2022;52,297
03066 Elda;Total;2021;52,551
03066 Elda;Total;2020;52,813
03066 Elda;Total;2019;52,618
03066 Elda;Total;2018;52,404
03066 Elda;Total;2017;52,620
03066 Elda;Total;2016;52,745
03065 Elx/Elche;Total;2025;245,557
03065 Elx/Elche;Total;2024;243,128
03065 Elx/Elche;Total;2023;238,293
03065 Elx/Elche;Total;2022;235,580
03065 Elx/Elche;Total;2021;234,205
03065 Elx/Elche;Total;2020;234,765
03065 Elx/Elche;Total;2019;232,517
03065 Elx/Elche;Total;2018;230,625
03065 Elx/Elche;Total;2017;228,675
03065 Elx/Elche;Total;2016;227,659
03067 Fageca;Total;2025;100
03067 Fageca;Total;2024;100
03067 Fageca;Total;2023;101
03067 Fageca;Total;2022;104
03067 Fageca;Total;2021;105
03067 Fageca;Total;2020;107
03067 Fageca;Total;2019;106
03067 Fageca;Total;2018;101
03067 Fageca;Total;2017;101
03067 Fageca;Total;2016;107
03068 Famorca;Total;2025;44
03068 Famorca;Total;2024;44
03068 Famorca;Total;2023;45
03068 Famorca;Total;2022;48
03068 Famorca;Total;2021;45
03068 Famorca;Total;2020;45
03068 Famorca;Total;2019;47
03068 Famorca;Total;2018;53
03068 Famorca;Total;2017;57
03068 Famorca;Total;2016;58
03069 Finestrat;Total;2025;9,919
03069 Finestrat;Total;2024;9,352
03069 Finestrat;Total;2023;8,836
03069 Finestrat;Total;2022;7,909
03069 Finestrat;Total;2021;7,402
03069 Finestrat;Total;2020;7,103
03069 Finestrat;Total;2019;6,715
03069 Finestrat;Total;2018;6,381
03069 Finestrat;Total;2017;6,292
03069 Finestrat;Total;2016;6,090
03077 Fondó de les Neus, el/Hondón de las Nieves;Total;2025;2,738
03077 Fondó de les Neus, el/Hondón de las Nieves;Total;2024;2,696
03077 Fondó de les Neus, el/Hondón de las Nieves;Total;2023;2,698
03077 Fondó de les Neus, el/Hondón de las Nieves;Total;2022;2,684
03077 Fondó de les Neus, el/Hondón de las Nieves;Total;2021;2,634
03077 Fondó de les Neus, el/Hondón de las Nieves;Total;2020;2,606
03077 Fondó de les Neus, el/Hondón de las Nieves;Total;2019;2,544
03077 Fondó de les Neus, el/Hondón de las Nieves;Total;2018;2,474
03077 Fondó de les Neus, el/Hondón de las Nieves;Total;2017;2,436
03077 Fondó de les Neus, el/Hondón de las Nieves;Total;2016;2,493
03070 Formentera del Segura;Total;2025;4,868
03070 Formentera del Segura;Total;2024;4,749
03070 Formentera del Segura;Total;2023;4,618
03070 Formentera del Segura;Total;2022;4,446
03070 Formentera del Segura;Total;2021;4,337
03070 Formentera del Segura;Total;2020;4,268
03070 Formentera del Segura;Total;2019;4,191
03070 Formentera del Segura;Total;2018;4,131
03070 Formentera del Segura;Total;2017;4,064
03070 Formentera del Segura;Total;2016;3,995
03072 Gaianes;Total;2025;577
03072 Gaianes;Total;2024;553
03072 Gaianes;Total;2023;555
03072 Gaianes;Total;2022;548
03072 Gaianes;Total;2021;505
03072 Gaianes;Total;2020;479
03072 Gaianes;Total;2019;452
03072 Gaianes;Total;2018;471
03072 Gaianes;Total;2017;448
03072 Gaianes;Total;2016;452
03071 Gata de Gorgos;Total;2025;6,773
03071 Gata de Gorgos;Total;2024;6,659
03071 Gata de Gorgos;Total;2023;6,515
03071 Gata de Gorgos;Total;2022;6,364
03071 Gata de Gorgos;Total;2021;6,223
03071 Gata de Gorgos;Total;2020;6,243
03071 Gata de Gorgos;Total;2019;6,049
03071 Gata de Gorgos;Total;2018;5,893
03071 Gata de Gorgos;Total;2017;5,804
03071 Gata de Gorgos;Total;2016;5,825
03073 Gorga;Total;2025;286
03073 Gorga;Total;2024;284
03073 Gorga;Total;2023;284
03073 Gorga;Total;2022;270
03073 Gorga;Total;2021;261
03073 Gorga;Total;2020;241
03073 Gorga;Total;2019;249
03073 Gorga;Total;2018;258
03073 Gorga;Total;2017;273
03073 Gorga;Total;2016;267
03074 Granja de Rocamora;Total;2025;2,728
03074 Granja de Rocamora;Total;2024;2,739
03074 Granja de Rocamora;Total;2023;2,686
03074 Granja de Rocamora;Total;2022;2,626
03074 Granja de Rocamora;Total;2021;2,609
03074 Granja de Rocamora;Total;2020;2,591
03074 Granja de Rocamora;Total;2019;2,580
03074 Granja de Rocamora;Total;2018;2,489
03074 Granja de Rocamora;Total;2017;2,469
03074 Granja de Rocamora;Total;2016;2,461
03076 Guardamar del Segura;Total;2025;18,564
03076 Guardamar del Segura;Total;2024;18,111
03076 Guardamar del Segura;Total;2023;17,328
03076 Guardamar del Segura;Total;2022;16,138
03076 Guardamar del Segura;Total;2021;15,983
03076 Guardamar del Segura;Total;2020;15,849
03076 Guardamar del Segura;Total;2019;15,348
03076 Guardamar del Segura;Total;2018;15,058
03076 Guardamar del Segura;Total;2017;14,716
03076 Guardamar del Segura;Total;2016;15,386
03078 Hondón de los Frailes;Total;2025;1,334
03078 Hondón de los Frailes;Total;2024;1,310
03078 Hondón de los Frailes;Total;2023;1,311
03078 Hondón de los Frailes;Total;2022;1,261
03078 Hondón de los Frailes;Total;2021;1,299
03078 Hondón de los Frailes;Total;2020;1,242
03078 Hondón de los Frailes;Total;2019;1,198
03078 Hondón de los Frailes;Total;2018;1,132
03078 Hondón de los Frailes;Total;2017;1,102
03078 Hondón de los Frailes;Total;2016;1,165
03079 Ibi;Total;2025;24,500
03079 Ibi;Total;2024;24,210
03079 Ibi;Total;2023;23,920
03079 Ibi;Total;2022;23,677
03079 Ibi;Total;2021;23,652
03079 Ibi;Total;2020;23,564
03079 Ibi;Total;2019;23,489
03079 Ibi;Total;2018;23,403
03079 Ibi;Total;2017;23,423
03079 Ibi;Total;2016;23,365
03080 Jacarilla;Total;2025;2,176
03080 Jacarilla;Total;2024;2,122
03080 Jacarilla;Total;2023;2,108
03080 Jacarilla;Total;2022;2,039
03080 Jacarilla;Total;2021;2,030
03080 Jacarilla;Total;2020;1,998
03080 Jacarilla;Total;2019;2,022
03080 Jacarilla;Total;2018;1,986
03080 Jacarilla;Total;2017;1,953
03080 Jacarilla;Total;2016;1,939
03085 Llíber;Total;2025;882
03085 Llíber;Total;2024;905
03085 Llíber;Total;2023;946
03085 Llíber;Total;2022;967
03085 Llíber;Total;2021;883
03085 Llíber;Total;2020;830
03085 Llíber;Total;2019;935
03085 Llíber;Total;2018;1,051
03085 Llíber;Total;2017;951
03085 Llíber;Total;2016;1,110
03086 Millena;Total;2025;265
03086 Millena;Total;2024;249
03086 Millena;Total;2023;254
03086 Millena;Total;2022;243
03086 Millena;Total;2021;242
03086 Millena;Total;2020;240
03086 Millena;Total;2019;237
03086 Millena;Total;2018;229
03086 Millena;Total;2017;230
03086 Millena;Total;2016;221
03088 Monforte del Cid;Total;2025;9,283
03088 Monforte del Cid;Total;2024;8,967
03088 Monforte del Cid;Total;2023;8,777
03088 Monforte del Cid;Total;2022;8,619
03088 Monforte del Cid;Total;2021;8,500
03088 Monforte del Cid;Total;2020;8,346
03088 Monforte del Cid;Total;2019;8,165
03088 Monforte del Cid;Total;2018;7,944
03088 Monforte del Cid;Total;2017;7,592
03088 Monforte del Cid;Total;2016;7,500
03089 Monòver/Monóvar;Total;2025;13,116
03089 Monòver/Monóvar;Total;2024;12,764
03089 Monòver/Monóvar;Total;2023;12,542
03089 Monòver/Monóvar;Total;2022;12,387
03089 Monòver/Monóvar;Total;2021;12,188
03089 Monòver/Monóvar;Total;2020;12,212
03089 Monòver/Monóvar;Total;2019;12,167
03089 Monòver/Monóvar;Total;2018;12,175
03089 Monòver/Monóvar;Total;2017;12,177
03089 Monòver/Monóvar;Total;2016;12,272
03903 Montesinos, Los;Total;2025;5,786
03903 Montesinos, Los;Total;2024;5,682
03903 Montesinos, Los;Total;2023;5,477
03903 Montesinos, Los;Total;2022;5,217
03903 Montesinos, Los;Total;2021;5,123
03903 Montesinos, Los;Total;2020;5,061
03903 Montesinos, Los;Total;2019;4,968
03903 Montesinos, Los;Total;2018;4,844
03903 Montesinos, Los;Total;2017;4,862
03903 Montesinos, Los;Total;2016;4,912
03091 Murla;Total;2025;574
03091 Murla;Total;2024;585
03091 Murla;Total;2023;575
03091 Murla;Total;2022;540
03091 Murla;Total;2021;549
03091 Murla;Total;2020;507
03091 Murla;Total;2019;470
03091 Murla;Total;2018;493
03091 Murla;Total;2017;477
03091 Murla;Total;2016;486
03092 Muro de Alcoy;Total;2025;9,372
03092 Muro de Alcoy;Total;2024;9,345
03092 Muro de Alcoy;Total;2023;9,253
03092 Muro de Alcoy;Total;2022;9,303
03092 Muro de Alcoy;Total;2021;9,326
03092 Muro de Alcoy;Total;2020;9,315
03092 Muro de Alcoy;Total;2019;9,324
03092 Muro de Alcoy;Total;2018;9,328
03092 Muro de Alcoy;Total;2017;9,319
03092 Muro de Alcoy;Total;2016;9,307
03090 Mutxamel;Total;2025;28,621
03090 Mutxamel;Total;2024;27,761
03090 Mutxamel;Total;2023;27,078
03090 Mutxamel;Total;2022;26,192
03090 Mutxamel;Total;2021;25,679
03090 Mutxamel;Total;2020;25,645
03090 Mutxamel;Total;2019;25,352
03090 Mutxamel;Total;2018;25,009
03090 Mutxamel;Total;2017;24,778
03090 Mutxamel;Total;2016;24,487
03093 Novelda;Total;2025;26,606
03093 Novelda;Total;2024;26,213
03093 Novelda;Total;2023;25,771
03093 Novelda;Total;2022;25,592
03093 Novelda;Total;2021;25,611
03093 Novelda;Total;2020;25,741
03093 Novelda;Total;2019;25,651
03093 Novelda;Total;2018;25,725
03093 Novelda;Total;2017;25,868
03093 Novelda;Total;2016;26,054
03094 Nucia, la;Total;2025;19,121
03094 Nucia, la;Total;2024;18,783
03094 Nucia, la;Total;2023;18,970
03094 Nucia, la;Total;2022;18,624
03094 Nucia, la;Total;2021;18,108
03094 Nucia, la;Total;2020;18,163
03094 Nucia, la;Total;2019;18,603
03094 Nucia, la;Total;2018;18,242
03094 Nucia, la;Total;2017;18,548
03094 Nucia, la;Total;2016;19,967
03095 Ondara;Total;2025;7,717
03095 Ondara;Total;2024;7,522
03095 Ondara;Total;2023;7,308
03095 Ondara;Total;2022;7,085
03095 Ondara;Total;2021;7,080
03095 Ondara;Total;2020;7,076
03095 Ondara;Total;2019;6,894
03095 Ondara;Total;2018;6,815
03095 Ondara;Total;2017;6,739
03095 Ondara;Total;2016;6,647
03096 Onil;Total;2025;8,114
03096 Onil;Total;2024;7,959
03096 Onil;Total;2023;7,763
03096 Onil;Total;2022;7,580
03096 Onil;Total;2021;7,569
03096 Onil;Total;2020;7,600
03096 Onil;Total;2019;7,507
03096 Onil;Total;2018;7,475
03096 Onil;Total;2017;7,493
03096 Onil;Total;2016;7,494
03097 Orba;Total;2025;2,399
03097 Orba;Total;2024;2,387
03097 Orba;Total;2023;2,379
03097 Orba;Total;2022;2,348
03097 Orba;Total;2021;2,233
03097 Orba;Total;2020;2,232
03097 Orba;Total;2019;2,174
03097 Orba;Total;2018;2,111
03097 Orba;Total;2017;2,035
03097 Orba;Total;2016;2,085
03099 Orihuela;Total;2025;84,560
03099 Orihuela;Total;2024;83,720
03099 Orihuela;Total;2023;82,449
03099 Orihuela;Total;2022;80,784
03099 Orihuela;Total;2021;78,940
03099 Orihuela;Total;2020;78,505
03099 Orihuela;Total;2019;77,414
03099 Orihuela;Total;2018;76,778
03099 Orihuela;Total;2017;76,097
03099 Orihuela;Total;2016;80,359
03084 Orxa, l'/Lorcha;Total;2025;589
03084 Orxa, l'/Lorcha;Total;2024;581
03084 Orxa, l'/Lorcha;Total;2023;587
03084 Orxa, l'/Lorcha;Total;2022;565
03084 Orxa, l'/Lorcha;Total;2021;584
03084 Orxa, l'/Lorcha;Total;2020;582
03084 Orxa, l'/Lorcha;Total;2019;578
03084 Orxa, l'/Lorcha;Total;2018;596
03084 Orxa, l'/Lorcha;Total;2017;606
03084 Orxa, l'/Lorcha;Total;2016;627
03098 Orxeta;Total;2025;906
03098 Orxeta;Total;2024;879
03098 Orxeta;Total;2023;840
03098 Orxeta;Total;2022;812
03098 Orxeta;Total;2021;787
03098 Orxeta;Total;2020;784
03098 Orxeta;Total;2019;736
03098 Orxeta;Total;2018;738
03098 Orxeta;Total;2017;760
03098 Orxeta;Total;2016;778
03100 Parcent;Total;2025;1,037
03100 Parcent;Total;2024;1,021
03100 Parcent;Total;2023;1,003
03100 Parcent;Total;2022;997
03100 Parcent;Total;2021;983
03100 Parcent;Total;2020;967
03100 Parcent;Total;2019;929
03100 Parcent;Total;2018;908
03100 Parcent;Total;2017;965
03100 Parcent;Total;2016;985
03101 Pedreguer;Total;2025;8,849
03101 Pedreguer;Total;2024;8,687
03101 Pedreguer;Total;2023;8,558
03101 Pedreguer;Total;2022;8,280
03101 Pedreguer;Total;2021;8,006
03101 Pedreguer;Total;2020;7,881
03101 Pedreguer;Total;2019;7,699
03101 Pedreguer;Total;2018;7,490
03101 Pedreguer;Total;2017;7,435
03101 Pedreguer;Total;2016;7,431
03102 Pego;Total;2025;10,791
03102 Pego;Total;2024;10,632
03102 Pego;Total;2023;10,485
03102 Pego;Total;2022;10,295
03102 Pego;Total;2021;10,240
03102 Pego;Total;2020;10,133
03102 Pego;Total;2019;10,128
03102 Pego;Total;2018;10,052
03102 Pego;Total;2017;9,923
03102 Pego;Total;2016;10,158
03103 Penàguila;Total;2025;305
03103 Penàguila;Total;2024;293
03103 Penàguila;Total;2023;313
03103 Penàguila;Total;2022;287
03103 Penàguila;Total;2021;275
03103 Penàguila;Total;2020;269
03103 Penàguila;Total;2019;292
03103 Penàguila;Total;2018;301
03103 Penàguila;Total;2017;308
03103 Penàguila;Total;2016;328
03104 Petrer;Total;2025;34,022
03104 Petrer;Total;2024;34,076
03104 Petrer;Total;2023;33,914
03104 Petrer;Total;2022;33,978
03104 Petrer;Total;2021;34,009
03104 Petrer;Total;2020;34,241
03104 Petrer;Total;2019;34,276
03104 Petrer;Total;2018;34,479
03104 Petrer;Total;2017;34,533
03104 Petrer;Total;2016;34,533
03902 Pilar de la Horadada;Total;2025;24,316
03902 Pilar de la Horadada;Total;2024;23,844
03902 Pilar de la Horadada;Total;2023;23,428
03902 Pilar de la Horadada;Total;2022;22,949
03902 Pilar de la Horadada;Total;2021;22,597
03902 Pilar de la Horadada;Total;2020;22,347
03902 Pilar de la Horadada;Total;2019;21,905
03902 Pilar de la Horadada;Total;2018;21,418
03902 Pilar de la Horadada;Total;2017;21,202
03902 Pilar de la Horadada;Total;2016;21,348
03105 Pinós, el/Pinoso;Total;2025;8,523
03105 Pinós, el/Pinoso;Total;2024;8,407
03105 Pinós, el/Pinoso;Total;2023;8,281
03105 Pinós, el/Pinoso;Total;2022;8,084
03105 Pinós, el/Pinoso;Total;2021;8,142
03105 Pinós, el/Pinoso;Total;2020;8,025
03105 Pinós, el/Pinoso;Total;2019;7,966
03105 Pinós, el/Pinoso;Total;2018;7,845
03105 Pinós, el/Pinoso;Total;2017;7,718
03105 Pinós, el/Pinoso;Total;2016;7,627
03106 Planes;Total;2025;697
03106 Planes;Total;2024;696
03106 Planes;Total;2023;699
03106 Planes;Total;2022;695
03106 Planes;Total;2021;693
03106 Planes;Total;2020;682
03106 Planes;Total;2019;693
03106 Planes;Total;2018;713
03106 Planes;Total;2017;733
03106 Planes;Total;2016;725
03042 Poble Nou de Benitatxell, el/Benitachell;Total;2025;4,911
03042 Poble Nou de Benitatxell, el/Benitachell;Total;2024;4,851
03042 Poble Nou de Benitatxell, el/Benitachell;Total;2023;4,858
03042 Poble Nou de Benitatxell, el/Benitachell;Total;2022;4,687
03042 Poble Nou de Benitatxell, el/Benitachell;Total;2021;4,447
03042 Poble Nou de Benitatxell, el/Benitachell;Total;2020;4,452
03042 Poble Nou de Benitatxell, el/Benitachell;Total;2019;4,276
03042 Poble Nou de Benitatxell, el/Benitachell;Total;2018;4,130
03042 Poble Nou de Benitatxell, el/Benitachell;Total;2017;4,020
03042 Poble Nou de Benitatxell, el/Benitachell;Total;2016;4,104
03901 Poblets, els;Total;2025;2,757
03901 Poblets, els;Total;2024;2,684
03901 Poblets, els;Total;2023;2,763
03901 Poblets, els;Total;2022;2,735
03901 Poblets, els;Total;2021;2,721
03901 Poblets, els;Total;2020;2,714
03901 Poblets, els;Total;2019;2,705
03901 Poblets, els;Total;2018;2,864
03901 Poblets, els;Total;2017;2,926
03901 Poblets, els;Total;2016;3,246
03107 Polop;Total;2025;5,828
03107 Polop;Total;2024;5,650
03107 Polop;Total;2023;5,339
03107 Polop;Total;2022;5,186
03107 Polop;Total;2021;5,069
03107 Polop;Total;2020;5,064
03107 Polop;Total;2019;4,965
03107 Polop;Total;2018;4,850
03107 Polop;Total;2017;4,725
03107 Polop;Total;2016;4,549
03060 Quatretondeta;Total;2025;130
03060 Quatretondeta;Total;2024;134
03060 Quatretondeta;Total;2023;136
03060 Quatretondeta;Total;2022;133
03060 Quatretondeta;Total;2021;117
03060 Quatretondeta;Total;2020;118
03060 Quatretondeta;Total;2019;122
03060 Quatretondeta;Total;2018;121
03060 Quatretondeta;Total;2017;109
03060 Quatretondeta;Total;2016;113
03109 Rafal;Total;2025;4,849
03109 Rafal;Total;2024;4,900
03109 Rafal;Total;2023;4,800
03109 Rafal;Total;2022;4,634
03109 Rafal;Total;2021;4,597
03109 Rafal;Total;2020;4,553
03109 Rafal;Total;2019;4,498
03109 Rafal;Total;2018;4,418
03109 Rafal;Total;2017;4,322
03109 Rafal;Total;2016;4,218
03110 Ràfol d'Almúnia, el;Total;2025;734
03110 Ràfol d'Almúnia, el;Total;2024;703
03110 Ràfol d'Almúnia, el;Total;2023;721
03110 Ràfol d'Almúnia, el;Total;2022;731
03110 Ràfol d'Almúnia, el;Total;2021;670
03110 Ràfol d'Almúnia, el;Total;2020;648
03110 Ràfol d'Almúnia, el;Total;2019;653
03110 Ràfol d'Almúnia, el;Total;2018;644
03110 Ràfol d'Almúnia, el;Total;2017;631
03110 Ràfol d'Almúnia, el;Total;2016;630
03111 Redován;Total;2025;8,283
03111 Redován;Total;2024;8,285
03111 Redován;Total;2023;8,183
03111 Redován;Total;2022;8,123
03111 Redován;Total;2021;8,058
03111 Redován;Total;2020;7,926
03111 Redován;Total;2019;7,869
03111 Redován;Total;2018;7,797
03111 Redován;Total;2017;7,811
03111 Redován;Total;2016;7,765
03112 Relleu;Total;2025;1,375
03112 Relleu;Total;2024;1,288
03112 Relleu;Total;2023;1,248
03112 Relleu;Total;2022;1,171
03112 Relleu;Total;2021;1,173
03112 Relleu;Total;2020;1,148
03112 Relleu;Total;2019;1,160
03112 Relleu;Total;2018;1,147
03112 Relleu;Total;2017;1,118
03112 Relleu;Total;2016;1,258
03113 Rojales;Total;2025;17,652
03113 Rojales;Total;2024;17,162
03113 Rojales;Total;2023;17,451
03113 Rojales;Total;2022;16,943
03113 Rojales;Total;2021;15,978
03113 Rojales;Total;2020;16,671
03113 Rojales;Total;2019;16,963
03113 Rojales;Total;2018;16,560
03113 Rojales;Total;2017;16,231
03113 Rojales;Total;2016;17,622
03114 Romana, la;Total;2025;2,729
03114 Romana, la;Total;2024;2,672
03114 Romana, la;Total;2023;2,632
03114 Romana, la;Total;2022;2,605
03114 Romana, la;Total;2021;2,542
03114 Romana, la;Total;2020;2,492
03114 Romana, la;Total;2019;2,434
03114 Romana, la;Total;2018;2,376
03114 Romana, la;Total;2017;2,377
03114 Romana, la;Total;2016;2,411
03115 Sagra;Total;2025;441
03115 Sagra;Total;2024;441
03115 Sagra;Total;2023;442
03115 Sagra;Total;2022;435
03115 Sagra;Total;2021;427
03115 Sagra;Total;2020;426
03115 Sagra;Total;2019;408
03115 Sagra;Total;2018;389
03115 Sagra;Total;2017;393
03115 Sagra;Total;2016;414
03116 Salinas;Total;2025;1,828
03116 Salinas;Total;2024;1,775
03116 Salinas;Total;2023;1,733
03116 Salinas;Total;2022;1,678
03116 Salinas;Total;2021;1,642
03116 Salinas;Total;2020;1,620
03116 Salinas;Total;2019;1,601
03116 Salinas;Total;2018;1,585
03116 Salinas;Total;2017;1,562
03116 Salinas;Total;2016;1,569
03118 San Fulgencio;Total;2025;9,769
03118 San Fulgencio;Total;2024;9,433
03118 San Fulgencio;Total;2023;9,443
03118 San Fulgencio;Total;2022;9,091
03118 San Fulgencio;Total;2021;8,447
03118 San Fulgencio;Total;2020;8,071
03118 San Fulgencio;Total;2019;7,855
03118 San Fulgencio;Total;2018;7,943
03118 San Fulgencio;Total;2017;7,646
03118 San Fulgencio;Total;2016;7,384
03904 San Isidro;Total;2025;2,337
03904 San Isidro;Total;2024;2,312
03904 San Isidro;Total;2023;2,208
03904 San Isidro;Total;2022;2,154
03904 San Isidro;Total;2021;2,146
03904 San Isidro;Total;2020;2,103
03904 San Isidro;Total;2019;1,986
03904 San Isidro;Total;2018;1,933
03904 San Isidro;Total;2017;1,920
03904 San Isidro;Total;2016;1,915
03120 San Miguel de Salinas;Total;2025;7,177
03120 San Miguel de Salinas;Total;2024;6,976
03120 San Miguel de Salinas;Total;2023;6,798
03120 San Miguel de Salinas;Total;2022;6,659
03120 San Miguel de Salinas;Total;2021;6,553
03120 San Miguel de Salinas;Total;2020;6,313
03120 San Miguel de Salinas;Total;2019;6,034
03120 San Miguel de Salinas;Total;2018;5,811
03120 San Miguel de Salinas;Total;2017;5,797
03120 San Miguel de Salinas;Total;2016;6,193
03117 Sanet y Negrals;Total;2025;712
03117 Sanet y Negrals;Total;2024;722
03117 Sanet y Negrals;Total;2023;737
03117 Sanet y Negrals;Total;2022;734
03117 Sanet y Negrals;Total;2021;702
03117 Sanet y Negrals;Total;2020;690
03117 Sanet y Negrals;Total;2019;667
03117 Sanet y Negrals;Total;2018;648
03117 Sanet y Negrals;Total;2017;634
03117 Sanet y Negrals;Total;2016;649
03119 Sant Joan d'Alacant;Total;2025;26,834
03119 Sant Joan d'Alacant;Total;2024;25,918
03119 Sant Joan d'Alacant;Total;2023;25,275
03119 Sant Joan d'Alacant;Total;2022;24,450
03119 Sant Joan d'Alacant;Total;2021;24,363
03119 Sant Joan d'Alacant;Total;2020;24,367
03119 Sant Joan d'Alacant;Total;2019;23,915
03119 Sant Joan d'Alacant;Total;2018;23,518
03119 Sant Joan d'Alacant;Total;2017;23,149
03119 Sant Joan d'Alacant;Total;2016;22,897
03122 Sant Vicent del Raspeig/San Vicente del Raspeig;Total;2025;60,247
03122 Sant Vicent del Raspeig/San Vicente del Raspeig;Total;2024;60,269
03122 Sant Vicent del Raspeig/San Vicente del Raspeig;Total;2023;59,928
03122 Sant Vicent del Raspeig/San Vicente del Raspeig;Total;2022;59,138
03122 Sant Vicent del Raspeig/San Vicente del Raspeig;Total;2021;58,912
03122 Sant Vicent del Raspeig/San Vicente del Raspeig;Total;2020;58,978
03122 Sant Vicent del Raspeig/San Vicente del Raspeig;Total;2019;58,385
03122 Sant Vicent del Raspeig/San Vicente del Raspeig;Total;2018;57,785
03122 Sant Vicent del Raspeig/San Vicente del Raspeig;Total;2017;57,175
03122 Sant Vicent del Raspeig/San Vicente del Raspeig;Total;2016;56,715
03121 Santa Pola;Total;2025;39,709
03121 Santa Pola;Total;2024;38,556
03121 Santa Pola;Total;2023;37,816
03121 Santa Pola;Total;2022;36,174
03121 Santa Pola;Total;2021;34,148
03121 Santa Pola;Total;2020;33,303
03121 Santa Pola;Total;2019;32,306
03121 Santa Pola;Total;2018;31,745
03121 Santa Pola;Total;2017;31,137
03121 Santa Pola;Total;2016;31,309
03123 Sax;Total;2025;10,346
03123 Sax;Total;2024;10,172
03123 Sax;Total;2023;10,072
03123 Sax;Total;2022;9,988
03123 Sax;Total;2021;9,935
03123 Sax;Total;2020;9,859
03123 Sax;Total;2019;9,845
03123 Sax;Total;2018;9,771
03123 Sax;Total;2017;9,737
03123 Sax;Total;2016;9,700
03124 Sella;Total;2025;621
03124 Sella;Total;2024;604
03124 Sella;Total;2023;607
03124 Sella;Total;2022;592
03124 Sella;Total;2021;578
03124 Sella;Total;2020;577
03124 Sella;Total;2019;580
03124 Sella;Total;2018;585
03124 Sella;Total;2017;579
03124 Sella;Total;2016;584
03125 Senija;Total;2025;698
03125 Senija;Total;2024;696
03125 Senija;Total;2023;670
03125 Senija;Total;2022;623
03125 Senija;Total;2021;605
03125 Senija;Total;2020;583
03125 Senija;Total;2019;584
03125 Senija;Total;2018;581
03125 Senija;Total;2017;578
03125 Senija;Total;2016;577
03127 Tàrbena;Total;2025;662
03127 Tàrbena;Total;2024;634
03127 Tàrbena;Total;2023;630
03127 Tàrbena;Total;2022;624
03127 Tàrbena;Total;2021;642
03127 Tàrbena;Total;2020;623
03127 Tàrbena;Total;2019;646
03127 Tàrbena;Total;2018;627
03127 Tàrbena;Total;2017;640
03127 Tàrbena;Total;2016;636
03128 Teulada;Total;2025;12,912
03128 Teulada;Total;2024;12,834
03128 Teulada;Total;2023;12,515
03128 Teulada;Total;2022;11,944
03128 Teulada;Total;2021;11,466
03128 Teulada;Total;2020;11,278
03128 Teulada;Total;2019;11,112
03128 Teulada;Total;2018;10,722
03128 Teulada;Total;2017;10,097
03128 Teulada;Total;2016;10,654
03129 Tibi;Total;2025;1,757
03129 Tibi;Total;2024;1,803
03129 Tibi;Total;2023;1,808
03129 Tibi;Total;2022;1,731
03129 Tibi;Total;2021;1,691
03129 Tibi;Total;2020;1,662
03129 Tibi;Total;2019;1,614
03129 Tibi;Total;2018;1,564
03129 Tibi;Total;2017;1,603
03129 Tibi;Total;2016;1,634
03130 Tollos;Total;2025;32
03130 Tollos;Total;2024;38
03130 Tollos;Total;2023;40
03130 Tollos;Total;2022;30
03130 Tollos;Total;2021;37
03130 Tollos;Total;2020;35
03130 Tollos;Total;2019;57
03130 Tollos;Total;2018;56
03130 Tollos;Total;2017;50
03130 Tollos;Total;2016;53
03131 Tormos;Total;2025;323
03131 Tormos;Total;2024;328
03131 Tormos;Total;2023;339
03131 Tormos;Total;2022;332
03131 Tormos;Total;2021;327
03131 Tormos;Total;2020;318
03131 Tormos;Total;2019;340
03131 Tormos;Total;2018;336
03131 Tormos;Total;2017;333
03131 Tormos;Total;2016;323
03132 Torre de les Maçanes, la/Torremanzanas;Total;2025;749
03132 Torre de les Maçanes, la/Torremanzanas;Total;2024;744
03132 Torre de les Maçanes, la/Torremanzanas;Total;2023;714
03132 Torre de les Maçanes, la/Torremanzanas;Total;2022;683
03132 Torre de les Maçanes, la/Torremanzanas;Total;2021;681
03132 Torre de les Maçanes, la/Torremanzanas;Total;2020;636
03132 Torre de les Maçanes, la/Torremanzanas;Total;2019;661
03132 Torre de les Maçanes, la/Torremanzanas;Total;2018;654
03132 Torre de les Maçanes, la/Torremanzanas;Total;2017;682
03132 Torre de les Maçanes, la/Torremanzanas;Total;2016;727
03133 Torrevieja;Total;2025;98,533
03133 Torrevieja;Total;2024;94,803
03133 Torrevieja;Total;2023;89,290
03133 Torrevieja;Total;2022;83,547
03133 Torrevieja;Total;2021;82,842
03133 Torrevieja;Total;2020;84,667
03133 Torrevieja;Total;2019;83,337
03133 Torrevieja;Total;2018;82,599
03133 Torrevieja;Total;2017;83,252
03133 Torrevieja;Total;2016;84,213
03134 Vall d'Alcalà, la;Total;2025;159
03134 Vall d'Alcalà, la;Total;2024;175
03134 Vall d'Alcalà, la;Total;2023;174
03134 Vall d'Alcalà, la;Total;2022;164
03134 Vall d'Alcalà, la;Total;2021;163
03134 Vall d'Alcalà, la;Total;2020;160
03134 Vall d'Alcalà, la;Total;2019;167
03134 Vall d'Alcalà, la;Total;2018;164
03134 Vall d'Alcalà, la;Total;2017;168
03134 Vall d'Alcalà, la;Total;2016;171
03136 Vall de Gallinera, la;Total;2025;583
03136 Vall de Gallinera, la;Total;2024;584
03136 Vall de Gallinera, la;Total;2023;581
03136 Vall de Gallinera, la;Total;2022;579
03136 Vall de Gallinera, la;Total;2021;557
03136 Vall de Gallinera, la;Total;2020;527
03136 Vall de Gallinera, la;Total;2019;571
03136 Vall de Gallinera, la;Total;2018;589
03136 Vall de Gallinera, la;Total;2017;594
03136 Vall de Gallinera, la;Total;2016;582
03137 Vall de Laguar, la;Total;2025;905
03137 Vall de Laguar, la;Total;2024;903
03137 Vall de Laguar, la;Total;2023;873
03137 Vall de Laguar, la;Total;2022;890
03137 Vall de Laguar, la;Total;2021;843
03137 Vall de Laguar, la;Total;2020;827
03137 Vall de Laguar, la;Total;2019;846
03137 Vall de Laguar, la;Total;2018;820
03137 Vall de Laguar, la;Total;2017;825
03137 Vall de Laguar, la;Total;2016;801
03135 Vall d'Ebo, la;Total;2025;231
03135 Vall d'Ebo, la;Total;2024;230
03135 Vall d'Ebo, la;Total;2023;230
03135 Vall d'Ebo, la;Total;2022;219
03135 Vall d'Ebo, la;Total;2021;204
03135 Vall d'Ebo, la;Total;2020;218
03135 Vall d'Ebo, la;Total;2019;216
03135 Vall d'Ebo, la;Total;2018;224
03135 Vall d'Ebo, la;Total;2017;232
03135 Vall d'Ebo, la;Total;2016;243
03138 Verger, el;Total;2025;5,508
03138 Verger, el;Total;2024;5,272
03138 Verger, el;Total;2023;5,101
03138 Verger, el;Total;2022;4,986
03138 Verger, el;Total;2021;4,841
03138 Verger, el;Total;2020;4,709
03138 Verger, el;Total;2019;4,640
03138 Verger, el;Total;2018;4,520
03138 Verger, el;Total;2017;4,421
03138 Verger, el;Total;2016;4,515
03139 Vila Joiosa, la/Villajoyosa;Total;2025;37,449
03139 Vila Joiosa, la/Villajoyosa;Total;2024;36,891
03139 Vila Joiosa, la/Villajoyosa;Total;2023;36,093
03139 Vila Joiosa, la/Villajoyosa;Total;2022;34,828
03139 Vila Joiosa, la/Villajoyosa;Total;2021;34,684
03139 Vila Joiosa, la/Villajoyosa;Total;2020;35,199
03139 Vila Joiosa, la/Villajoyosa;Total;2019;34,673
03139 Vila Joiosa, la/Villajoyosa;Total;2018;33,969
03139 Vila Joiosa, la/Villajoyosa;Total;2017;33,607
03139 Vila Joiosa, la/Villajoyosa;Total;2016;33,580
03140 Villena;Total;2025;34,712
03140 Villena;Total;2024;34,385
03140 Villena;Total;2023;34,144
03140 Villena;Total;2022;33,969
03140 Villena;Total;2021;34,025
03140 Villena;Total;2020;34,155
03140 Villena;Total;2019;33,964
03140 Villena;Total;2018;33,983
03140 Villena;Total;2017;33,968
03140 Villena;Total;2016;34,163
03082 Xàbia/Jávea;Total;2025;30,642
03082 Xàbia/Jávea;Total;2024;30,131
03082 Xàbia/Jávea;Total;2023;29,760
03082 Xàbia/Jávea;Total;2022;28,731
03082 Xàbia/Jávea;Total;2021;27,983
03082 Xàbia/Jávea;Total;2020;28,016
03082 Xàbia/Jávea;Total;2019;27,604
03082 Xàbia/Jávea;Total;2018;27,224
03082 Xàbia/Jávea;Total;2017;27,060
03082 Xàbia/Jávea;Total;2016;27,225
03081 Xaló;Total;2025;3,104
03081 Xaló;Total;2024;3,042
03081 Xaló;Total;2023;2,964
03081 Xaló;Total;2022;2,931
03081 Xaló;Total;2021;2,892
03081 Xaló;Total;2020;2,868
03081 Xaló;Total;2019;2,739
03081 Xaló;Total;2018;2,683
03081 Xaló;Total;2017;2,636
03081 Xaló;Total;2016;2,648
03083 Xixona/Jijona;Total;2025;7,669
03083 Xixona/Jijona;Total;2024;7,307
03083 Xixona/Jijona;Total;2023;7,032
03083 Xixona/Jijona;Total;2022;6,860
03083 Xixona/Jijona;Total;2021;6,861
03083 Xixona/Jijona;Total;2020;6,879
03083 Xixona/Jijona;Total;2019;6,865
03083 Xixona/Jijona;Total;2018;6,875
03083 Xixona/Jijona;Total;2017;6,895
03083 Xixona/Jijona;Total;2016;7,057
