Geografía;Tipología penal;Periodos:;Total
-Municipio de Badalona;1.-Homicidios dolosos y asesinatos consumados;Enero-diciembre 2021;1
-Municipio de Badalona;2.-Homicidios dolosos y asesinatos en grado tentativa;Enero-diciembre 2021;4
-Municipio de Badalona;3.-Delitos graves y menos graves de lesiones y riña tumultuaria;Enero-diciembre 2021;112
-Municipio de Badalona;4.-Secuestro;Enero-diciembre 2021;0
-Municipio de Badalona;5.-Delitos contra la libertad e indemnidad sexual;Enero-diciembre 2021;89
-Municipio de Badalona;5.1.-Agresión sexual con penetración;Enero-diciembre 2021;15
-Municipio de Badalona;5.2.-Resto de delitos contra la libertad e indemnidad sexual;Enero-diciembre 2021;74
-Municipio de Badalona;6.-Robos con violencia e intimidación;Enero-diciembre 2021;1.124
-Municipio de Badalona;7.- Robos con fuerza en domicilios, establecimientos y otras instalaciones;Enero-diciembre 2021;556
-Municipio de Badalona;7.1.-Robos con fuerza en domicilios;Enero-diciembre 2021;378
-Municipio de Badalona;8.-Hurtos;Enero-diciembre 2021;3.347
-Municipio de Badalona;9.-Sustracciones de vehículos;Enero-diciembre 2021;191
-Municipio de Badalona;10.-Tráfico de drogas;Enero-diciembre 2021;67
-Municipio de Badalona;Resto de infracciones penales;Enero-diciembre 2021;6.377
-Municipio de Badalona;TOTAL INFRACCIONES PENALES;Enero-diciembre 2021;11.868
-Municipio de Barberà del Vallès;1.-Homicidios dolosos y asesinatos consumados;Enero-diciembre 2021;1
-Municipio de Barberà del Vallès;2.-Homicidios dolosos y asesinatos en grado tentativa;Enero-diciembre 2021;1
-Municipio de Barberà del Vallès;3.-Delitos graves y menos graves de lesiones y riña tumultuaria;Enero-diciembre 2021;10
-Municipio de Barberà del Vallès;4.-Secuestro;Enero-diciembre 2021;0
-Municipio de Barberà del Vallès;5.-Delitos contra la libertad e indemnidad sexual;Enero-diciembre 2021;12
-Municipio de Barberà del Vallès;5.1.-Agresión sexual con penetración;Enero-diciembre 2021;2
-Municipio de Barberà del Vallès;5.2.-Resto de delitos contra la libertad e indemnidad sexual;Enero-diciembre 2021;10
-Municipio de Barberà del Vallès;6.-Robos con violencia e intimidación;Enero-diciembre 2021;52
-Municipio de Barberà del Vallès;7.- Robos con fuerza en domicilios, establecimientos y otras instalaciones;Enero-diciembre 2021;129
-Municipio de Barberà del Vallès;7.1.-Robos con fuerza en domicilios;Enero-diciembre 2021;45
-Municipio de Barberà del Vallès;8.-Hurtos;Enero-diciembre 2021;411
-Municipio de Barberà del Vallès;9.-Sustracciones de vehículos;Enero-diciembre 2021;43
-Municipio de Barberà del Vallès;10.-Tráfico de drogas;Enero-diciembre 2021;9
-Municipio de Barberà del Vallès;Resto de infracciones penales;Enero-diciembre 2021;746
-Municipio de Barberà del Vallès;TOTAL INFRACCIONES PENALES;Enero-diciembre 2021;1.414
-Municipio de Barcelona;1.-Homicidios dolosos y asesinatos consumados;Enero-diciembre 2021;8
-Municipio de Barcelona;2.-Homicidios dolosos y asesinatos en grado tentativa;Enero-diciembre 2021;34
-Municipio de Barcelona;3.-Delitos graves y menos graves de lesiones y riña tumultuaria;Enero-diciembre 2021;688
-Municipio de Barcelona;4.-Secuestro;Enero-diciembre 2021;2
-Municipio de Barcelona;5.-Delitos contra la libertad e indemnidad sexual;Enero-diciembre 2021;877
-Municipio de Barcelona;5.1.-Agresión sexual con penetración;Enero-diciembre 2021;166
-Municipio de Barcelona;5.2.-Resto de delitos contra la libertad e indemnidad sexual;Enero-diciembre 2021;711
-Municipio de Barcelona;6.-Robos con violencia e intimidación;Enero-diciembre 2021;10.564
-Municipio de Barcelona;7.- Robos con fuerza en domicilios, establecimientos y otras instalaciones;Enero-diciembre 2021;5.270
-Municipio de Barcelona;7.1.-Robos con fuerza en domicilios;Enero-diciembre 2021;3.928
-Municipio de Barcelona;8.-Hurtos;Enero-diciembre 2021;54.081
-Municipio de Barcelona;9.-Sustracciones de vehículos;Enero-diciembre 2021;2.481
-Municipio de Barcelona;10.-Tráfico de drogas;Enero-diciembre 2021;1.073
-Municipio de Barcelona;Resto de infracciones penales;Enero-diciembre 2021;53.992
-Municipio de Barcelona;TOTAL INFRACCIONES PENALES;Enero-diciembre 2021;129.070
-Municipio de Castellar del Vallès;1.-Homicidios dolosos y asesinatos consumados;Enero-diciembre 2021;0
-Municipio de Castellar del Vallès;2.-Homicidios dolosos y asesinatos en grado tentativa;Enero-diciembre 2021;0
-Municipio de Castellar del Vallès;3.-Delitos graves y menos graves de lesiones y riña tumultuaria;Enero-diciembre 2021;4
-Municipio de Castellar del Vallès;4.-Secuestro;Enero-diciembre 2021;0
-Municipio de Castellar del Vallès;5.-Delitos contra la libertad e indemnidad sexual;Enero-diciembre 2021;2
-Municipio de Castellar del Vallès;5.1.-Agresión sexual con penetración;Enero-diciembre 2021;0
-Municipio de Castellar del Vallès;5.2.-Resto de delitos contra la libertad e indemnidad sexual;Enero-diciembre 2021;2
-Municipio de Castellar del Vallès;6.-Robos con violencia e intimidación;Enero-diciembre 2021;4
-Municipio de Castellar del Vallès;7.- Robos con fuerza en domicilios, establecimientos y otras instalaciones;Enero-diciembre 2021;21
-Municipio de Castellar del Vallès;7.1.-Robos con fuerza en domicilios;Enero-diciembre 2021;16
-Municipio de Castellar del Vallès;8.-Hurtos;Enero-diciembre 2021;44
-Municipio de Castellar del Vallès;9.-Sustracciones de vehículos;Enero-diciembre 2021;9
-Municipio de Castellar del Vallès;10.-Tráfico de drogas;Enero-diciembre 2021;4
-Municipio de Castellar del Vallès;Resto de infracciones penales;Enero-diciembre 2021;284
-Municipio de Castellar del Vallès;TOTAL INFRACCIONES PENALES;Enero-diciembre 2021;372
-Municipio de Castelldefels;1.-Homicidios dolosos y asesinatos consumados;Enero-diciembre 2021;0
-Municipio de Castelldefels;2.-Homicidios dolosos y asesinatos en grado tentativa;Enero-diciembre 2021;2
-Municipio de Castelldefels;3.-Delitos graves y menos graves de lesiones y riña tumultuaria;Enero-diciembre 2021;25
-Municipio de Castelldefels;4.-Secuestro;Enero-diciembre 2021;0
-Municipio de Castelldefels;5.-Delitos contra la libertad e indemnidad sexual;Enero-diciembre 2021;26
-Municipio de Castelldefels;5.1.-Agresión sexual con penetración;Enero-diciembre 2021;4
-Municipio de Castelldefels;5.2.-Resto de delitos contra la libertad e indemnidad sexual;Enero-diciembre 2021;22
-Municipio de Castelldefels;6.-Robos con violencia e intimidación;Enero-diciembre 2021;85
-Municipio de Castelldefels;7.- Robos con fuerza en domicilios, establecimientos y otras instalaciones;Enero-diciembre 2021;177
-Municipio de Castelldefels;7.1.-Robos con fuerza en domicilios;Enero-diciembre 2021;149
-Municipio de Castelldefels;8.-Hurtos;Enero-diciembre 2021;976
-Municipio de Castelldefels;9.-Sustracciones de vehículos;Enero-diciembre 2021;35
-Municipio de Castelldefels;10.-Tráfico de drogas;Enero-diciembre 2021;11
-Municipio de Castelldefels;Resto de infracciones penales;Enero-diciembre 2021;1.773
-Municipio de Castelldefels;TOTAL INFRACCIONES PENALES;Enero-diciembre 2021;3.110
-Municipio de Cerdanyola del Vallès;1.-Homicidios dolosos y asesinatos consumados;Enero-diciembre 2021;1
-Municipio de Cerdanyola del Vallès;2.-Homicidios dolosos y asesinatos en grado tentativa;Enero-diciembre 2021;2
-Municipio de Cerdanyola del Vallès;3.-Delitos graves y menos graves de lesiones y riña tumultuaria;Enero-diciembre 2021;14
-Municipio de Cerdanyola del Vallès;4.-Secuestro;Enero-diciembre 2021;0
-Municipio de Cerdanyola del Vallès;5.-Delitos contra la libertad e indemnidad sexual;Enero-diciembre 2021;20
-Municipio de Cerdanyola del Vallès;5.1.-Agresión sexual con penetración;Enero-diciembre 2021;1
-Municipio de Cerdanyola del Vallès;5.2.-Resto de delitos contra la libertad e indemnidad sexual;Enero-diciembre 2021;19
-Municipio de Cerdanyola del Vallès;6.-Robos con violencia e intimidación;Enero-diciembre 2021;56
-Municipio de Cerdanyola del Vallès;7.- Robos con fuerza en domicilios, establecimientos y otras instalaciones;Enero-diciembre 2021;127
-Municipio de Cerdanyola del Vallès;7.1.-Robos con fuerza en domicilios;Enero-diciembre 2021;107
-Municipio de Cerdanyola del Vallès;8.-Hurtos;Enero-diciembre 2021;394
-Municipio de Cerdanyola del Vallès;9.-Sustracciones de vehículos;Enero-diciembre 2021;33
-Municipio de Cerdanyola del Vallès;10.-Tráfico de drogas;Enero-diciembre 2021;14
-Municipio de Cerdanyola del Vallès;Resto de infracciones penales;Enero-diciembre 2021;1.090
-Municipio de Cerdanyola del Vallès;TOTAL INFRACCIONES PENALES;Enero-diciembre 2021;1.751
-Municipio de Cornellà de Llobregat;1.-Homicidios dolosos y asesinatos consumados;Enero-diciembre 2021;0
-Municipio de Cornellà de Llobregat;2.-Homicidios dolosos y asesinatos en grado tentativa;Enero-diciembre 2021;7
-Municipio de Cornellà de Llobregat;3.-Delitos graves y menos graves de lesiones y riña tumultuaria;Enero-diciembre 2021;41
-Municipio de Cornellà de Llobregat;4.-Secuestro;Enero-diciembre 2021;0
-Municipio de Cornellà de Llobregat;5.-Delitos contra la libertad e indemnidad sexual;Enero-diciembre 2021;35
-Municipio de Cornellà de Llobregat;5.1.-Agresión sexual con penetración;Enero-diciembre 2021;7
-Municipio de Cornellà de Llobregat;5.2.-Resto de delitos contra la libertad e indemnidad sexual;Enero-diciembre 2021;28
-Municipio de Cornellà de Llobregat;6.-Robos con violencia e intimidación;Enero-diciembre 2021;297
-Municipio de Cornellà de Llobregat;7.- Robos con fuerza en domicilios, establecimientos y otras instalaciones;Enero-diciembre 2021;161
-Municipio de Cornellà de Llobregat;7.1.-Robos con fuerza en domicilios;Enero-diciembre 2021;99
-Municipio de Cornellà de Llobregat;8.-Hurtos;Enero-diciembre 2021;1.315
-Municipio de Cornellà de Llobregat;9.-Sustracciones de vehículos;Enero-diciembre 2021;65
-Municipio de Cornellà de Llobregat;10.-Tráfico de drogas;Enero-diciembre 2021;34
-Municipio de Cornellà de Llobregat;Resto de infracciones penales;Enero-diciembre 2021;2.257
-Municipio de Cornellà de Llobregat;TOTAL INFRACCIONES PENALES;Enero-diciembre 2021;4.212
-Municipio de Esparreguera;1.-Homicidios dolosos y asesinatos consumados;Enero-diciembre 2021;0
-Municipio de Esparreguera;2.-Homicidios dolosos y asesinatos en grado tentativa;Enero-diciembre 2021;0
-Municipio de Esparreguera;3.-Delitos graves y menos graves de lesiones y riña tumultuaria;Enero-diciembre 2021;11
-Municipio de Esparreguera;4.-Secuestro;Enero-diciembre 2021;0
-Municipio de Esparreguera;5.-Delitos contra la libertad e indemnidad sexual;Enero-diciembre 2021;9
-Municipio de Esparreguera;5.1.-Agresión sexual con penetración;Enero-diciembre 2021;1
-Municipio de Esparreguera;5.2.-Resto de delitos contra la libertad e indemnidad sexual;Enero-diciembre 2021;8
-Municipio de Esparreguera;6.-Robos con violencia e intimidación;Enero-diciembre 2021;15
-Municipio de Esparreguera;7.- Robos con fuerza en domicilios, establecimientos y otras instalaciones;Enero-diciembre 2021;33
-Municipio de Esparreguera;7.1.-Robos con fuerza en domicilios;Enero-diciembre 2021;19
-Municipio de Esparreguera;8.-Hurtos;Enero-diciembre 2021;68
-Municipio de Esparreguera;9.-Sustracciones de vehículos;Enero-diciembre 2021;5
-Municipio de Esparreguera;10.-Tráfico de drogas;Enero-diciembre 2021;4
-Municipio de Esparreguera;Resto de infracciones penales;Enero-diciembre 2021;311
-Municipio de Esparreguera;TOTAL INFRACCIONES PENALES;Enero-diciembre 2021;456
-Municipio de Esplugues de Llobregat;1.-Homicidios dolosos y asesinatos consumados;Enero-diciembre 2021;0
-Municipio de Esplugues de Llobregat;2.-Homicidios dolosos y asesinatos en grado tentativa;Enero-diciembre 2021;1
-Municipio de Esplugues de Llobregat;3.-Delitos graves y menos graves de lesiones y riña tumultuaria;Enero-diciembre 2021;14
-Municipio de Esplugues de Llobregat;4.-Secuestro;Enero-diciembre 2021;0
-Municipio de Esplugues de Llobregat;5.-Delitos contra la libertad e indemnidad sexual;Enero-diciembre 2021;13
-Municipio de Esplugues de Llobregat;5.1.-Agresión sexual con penetración;Enero-diciembre 2021;0
-Municipio de Esplugues de Llobregat;5.2.-Resto de delitos contra la libertad e indemnidad sexual;Enero-diciembre 2021;13
-Municipio de Esplugues de Llobregat;6.-Robos con violencia e intimidación;Enero-diciembre 2021;131
-Municipio de Esplugues de Llobregat;7.- Robos con fuerza en domicilios, establecimientos y otras instalaciones;Enero-diciembre 2021;135
-Municipio de Esplugues de Llobregat;7.1.-Robos con fuerza en domicilios;Enero-diciembre 2021;104
-Municipio de Esplugues de Llobregat;8.-Hurtos;Enero-diciembre 2021;1.180
-Municipio de Esplugues de Llobregat;9.-Sustracciones de vehículos;Enero-diciembre 2021;44
-Municipio de Esplugues de Llobregat;10.-Tráfico de drogas;Enero-diciembre 2021;9
-Municipio de Esplugues de Llobregat;Resto de infracciones penales;Enero-diciembre 2021;1.318
-Municipio de Esplugues de Llobregat;TOTAL INFRACCIONES PENALES;Enero-diciembre 2021;2.845
-Municipio de Les Franqueses del Vallès;1.-Homicidios dolosos y asesinatos consumados;Enero-diciembre 2021;0
-Municipio de Les Franqueses del Vallès;2.-Homicidios dolosos y asesinatos en grado tentativa;Enero-diciembre 2021;0
-Municipio de Les Franqueses del Vallès;3.-Delitos graves y menos graves de lesiones y riña tumultuaria;Enero-diciembre 2021;4
-Municipio de Les Franqueses del Vallès;4.-Secuestro;Enero-diciembre 2021;0
-Municipio de Les Franqueses del Vallès;5.-Delitos contra la libertad e indemnidad sexual;Enero-diciembre 2021;9
-Municipio de Les Franqueses del Vallès;5.1.-Agresión sexual con penetración;Enero-diciembre 2021;2
-Municipio de Les Franqueses del Vallès;5.2.-Resto de delitos contra la libertad e indemnidad sexual;Enero-diciembre 2021;7
-Municipio de Les Franqueses del Vallès;6.-Robos con violencia e intimidación;Enero-diciembre 2021;25
-Municipio de Les Franqueses del Vallès;7.- Robos con fuerza en domicilios, establecimientos y otras instalaciones;Enero-diciembre 2021;52
-Municipio de Les Franqueses del Vallès;7.1.-Robos con fuerza en domicilios;Enero-diciembre 2021;26
-Municipio de Les Franqueses del Vallès;8.-Hurtos;Enero-diciembre 2021;98
-Municipio de Les Franqueses del Vallès;9.-Sustracciones de vehículos;Enero-diciembre 2021;6
-Municipio de Les Franqueses del Vallès;10.-Tráfico de drogas;Enero-diciembre 2021;2
-Municipio de Les Franqueses del Vallès;Resto de infracciones penales;Enero-diciembre 2021;381
-Municipio de Les Franqueses del Vallès;TOTAL INFRACCIONES PENALES;Enero-diciembre 2021;577
-Municipio de Gavà;1.-Homicidios dolosos y asesinatos consumados;Enero-diciembre 2021;0
-Municipio de Gavà;2.-Homicidios dolosos y asesinatos en grado tentativa;Enero-diciembre 2021;0
-Municipio de Gavà;3.-Delitos graves y menos graves de lesiones y riña tumultuaria;Enero-diciembre 2021;21
-Municipio de Gavà;4.-Secuestro;Enero-diciembre 2021;0
-Municipio de Gavà;5.-Delitos contra la libertad e indemnidad sexual;Enero-diciembre 2021;11
-Municipio de Gavà;5.1.-Agresión sexual con penetración;Enero-diciembre 2021;2
-Municipio de Gavà;5.2.-Resto de delitos contra la libertad e indemnidad sexual;Enero-diciembre 2021;9
-Municipio de Gavà;6.-Robos con violencia e intimidación;Enero-diciembre 2021;51
-Municipio de Gavà;7.- Robos con fuerza en domicilios, establecimientos y otras instalaciones;Enero-diciembre 2021;97
-Municipio de Gavà;7.1.-Robos con fuerza en domicilios;Enero-diciembre 2021;60
-Municipio de Gavà;8.-Hurtos;Enero-diciembre 2021;704
-Municipio de Gavà;9.-Sustracciones de vehículos;Enero-diciembre 2021;40
-Municipio de Gavà;10.-Tráfico de drogas;Enero-diciembre 2021;9
-Municipio de Gavà;Resto de infracciones penales;Enero-diciembre 2021;1.284
-Municipio de Gavà;TOTAL INFRACCIONES PENALES;Enero-diciembre 2021;2.217
-Municipio de Granollers;1.-Homicidios dolosos y asesinatos consumados;Enero-diciembre 2021;0
-Municipio de Granollers;2.-Homicidios dolosos y asesinatos en grado tentativa;Enero-diciembre 2021;0
-Municipio de Granollers;3.-Delitos graves y menos graves de lesiones y riña tumultuaria;Enero-diciembre 2021;29
-Municipio de Granollers;4.-Secuestro;Enero-diciembre 2021;1
-Municipio de Granollers;5.-Delitos contra la libertad e indemnidad sexual;Enero-diciembre 2021;34
-Municipio de Granollers;5.1.-Agresión sexual con penetración;Enero-diciembre 2021;6
-Municipio de Granollers;5.2.-Resto de delitos contra la libertad e indemnidad sexual;Enero-diciembre 2021;28
-Municipio de Granollers;6.-Robos con violencia e intimidación;Enero-diciembre 2021;125
-Municipio de Granollers;7.- Robos con fuerza en domicilios, establecimientos y otras instalaciones;Enero-diciembre 2021;142
-Municipio de Granollers;7.1.-Robos con fuerza en domicilios;Enero-diciembre 2021;80
-Municipio de Granollers;8.-Hurtos;Enero-diciembre 2021;627
-Municipio de Granollers;9.-Sustracciones de vehículos;Enero-diciembre 2021;39
-Municipio de Granollers;10.-Tráfico de drogas;Enero-diciembre 2021;11
-Municipio de Granollers;Resto de infracciones penales;Enero-diciembre 2021;1.624
-Municipio de Granollers;TOTAL INFRACCIONES PENALES;Enero-diciembre 2021;2.632
-Municipio de Hospitalet de Llobregat (L');1.-Homicidios dolosos y asesinatos consumados;Enero-diciembre 2021;2
-Municipio de Hospitalet de Llobregat (L');2.-Homicidios dolosos y asesinatos en grado tentativa;Enero-diciembre 2021;9
-Municipio de Hospitalet de Llobregat (L');3.-Delitos graves y menos graves de lesiones y riña tumultuaria;Enero-diciembre 2021;131
-Municipio de Hospitalet de Llobregat (L');4.-Secuestro;Enero-diciembre 2021;1
-Municipio de Hospitalet de Llobregat (L');5.-Delitos contra la libertad e indemnidad sexual;Enero-diciembre 2021;145
-Municipio de Hospitalet de Llobregat (L');5.1.-Agresión sexual con penetración;Enero-diciembre 2021;27
-Municipio de Hospitalet de Llobregat (L');5.2.-Resto de delitos contra la libertad e indemnidad sexual;Enero-diciembre 2021;118
-Municipio de Hospitalet de Llobregat (L');6.-Robos con violencia e intimidación;Enero-diciembre 2021;1.225
-Municipio de Hospitalet de Llobregat (L');7.- Robos con fuerza en domicilios, establecimientos y otras instalaciones;Enero-diciembre 2021;488
-Municipio de Hospitalet de Llobregat (L');7.1.-Robos con fuerza en domicilios;Enero-diciembre 2021;320
-Municipio de Hospitalet de Llobregat (L');8.-Hurtos;Enero-diciembre 2021;4.817
-Municipio de Hospitalet de Llobregat (L');9.-Sustracciones de vehículos;Enero-diciembre 2021;215
-Municipio de Hospitalet de Llobregat (L');10.-Tráfico de drogas;Enero-diciembre 2021;116
-Municipio de Hospitalet de Llobregat (L');Resto de infracciones penales;Enero-diciembre 2021;8.090
-Municipio de Hospitalet de Llobregat (L');TOTAL INFRACCIONES PENALES;Enero-diciembre 2021;15.239
-Municipio de Igualada;1.-Homicidios dolosos y asesinatos consumados;Enero-diciembre 2021;0
-Municipio de Igualada;2.-Homicidios dolosos y asesinatos en grado tentativa;Enero-diciembre 2021;2
-Municipio de Igualada;3.-Delitos graves y menos graves de lesiones y riña tumultuaria;Enero-diciembre 2021;13
-Municipio de Igualada;4.-Secuestro;Enero-diciembre 2021;0
-Municipio de Igualada;5.-Delitos contra la libertad e indemnidad sexual;Enero-diciembre 2021;24
-Municipio de Igualada;5.1.-Agresión sexual con penetración;Enero-diciembre 2021;6
-Municipio de Igualada;5.2.-Resto de delitos contra la libertad e indemnidad sexual;Enero-diciembre 2021;18
-Municipio de Igualada;6.-Robos con violencia e intimidación;Enero-diciembre 2021;24
-Municipio de Igualada;7.- Robos con fuerza en domicilios, establecimientos y otras instalaciones;Enero-diciembre 2021;117
-Municipio de Igualada;7.1.-Robos con fuerza en domicilios;Enero-diciembre 2021;75
-Municipio de Igualada;8.-Hurtos;Enero-diciembre 2021;381
-Municipio de Igualada;9.-Sustracciones de vehículos;Enero-diciembre 2021;32
-Municipio de Igualada;10.-Tráfico de drogas;Enero-diciembre 2021;6
-Municipio de Igualada;Resto de infracciones penales;Enero-diciembre 2021;983
-Municipio de Igualada;TOTAL INFRACCIONES PENALES;Enero-diciembre 2021;1.582
-Municipio de Manlleu;1.-Homicidios dolosos y asesinatos consumados;Enero-diciembre 2021;0
-Municipio de Manlleu;2.-Homicidios dolosos y asesinatos en grado tentativa;Enero-diciembre 2021;0
-Municipio de Manlleu;3.-Delitos graves y menos graves de lesiones y riña tumultuaria;Enero-diciembre 2021;6
-Municipio de Manlleu;4.-Secuestro;Enero-diciembre 2021;0
-Municipio de Manlleu;5.-Delitos contra la libertad e indemnidad sexual;Enero-diciembre 2021;5
-Municipio de Manlleu;5.1.-Agresión sexual con penetración;Enero-diciembre 2021;0
-Municipio de Manlleu;5.2.-Resto de delitos contra la libertad e indemnidad sexual;Enero-diciembre 2021;5
-Municipio de Manlleu;6.-Robos con violencia e intimidación;Enero-diciembre 2021;16
-Municipio de Manlleu;7.- Robos con fuerza en domicilios, establecimientos y otras instalaciones;Enero-diciembre 2021;32
-Municipio de Manlleu;7.1.-Robos con fuerza en domicilios;Enero-diciembre 2021;27
-Municipio de Manlleu;8.-Hurtos;Enero-diciembre 2021;35
-Municipio de Manlleu;9.-Sustracciones de vehículos;Enero-diciembre 2021;4
-Municipio de Manlleu;10.-Tráfico de drogas;Enero-diciembre 2021;7
-Municipio de Manlleu;Resto de infracciones penales;Enero-diciembre 2021;226
-Municipio de Manlleu;TOTAL INFRACCIONES PENALES;Enero-diciembre 2021;331
-Municipio de Manresa;1.-Homicidios dolosos y asesinatos consumados;Enero-diciembre 2021;3
-Municipio de Manresa;2.-Homicidios dolosos y asesinatos en grado tentativa;Enero-diciembre 2021;2
-Municipio de Manresa;3.-Delitos graves y menos graves de lesiones y riña tumultuaria;Enero-diciembre 2021;54
-Municipio de Manresa;4.-Secuestro;Enero-diciembre 2021;0
-Municipio de Manresa;5.-Delitos contra la libertad e indemnidad sexual;Enero-diciembre 2021;49
-Municipio de Manresa;5.1.-Agresión sexual con penetración;Enero-diciembre 2021;12
-Municipio de Manresa;5.2.-Resto de delitos contra la libertad e indemnidad sexual;Enero-diciembre 2021;37
-Municipio de Manresa;6.-Robos con violencia e intimidación;Enero-diciembre 2021;184
-Municipio de Manresa;7.- Robos con fuerza en domicilios, establecimientos y otras instalaciones;Enero-diciembre 2021;224
-Municipio de Manresa;7.1.-Robos con fuerza en domicilios;Enero-diciembre 2021;166
-Municipio de Manresa;8.-Hurtos;Enero-diciembre 2021;1.092
-Municipio de Manresa;9.-Sustracciones de vehículos;Enero-diciembre 2021;25
-Municipio de Manresa;10.-Tráfico de drogas;Enero-diciembre 2021;14
-Municipio de Manresa;Resto de infracciones penales;Enero-diciembre 2021;2.218
-Municipio de Manresa;TOTAL INFRACCIONES PENALES;Enero-diciembre 2021;3.865
-Municipio de Martorell;1.-Homicidios dolosos y asesinatos consumados;Enero-diciembre 2021;0
-Municipio de Martorell;2.-Homicidios dolosos y asesinatos en grado tentativa;Enero-diciembre 2021;3
-Municipio de Martorell;3.-Delitos graves y menos graves de lesiones y riña tumultuaria;Enero-diciembre 2021;18
-Municipio de Martorell;4.-Secuestro;Enero-diciembre 2021;0
-Municipio de Martorell;5.-Delitos contra la libertad e indemnidad sexual;Enero-diciembre 2021;11
-Municipio de Martorell;5.1.-Agresión sexual con penetración;Enero-diciembre 2021;2
-Municipio de Martorell;5.2.-Resto de delitos contra la libertad e indemnidad sexual;Enero-diciembre 2021;9
-Municipio de Martorell;6.-Robos con violencia e intimidación;Enero-diciembre 2021;31
-Municipio de Martorell;7.- Robos con fuerza en domicilios, establecimientos y otras instalaciones;Enero-diciembre 2021;54
-Municipio de Martorell;7.1.-Robos con fuerza en domicilios;Enero-diciembre 2021;31
-Municipio de Martorell;8.-Hurtos;Enero-diciembre 2021;350
-Municipio de Martorell;9.-Sustracciones de vehículos;Enero-diciembre 2021;20
-Municipio de Martorell;10.-Tráfico de drogas;Enero-diciembre 2021;11
-Municipio de Martorell;Resto de infracciones penales;Enero-diciembre 2021;751
-Municipio de Martorell;TOTAL INFRACCIONES PENALES;Enero-diciembre 2021;1.249
-Municipio de Masnou (El);1.-Homicidios dolosos y asesinatos consumados;Enero-diciembre 2021;0
-Municipio de Masnou (El);2.-Homicidios dolosos y asesinatos en grado tentativa;Enero-diciembre 2021;3
-Municipio de Masnou (El);3.-Delitos graves y menos graves de lesiones y riña tumultuaria;Enero-diciembre 2021;7
-Municipio de Masnou (El);4.-Secuestro;Enero-diciembre 2021;0
-Municipio de Masnou (El);5.-Delitos contra la libertad e indemnidad sexual;Enero-diciembre 2021;9
-Municipio de Masnou (El);5.1.-Agresión sexual con penetración;Enero-diciembre 2021;1
-Municipio de Masnou (El);5.2.-Resto de delitos contra la libertad e indemnidad sexual;Enero-diciembre 2021;8
-Municipio de Masnou (El);6.-Robos con violencia e intimidación;Enero-diciembre 2021;55
-Municipio de Masnou (El);7.- Robos con fuerza en domicilios, establecimientos y otras instalaciones;Enero-diciembre 2021;39
-Municipio de Masnou (El);7.1.-Robos con fuerza en domicilios;Enero-diciembre 2021;32
-Municipio de Masnou (El);8.-Hurtos;Enero-diciembre 2021;169
-Municipio de Masnou (El);9.-Sustracciones de vehículos;Enero-diciembre 2021;10
-Municipio de Masnou (El);10.-Tráfico de drogas;Enero-diciembre 2021;4
-Municipio de Masnou (El);Resto de infracciones penales;Enero-diciembre 2021;473
-Municipio de Masnou (El);TOTAL INFRACCIONES PENALES;Enero-diciembre 2021;769
-Municipio de Mataró;1.-Homicidios dolosos y asesinatos consumados;Enero-diciembre 2021;0
-Municipio de Mataró;2.-Homicidios dolosos y asesinatos en grado tentativa;Enero-diciembre 2021;5
-Municipio de Mataró;3.-Delitos graves y menos graves de lesiones y riña tumultuaria;Enero-diciembre 2021;62
-Municipio de Mataró;4.-Secuestro;Enero-diciembre 2021;0
-Municipio de Mataró;5.-Delitos contra la libertad e indemnidad sexual;Enero-diciembre 2021;46
-Municipio de Mataró;5.1.-Agresión sexual con penetración;Enero-diciembre 2021;12
-Municipio de Mataró;5.2.-Resto de delitos contra la libertad e indemnidad sexual;Enero-diciembre 2021;34
-Municipio de Mataró;6.-Robos con violencia e intimidación;Enero-diciembre 2021;508
-Municipio de Mataró;7.- Robos con fuerza en domicilios, establecimientos y otras instalaciones;Enero-diciembre 2021;275
-Municipio de Mataró;7.1.-Robos con fuerza en domicilios;Enero-diciembre 2021;171
-Municipio de Mataró;8.-Hurtos;Enero-diciembre 2021;1.651
-Municipio de Mataró;9.-Sustracciones de vehículos;Enero-diciembre 2021;126
-Municipio de Mataró;10.-Tráfico de drogas;Enero-diciembre 2021;26
-Municipio de Mataró;Resto de infracciones penales;Enero-diciembre 2021;3.957
-Municipio de Mataró;TOTAL INFRACCIONES PENALES;Enero-diciembre 2021;6.656
-Municipio de Molins de Rei;1.-Homicidios dolosos y asesinatos consumados;Enero-diciembre 2021;0
-Municipio de Molins de Rei;2.-Homicidios dolosos y asesinatos en grado tentativa;Enero-diciembre 2021;1
-Municipio de Molins de Rei;3.-Delitos graves y menos graves de lesiones y riña tumultuaria;Enero-diciembre 2021;8
-Municipio de Molins de Rei;4.-Secuestro;Enero-diciembre 2021;0
-Municipio de Molins de Rei;5.-Delitos contra la libertad e indemnidad sexual;Enero-diciembre 2021;4
-Municipio de Molins de Rei;5.1.-Agresión sexual con penetración;Enero-diciembre 2021;1
-Municipio de Molins de Rei;5.2.-Resto de delitos contra la libertad e indemnidad sexual;Enero-diciembre 2021;3
-Municipio de Molins de Rei;6.-Robos con violencia e intimidación;Enero-diciembre 2021;26
-Municipio de Molins de Rei;7.- Robos con fuerza en domicilios, establecimientos y otras instalaciones;Enero-diciembre 2021;90
-Municipio de Molins de Rei;7.1.-Robos con fuerza en domicilios;Enero-diciembre 2021;58
-Municipio de Molins de Rei;8.-Hurtos;Enero-diciembre 2021;184
-Municipio de Molins de Rei;9.-Sustracciones de vehículos;Enero-diciembre 2021;12
-Municipio de Molins de Rei;10.-Tráfico de drogas;Enero-diciembre 2021;5
-Municipio de Molins de Rei;Resto de infracciones penales;Enero-diciembre 2021;472
-Municipio de Molins de Rei;TOTAL INFRACCIONES PENALES;Enero-diciembre 2021;802
-Municipio de Mollet del Vallès;1.-Homicidios dolosos y asesinatos consumados;Enero-diciembre 2021;0
-Municipio de Mollet del Vallès;2.-Homicidios dolosos y asesinatos en grado tentativa;Enero-diciembre 2021;3
-Municipio de Mollet del Vallès;3.-Delitos graves y menos graves de lesiones y riña tumultuaria;Enero-diciembre 2021;15
-Municipio de Mollet del Vallès;4.-Secuestro;Enero-diciembre 2021;0
-Municipio de Mollet del Vallès;5.-Delitos contra la libertad e indemnidad sexual;Enero-diciembre 2021;13
-Municipio de Mollet del Vallès;5.1.-Agresión sexual con penetración;Enero-diciembre 2021;2
-Municipio de Mollet del Vallès;5.2.-Resto de delitos contra la libertad e indemnidad sexual;Enero-diciembre 2021;11
-Municipio de Mollet del Vallès;6.-Robos con violencia e intimidación;Enero-diciembre 2021;81
-Municipio de Mollet del Vallès;7.- Robos con fuerza en domicilios, establecimientos y otras instalaciones;Enero-diciembre 2021;99
-Municipio de Mollet del Vallès;7.1.-Robos con fuerza en domicilios;Enero-diciembre 2021;76
-Municipio de Mollet del Vallès;8.-Hurtos;Enero-diciembre 2021;586
-Municipio de Mollet del Vallès;9.-Sustracciones de vehículos;Enero-diciembre 2021;32
-Municipio de Mollet del Vallès;10.-Tráfico de drogas;Enero-diciembre 2021;20
-Municipio de Mollet del Vallès;Resto de infracciones penales;Enero-diciembre 2021;1.369
-Municipio de Mollet del Vallès;TOTAL INFRACCIONES PENALES;Enero-diciembre 2021;2.218
-Municipio de Montcada i Reixac;1.-Homicidios dolosos y asesinatos consumados;Enero-diciembre 2021;0
-Municipio de Montcada i Reixac;2.-Homicidios dolosos y asesinatos en grado tentativa;Enero-diciembre 2021;1
-Municipio de Montcada i Reixac;3.-Delitos graves y menos graves de lesiones y riña tumultuaria;Enero-diciembre 2021;13
-Municipio de Montcada i Reixac;4.-Secuestro;Enero-diciembre 2021;0
-Municipio de Montcada i Reixac;5.-Delitos contra la libertad e indemnidad sexual;Enero-diciembre 2021;11
-Municipio de Montcada i Reixac;5.1.-Agresión sexual con penetración;Enero-diciembre 2021;1
-Municipio de Montcada i Reixac;5.2.-Resto de delitos contra la libertad e indemnidad sexual;Enero-diciembre 2021;10
-Municipio de Montcada i Reixac;6.-Robos con violencia e intimidación;Enero-diciembre 2021;70
-Municipio de Montcada i Reixac;7.- Robos con fuerza en domicilios, establecimientos y otras instalaciones;Enero-diciembre 2021;105
-Municipio de Montcada i Reixac;7.1.-Robos con fuerza en domicilios;Enero-diciembre 2021;65
-Municipio de Montcada i Reixac;8.-Hurtos;Enero-diciembre 2021;422
-Municipio de Montcada i Reixac;9.-Sustracciones de vehículos;Enero-diciembre 2021;39
-Municipio de Montcada i Reixac;10.-Tráfico de drogas;Enero-diciembre 2021;21
-Municipio de Montcada i Reixac;Resto de infracciones penales;Enero-diciembre 2021;1.421
-Municipio de Montcada i Reixac;TOTAL INFRACCIONES PENALES;Enero-diciembre 2021;2.103
-Municipio de Olesa de Montserrat;1.-Homicidios dolosos y asesinatos consumados;Enero-diciembre 2021;1
-Municipio de Olesa de Montserrat;2.-Homicidios dolosos y asesinatos en grado tentativa;Enero-diciembre 2021;0
-Municipio de Olesa de Montserrat;3.-Delitos graves y menos graves de lesiones y riña tumultuaria;Enero-diciembre 2021;2
-Municipio de Olesa de Montserrat;4.-Secuestro;Enero-diciembre 2021;0
-Municipio de Olesa de Montserrat;5.-Delitos contra la libertad e indemnidad sexual;Enero-diciembre 2021;10
-Municipio de Olesa de Montserrat;5.1.-Agresión sexual con penetración;Enero-diciembre 2021;0
-Municipio de Olesa de Montserrat;5.2.-Resto de delitos contra la libertad e indemnidad sexual;Enero-diciembre 2021;10
-Municipio de Olesa de Montserrat;6.-Robos con violencia e intimidación;Enero-diciembre 2021;12
-Municipio de Olesa de Montserrat;7.- Robos con fuerza en domicilios, establecimientos y otras instalaciones;Enero-diciembre 2021;24
-Municipio de Olesa de Montserrat;7.1.-Robos con fuerza en domicilios;Enero-diciembre 2021;15
-Municipio de Olesa de Montserrat;8.-Hurtos;Enero-diciembre 2021;102
-Municipio de Olesa de Montserrat;9.-Sustracciones de vehículos;Enero-diciembre 2021;6
-Municipio de Olesa de Montserrat;10.-Tráfico de drogas;Enero-diciembre 2021;6
-Municipio de Olesa de Montserrat;Resto de infracciones penales;Enero-diciembre 2021;320
-Municipio de Olesa de Montserrat;TOTAL INFRACCIONES PENALES;Enero-diciembre 2021;483
-Municipio de Pineda de Mar;1.-Homicidios dolosos y asesinatos consumados;Enero-diciembre 2021;0
-Municipio de Pineda de Mar;2.-Homicidios dolosos y asesinatos en grado tentativa;Enero-diciembre 2021;0
-Municipio de Pineda de Mar;3.-Delitos graves y menos graves de lesiones y riña tumultuaria;Enero-diciembre 2021;11
-Municipio de Pineda de Mar;4.-Secuestro;Enero-diciembre 2021;0
-Municipio de Pineda de Mar;5.-Delitos contra la libertad e indemnidad sexual;Enero-diciembre 2021;11
-Municipio de Pineda de Mar;5.1.-Agresión sexual con penetración;Enero-diciembre 2021;3
-Municipio de Pineda de Mar;5.2.-Resto de delitos contra la libertad e indemnidad sexual;Enero-diciembre 2021;8
-Municipio de Pineda de Mar;6.-Robos con violencia e intimidación;Enero-diciembre 2021;32
-Municipio de Pineda de Mar;7.- Robos con fuerza en domicilios, establecimientos y otras instalaciones;Enero-diciembre 2021;83
-Municipio de Pineda de Mar;7.1.-Robos con fuerza en domicilios;Enero-diciembre 2021;72
-Municipio de Pineda de Mar;8.-Hurtos;Enero-diciembre 2021;276
-Municipio de Pineda de Mar;9.-Sustracciones de vehículos;Enero-diciembre 2021;11
-Municipio de Pineda de Mar;10.-Tráfico de drogas;Enero-diciembre 2021;11
-Municipio de Pineda de Mar;Resto de infracciones penales;Enero-diciembre 2021;893
-Municipio de Pineda de Mar;TOTAL INFRACCIONES PENALES;Enero-diciembre 2021;1.328
-Municipio de Prat de Llobregat (El);1.-Homicidios dolosos y asesinatos consumados;Enero-diciembre 2021;0
-Municipio de Prat de Llobregat (El);2.-Homicidios dolosos y asesinatos en grado tentativa;Enero-diciembre 2021;1
-Municipio de Prat de Llobregat (El);3.-Delitos graves y menos graves de lesiones y riña tumultuaria;Enero-diciembre 2021;26
-Municipio de Prat de Llobregat (El);4.-Secuestro;Enero-diciembre 2021;0
-Municipio de Prat de Llobregat (El);5.-Delitos contra la libertad e indemnidad sexual;Enero-diciembre 2021;27
-Municipio de Prat de Llobregat (El);5.1.-Agresión sexual con penetración;Enero-diciembre 2021;2
-Municipio de Prat de Llobregat (El);5.2.-Resto de delitos contra la libertad e indemnidad sexual;Enero-diciembre 2021;25
-Municipio de Prat de Llobregat (El);6.-Robos con violencia e intimidación;Enero-diciembre 2021;156
-Municipio de Prat de Llobregat (El);7.- Robos con fuerza en domicilios, establecimientos y otras instalaciones;Enero-diciembre 2021;77
-Municipio de Prat de Llobregat (El);7.1.-Robos con fuerza en domicilios;Enero-diciembre 2021;50
-Municipio de Prat de Llobregat (El);8.-Hurtos;Enero-diciembre 2021;2.193
-Municipio de Prat de Llobregat (El);9.-Sustracciones de vehículos;Enero-diciembre 2021;129
-Municipio de Prat de Llobregat (El);10.-Tráfico de drogas;Enero-diciembre 2021;561
-Municipio de Prat de Llobregat (El);Resto de infracciones penales;Enero-diciembre 2021;2.505
-Municipio de Prat de Llobregat (El);TOTAL INFRACCIONES PENALES;Enero-diciembre 2021;5.675
-Municipio de Premià de Mar;1.-Homicidios dolosos y asesinatos consumados;Enero-diciembre 2021;0
-Municipio de Premià de Mar;2.-Homicidios dolosos y asesinatos en grado tentativa;Enero-diciembre 2021;2
-Municipio de Premià de Mar;3.-Delitos graves y menos graves de lesiones y riña tumultuaria;Enero-diciembre 2021;5
-Municipio de Premià de Mar;4.-Secuestro;Enero-diciembre 2021;0
-Municipio de Premià de Mar;5.-Delitos contra la libertad e indemnidad sexual;Enero-diciembre 2021;11
-Municipio de Premià de Mar;5.1.-Agresión sexual con penetración;Enero-diciembre 2021;1
-Municipio de Premià de Mar;5.2.-Resto de delitos contra la libertad e indemnidad sexual;Enero-diciembre 2021;10
-Municipio de Premià de Mar;6.-Robos con violencia e intimidación;Enero-diciembre 2021;54
-Municipio de Premià de Mar;7.- Robos con fuerza en domicilios, establecimientos y otras instalaciones;Enero-diciembre 2021;65
-Municipio de Premià de Mar;7.1.-Robos con fuerza en domicilios;Enero-diciembre 2021;50
-Municipio de Premià de Mar;8.-Hurtos;Enero-diciembre 2021;257
-Municipio de Premià de Mar;9.-Sustracciones de vehículos;Enero-diciembre 2021;26
-Municipio de Premià de Mar;10.-Tráfico de drogas;Enero-diciembre 2021;5
-Municipio de Premià de Mar;Resto de infracciones penales;Enero-diciembre 2021;795
-Municipio de Premià de Mar;TOTAL INFRACCIONES PENALES;Enero-diciembre 2021;1.220
-Municipio de Ripollet;1.-Homicidios dolosos y asesinatos consumados;Enero-diciembre 2021;0
-Municipio de Ripollet;2.-Homicidios dolosos y asesinatos en grado tentativa;Enero-diciembre 2021;0
-Municipio de Ripollet;3.-Delitos graves y menos graves de lesiones y riña tumultuaria;Enero-diciembre 2021;6
-Municipio de Ripollet;4.-Secuestro;Enero-diciembre 2021;0
-Municipio de Ripollet;5.-Delitos contra la libertad e indemnidad sexual;Enero-diciembre 2021;8
-Municipio de Ripollet;5.1.-Agresión sexual con penetración;Enero-diciembre 2021;0
-Municipio de Ripollet;5.2.-Resto de delitos contra la libertad e indemnidad sexual;Enero-diciembre 2021;8
-Municipio de Ripollet;6.-Robos con violencia e intimidación;Enero-diciembre 2021;44
-Municipio de Ripollet;7.- Robos con fuerza en domicilios, establecimientos y otras instalaciones;Enero-diciembre 2021;56
-Municipio de Ripollet;7.1.-Robos con fuerza en domicilios;Enero-diciembre 2021;38
-Municipio de Ripollet;8.-Hurtos;Enero-diciembre 2021;271
-Municipio de Ripollet;9.-Sustracciones de vehículos;Enero-diciembre 2021;24
-Municipio de Ripollet;10.-Tráfico de drogas;Enero-diciembre 2021;7
-Municipio de Ripollet;Resto de infracciones penales;Enero-diciembre 2021;802
-Municipio de Ripollet;TOTAL INFRACCIONES PENALES;Enero-diciembre 2021;1.218
-Municipio de Rubí;1.-Homicidios dolosos y asesinatos consumados;Enero-diciembre 2021;2
-Municipio de Rubí;2.-Homicidios dolosos y asesinatos en grado tentativa;Enero-diciembre 2021;4
-Municipio de Rubí;3.-Delitos graves y menos graves de lesiones y riña tumultuaria;Enero-diciembre 2021;28
-Municipio de Rubí;4.-Secuestro;Enero-diciembre 2021;0
-Municipio de Rubí;5.-Delitos contra la libertad e indemnidad sexual;Enero-diciembre 2021;38
-Municipio de Rubí;5.1.-Agresión sexual con penetración;Enero-diciembre 2021;7
-Municipio de Rubí;5.2.-Resto de delitos contra la libertad e indemnidad sexual;Enero-diciembre 2021;31
-Municipio de Rubí;6.-Robos con violencia e intimidación;Enero-diciembre 2021;150
-Municipio de Rubí;7.- Robos con fuerza en domicilios, establecimientos y otras instalaciones;Enero-diciembre 2021;281
-Municipio de Rubí;7.1.-Robos con fuerza en domicilios;Enero-diciembre 2021;143
-Municipio de Rubí;8.-Hurtos;Enero-diciembre 2021;704
-Municipio de Rubí;9.-Sustracciones de vehículos;Enero-diciembre 2021;81
-Municipio de Rubí;10.-Tráfico de drogas;Enero-diciembre 2021;24
-Municipio de Rubí;Resto de infracciones penales;Enero-diciembre 2021;2.411
-Municipio de Rubí;TOTAL INFRACCIONES PENALES;Enero-diciembre 2021;3.723
-Municipio de Sabadell;1.-Homicidios dolosos y asesinatos consumados;Enero-diciembre 2021;3
-Municipio de Sabadell;2.-Homicidios dolosos y asesinatos en grado tentativa;Enero-diciembre 2021;5
-Municipio de Sabadell;3.-Delitos graves y menos graves de lesiones y riña tumultuaria;Enero-diciembre 2021;59
-Municipio de Sabadell;4.-Secuestro;Enero-diciembre 2021;0
-Municipio de Sabadell;5.-Delitos contra la libertad e indemnidad sexual;Enero-diciembre 2021;76
-Municipio de Sabadell;5.1.-Agresión sexual con penetración;Enero-diciembre 2021;13
-Municipio de Sabadell;5.2.-Resto de delitos contra la libertad e indemnidad sexual;Enero-diciembre 2021;63
-Municipio de Sabadell;6.-Robos con violencia e intimidación;Enero-diciembre 2021;383
-Municipio de Sabadell;7.- Robos con fuerza en domicilios, establecimientos y otras instalaciones;Enero-diciembre 2021;427
-Municipio de Sabadell;7.1.-Robos con fuerza en domicilios;Enero-diciembre 2021;242
-Municipio de Sabadell;8.-Hurtos;Enero-diciembre 2021;2.366
-Municipio de Sabadell;9.-Sustracciones de vehículos;Enero-diciembre 2021;106
-Municipio de Sabadell;10.-Tráfico de drogas;Enero-diciembre 2021;76
-Municipio de Sabadell;Resto de infracciones penales;Enero-diciembre 2021;5.235
-Municipio de Sabadell;TOTAL INFRACCIONES PENALES;Enero-diciembre 2021;8.736
-Municipio de Sant Adrià de Besòs;1.-Homicidios dolosos y asesinatos consumados;Enero-diciembre 2021;2
-Municipio de Sant Adrià de Besòs;2.-Homicidios dolosos y asesinatos en grado tentativa;Enero-diciembre 2021;4
-Municipio de Sant Adrià de Besòs;3.-Delitos graves y menos graves de lesiones y riña tumultuaria;Enero-diciembre 2021;16
-Municipio de Sant Adrià de Besòs;4.-Secuestro;Enero-diciembre 2021;0
-Municipio de Sant Adrià de Besòs;5.-Delitos contra la libertad e indemnidad sexual;Enero-diciembre 2021;20
-Municipio de Sant Adrià de Besòs;5.1.-Agresión sexual con penetración;Enero-diciembre 2021;8
-Municipio de Sant Adrià de Besòs;5.2.-Resto de delitos contra la libertad e indemnidad sexual;Enero-diciembre 2021;12
-Municipio de Sant Adrià de Besòs;6.-Robos con violencia e intimidación;Enero-diciembre 2021;256
-Municipio de Sant Adrià de Besòs;7.- Robos con fuerza en domicilios, establecimientos y otras instalaciones;Enero-diciembre 2021;80
-Municipio de Sant Adrià de Besòs;7.1.-Robos con fuerza en domicilios;Enero-diciembre 2021;24
-Municipio de Sant Adrià de Besòs;8.-Hurtos;Enero-diciembre 2021;879
-Municipio de Sant Adrià de Besòs;9.-Sustracciones de vehículos;Enero-diciembre 2021;86
-Municipio de Sant Adrià de Besòs;10.-Tráfico de drogas;Enero-diciembre 2021;25
-Municipio de Sant Adrià de Besòs;Resto de infracciones penales;Enero-diciembre 2021;1.820
-Municipio de Sant Adrià de Besòs;TOTAL INFRACCIONES PENALES;Enero-diciembre 2021;3.188
-Municipio de Sant Andreu de la Barca;1.-Homicidios dolosos y asesinatos consumados;Enero-diciembre 2021;0
-Municipio de Sant Andreu de la Barca;2.-Homicidios dolosos y asesinatos en grado tentativa;Enero-diciembre 2021;2
-Municipio de Sant Andreu de la Barca;3.-Delitos graves y menos graves de lesiones y riña tumultuaria;Enero-diciembre 2021;8
-Municipio de Sant Andreu de la Barca;4.-Secuestro;Enero-diciembre 2021;0
-Municipio de Sant Andreu de la Barca;5.-Delitos contra la libertad e indemnidad sexual;Enero-diciembre 2021;6
-Municipio de Sant Andreu de la Barca;5.1.-Agresión sexual con penetración;Enero-diciembre 2021;1
-Municipio de Sant Andreu de la Barca;5.2.-Resto de delitos contra la libertad e indemnidad sexual;Enero-diciembre 2021;5
-Municipio de Sant Andreu de la Barca;6.-Robos con violencia e intimidación;Enero-diciembre 2021;23
-Municipio de Sant Andreu de la Barca;7.- Robos con fuerza en domicilios, establecimientos y otras instalaciones;Enero-diciembre 2021;41
-Municipio de Sant Andreu de la Barca;7.1.-Robos con fuerza en domicilios;Enero-diciembre 2021;25
-Municipio de Sant Andreu de la Barca;8.-Hurtos;Enero-diciembre 2021;95
-Municipio de Sant Andreu de la Barca;9.-Sustracciones de vehículos;Enero-diciembre 2021;7
-Municipio de Sant Andreu de la Barca;10.-Tráfico de drogas;Enero-diciembre 2021;9
-Municipio de Sant Andreu de la Barca;Resto de infracciones penales;Enero-diciembre 2021;451
-Municipio de Sant Andreu de la Barca;TOTAL INFRACCIONES PENALES;Enero-diciembre 2021;642
-Municipio de Sant Boi de Llobregat;1.-Homicidios dolosos y asesinatos consumados;Enero-diciembre 2021;1
-Municipio de Sant Boi de Llobregat;2.-Homicidios dolosos y asesinatos en grado tentativa;Enero-diciembre 2021;0
-Municipio de Sant Boi de Llobregat;3.-Delitos graves y menos graves de lesiones y riña tumultuaria;Enero-diciembre 2021;29
-Municipio de Sant Boi de Llobregat;4.-Secuestro;Enero-diciembre 2021;0
-Municipio de Sant Boi de Llobregat;5.-Delitos contra la libertad e indemnidad sexual;Enero-diciembre 2021;29
-Municipio de Sant Boi de Llobregat;5.1.-Agresión sexual con penetración;Enero-diciembre 2021;3
-Municipio de Sant Boi de Llobregat;5.2.-Resto de delitos contra la libertad e indemnidad sexual;Enero-diciembre 2021;26
-Municipio de Sant Boi de Llobregat;6.-Robos con violencia e intimidación;Enero-diciembre 2021;92
-Municipio de Sant Boi de Llobregat;7.- Robos con fuerza en domicilios, establecimientos y otras instalaciones;Enero-diciembre 2021;130
-Municipio de Sant Boi de Llobregat;7.1.-Robos con fuerza en domicilios;Enero-diciembre 2021;77
-Municipio de Sant Boi de Llobregat;8.-Hurtos;Enero-diciembre 2021;989
-Municipio de Sant Boi de Llobregat;9.-Sustracciones de vehículos;Enero-diciembre 2021;59
-Municipio de Sant Boi de Llobregat;10.-Tráfico de drogas;Enero-diciembre 2021;12
-Municipio de Sant Boi de Llobregat;Resto de infracciones penales;Enero-diciembre 2021;2.012
-Municipio de Sant Boi de Llobregat;TOTAL INFRACCIONES PENALES;Enero-diciembre 2021;3.353
-Municipio de Sant Cugat del Vallès;1.-Homicidios dolosos y asesinatos consumados;Enero-diciembre 2021;0
-Municipio de Sant Cugat del Vallès;2.-Homicidios dolosos y asesinatos en grado tentativa;Enero-diciembre 2021;0
-Municipio de Sant Cugat del Vallès;3.-Delitos graves y menos graves de lesiones y riña tumultuaria;Enero-diciembre 2021;26
-Municipio de Sant Cugat del Vallès;4.-Secuestro;Enero-diciembre 2021;0
-Municipio de Sant Cugat del Vallès;5.-Delitos contra la libertad e indemnidad sexual;Enero-diciembre 2021;29
-Municipio de Sant Cugat del Vallès;5.1.-Agresión sexual con penetración;Enero-diciembre 2021;5
-Municipio de Sant Cugat del Vallès;5.2.-Resto de delitos contra la libertad e indemnidad sexual;Enero-diciembre 2021;24
-Municipio de Sant Cugat del Vallès;6.-Robos con violencia e intimidación;Enero-diciembre 2021;139
-Municipio de Sant Cugat del Vallès;7.- Robos con fuerza en domicilios, establecimientos y otras instalaciones;Enero-diciembre 2021;287
-Municipio de Sant Cugat del Vallès;7.1.-Robos con fuerza en domicilios;Enero-diciembre 2021;252
-Municipio de Sant Cugat del Vallès;8.-Hurtos;Enero-diciembre 2021;1.192
-Municipio de Sant Cugat del Vallès;9.-Sustracciones de vehículos;Enero-diciembre 2021;85
-Municipio de Sant Cugat del Vallès;10.-Tráfico de drogas;Enero-diciembre 2021;13
-Municipio de Sant Cugat del Vallès;Resto de infracciones penales;Enero-diciembre 2021;2.156
-Municipio de Sant Cugat del Vallès;TOTAL INFRACCIONES PENALES;Enero-diciembre 2021;3.927
-Municipio de Sant Feliu de Llobregat;1.-Homicidios dolosos y asesinatos consumados;Enero-diciembre 2021;0
-Municipio de Sant Feliu de Llobregat;2.-Homicidios dolosos y asesinatos en grado tentativa;Enero-diciembre 2021;1
-Municipio de Sant Feliu de Llobregat;3.-Delitos graves y menos graves de lesiones y riña tumultuaria;Enero-diciembre 2021;6
-Municipio de Sant Feliu de Llobregat;4.-Secuestro;Enero-diciembre 2021;0
-Municipio de Sant Feliu de Llobregat;5.-Delitos contra la libertad e indemnidad sexual;Enero-diciembre 2021;13
-Municipio de Sant Feliu de Llobregat;5.1.-Agresión sexual con penetración;Enero-diciembre 2021;1
-Municipio de Sant Feliu de Llobregat;5.2.-Resto de delitos contra la libertad e indemnidad sexual;Enero-diciembre 2021;12
-Municipio de Sant Feliu de Llobregat;6.-Robos con violencia e intimidación;Enero-diciembre 2021;58
-Municipio de Sant Feliu de Llobregat;7.- Robos con fuerza en domicilios, establecimientos y otras instalaciones;Enero-diciembre 2021;105
-Municipio de Sant Feliu de Llobregat;7.1.-Robos con fuerza en domicilios;Enero-diciembre 2021;83
-Municipio de Sant Feliu de Llobregat;8.-Hurtos;Enero-diciembre 2021;317
-Municipio de Sant Feliu de Llobregat;9.-Sustracciones de vehículos;Enero-diciembre 2021;25
-Municipio de Sant Feliu de Llobregat;10.-Tráfico de drogas;Enero-diciembre 2021;8
-Municipio de Sant Feliu de Llobregat;Resto de infracciones penales;Enero-diciembre 2021;843
-Municipio de Sant Feliu de Llobregat;TOTAL INFRACCIONES PENALES;Enero-diciembre 2021;1.376
-Municipio de Sant Joan Despí;1.-Homicidios dolosos y asesinatos consumados;Enero-diciembre 2021;1
-Municipio de Sant Joan Despí;2.-Homicidios dolosos y asesinatos en grado tentativa;Enero-diciembre 2021;1
-Municipio de Sant Joan Despí;3.-Delitos graves y menos graves de lesiones y riña tumultuaria;Enero-diciembre 2021;8
-Municipio de Sant Joan Despí;4.-Secuestro;Enero-diciembre 2021;0
-Municipio de Sant Joan Despí;5.-Delitos contra la libertad e indemnidad sexual;Enero-diciembre 2021;7
-Municipio de Sant Joan Despí;5.1.-Agresión sexual con penetración;Enero-diciembre 2021;1
-Municipio de Sant Joan Despí;5.2.-Resto de delitos contra la libertad e indemnidad sexual;Enero-diciembre 2021;6
-Municipio de Sant Joan Despí;6.-Robos con violencia e intimidación;Enero-diciembre 2021;51
-Municipio de Sant Joan Despí;7.- Robos con fuerza en domicilios, establecimientos y otras instalaciones;Enero-diciembre 2021;59
-Municipio de Sant Joan Despí;7.1.-Robos con fuerza en domicilios;Enero-diciembre 2021;40
-Municipio de Sant Joan Despí;8.-Hurtos;Enero-diciembre 2021;248
-Municipio de Sant Joan Despí;9.-Sustracciones de vehículos;Enero-diciembre 2021;23
-Municipio de Sant Joan Despí;10.-Tráfico de drogas;Enero-diciembre 2021;6
-Municipio de Sant Joan Despí;Resto de infracciones penales;Enero-diciembre 2021;621
-Municipio de Sant Joan Despí;TOTAL INFRACCIONES PENALES;Enero-diciembre 2021;1.025
-Municipio de Vilassar de Mar;1.-Homicidios dolosos y asesinatos consumados;Enero-diciembre 2021;0
-Municipio de Vilassar de Mar;2.-Homicidios dolosos y asesinatos en grado tentativa;Enero-diciembre 2021;0
-Municipio de Vilassar de Mar;3.-Delitos graves y menos graves de lesiones y riña tumultuaria;Enero-diciembre 2021;2
-Municipio de Vilassar de Mar;4.-Secuestro;Enero-diciembre 2021;0
-Municipio de Vilassar de Mar;5.-Delitos contra la libertad e indemnidad sexual;Enero-diciembre 2021;3
-Municipio de Vilassar de Mar;5.1.-Agresión sexual con penetración;Enero-diciembre 2021;0
-Municipio de Vilassar de Mar;5.2.-Resto de delitos contra la libertad e indemnidad sexual;Enero-diciembre 2021;3
-Municipio de Vilassar de Mar;6.-Robos con violencia e intimidación;Enero-diciembre 2021;38
-Municipio de Vilassar de Mar;7.- Robos con fuerza en domicilios, establecimientos y otras instalaciones;Enero-diciembre 2021;35
-Municipio de Vilassar de Mar;7.1.-Robos con fuerza en domicilios;Enero-diciembre 2021;24
-Municipio de Vilassar de Mar;8.-Hurtos;Enero-diciembre 2021;145
-Municipio de Vilassar de Mar;9.-Sustracciones de vehículos;Enero-diciembre 2021;8
-Municipio de Vilassar de Mar;10.-Tráfico de drogas;Enero-diciembre 2021;1
-Municipio de Vilassar de Mar;Resto de infracciones penales;Enero-diciembre 2021;344
-Municipio de Vilassar de Mar;TOTAL INFRACCIONES PENALES;Enero-diciembre 2021;576
-Municipio de Sant Pere de Ribes;1.-Homicidios dolosos y asesinatos consumados;Enero-diciembre 2021;0
-Municipio de Sant Pere de Ribes;2.-Homicidios dolosos y asesinatos en grado tentativa;Enero-diciembre 2021;0
-Municipio de Sant Pere de Ribes;3.-Delitos graves y menos graves de lesiones y riña tumultuaria;Enero-diciembre 2021;16
-Municipio de Sant Pere de Ribes;4.-Secuestro;Enero-diciembre 2021;0
-Municipio de Sant Pere de Ribes;5.-Delitos contra la libertad e indemnidad sexual;Enero-diciembre 2021;10
-Municipio de Sant Pere de Ribes;5.1.-Agresión sexual con penetración;Enero-diciembre 2021;3
-Municipio de Sant Pere de Ribes;5.2.-Resto de delitos contra la libertad e indemnidad sexual;Enero-diciembre 2021;7
-Municipio de Sant Pere de Ribes;6.-Robos con violencia e intimidación;Enero-diciembre 2021;11
-Municipio de Sant Pere de Ribes;7.- Robos con fuerza en domicilios, establecimientos y otras instalaciones;Enero-diciembre 2021;60
-Municipio de Sant Pere de Ribes;7.1.-Robos con fuerza en domicilios;Enero-diciembre 2021;50
-Municipio de Sant Pere de Ribes;8.-Hurtos;Enero-diciembre 2021;124
-Municipio de Sant Pere de Ribes;9.-Sustracciones de vehículos;Enero-diciembre 2021;17
-Municipio de Sant Pere de Ribes;10.-Tráfico de drogas;Enero-diciembre 2021;7
-Municipio de Sant Pere de Ribes;Resto de infracciones penales;Enero-diciembre 2021;586
-Municipio de Sant Pere de Ribes;TOTAL INFRACCIONES PENALES;Enero-diciembre 2021;831
-Municipio de Sant Quirze del Vallès;1.-Homicidios dolosos y asesinatos consumados;Enero-diciembre 2021;0
-Municipio de Sant Quirze del Vallès;2.-Homicidios dolosos y asesinatos en grado tentativa;Enero-diciembre 2021;1
-Municipio de Sant Quirze del Vallès;3.-Delitos graves y menos graves de lesiones y riña tumultuaria;Enero-diciembre 2021;8
-Municipio de Sant Quirze del Vallès;4.-Secuestro;Enero-diciembre 2021;0
-Municipio de Sant Quirze del Vallès;5.-Delitos contra la libertad e indemnidad sexual;Enero-diciembre 2021;6
-Municipio de Sant Quirze del Vallès;5.1.-Agresión sexual con penetración;Enero-diciembre 2021;3
-Municipio de Sant Quirze del Vallès;5.2.-Resto de delitos contra la libertad e indemnidad sexual;Enero-diciembre 2021;3
-Municipio de Sant Quirze del Vallès;6.-Robos con violencia e intimidación;Enero-diciembre 2021;37
-Municipio de Sant Quirze del Vallès;7.- Robos con fuerza en domicilios, establecimientos y otras instalaciones;Enero-diciembre 2021;39
-Municipio de Sant Quirze del Vallès;7.1.-Robos con fuerza en domicilios;Enero-diciembre 2021;26
-Municipio de Sant Quirze del Vallès;8.-Hurtos;Enero-diciembre 2021;178
-Municipio de Sant Quirze del Vallès;9.-Sustracciones de vehículos;Enero-diciembre 2021;8
-Municipio de Sant Quirze del Vallès;10.-Tráfico de drogas;Enero-diciembre 2021;4
-Municipio de Sant Quirze del Vallès;Resto de infracciones penales;Enero-diciembre 2021;350
-Municipio de Sant Quirze del Vallès;TOTAL INFRACCIONES PENALES;Enero-diciembre 2021;631
-Municipio de Santa Coloma de Gramenet;1.-Homicidios dolosos y asesinatos consumados;Enero-diciembre 2021;0
-Municipio de Santa Coloma de Gramenet;2.-Homicidios dolosos y asesinatos en grado tentativa;Enero-diciembre 2021;3
-Municipio de Santa Coloma de Gramenet;3.-Delitos graves y menos graves de lesiones y riña tumultuaria;Enero-diciembre 2021;54
-Municipio de Santa Coloma de Gramenet;4.-Secuestro;Enero-diciembre 2021;0
-Municipio de Santa Coloma de Gramenet;5.-Delitos contra la libertad e indemnidad sexual;Enero-diciembre 2021;87
-Municipio de Santa Coloma de Gramenet;5.1.-Agresión sexual con penetración;Enero-diciembre 2021;5
-Municipio de Santa Coloma de Gramenet;5.2.-Resto de delitos contra la libertad e indemnidad sexual;Enero-diciembre 2021;82
-Municipio de Santa Coloma de Gramenet;6.-Robos con violencia e intimidación;Enero-diciembre 2021;471
-Municipio de Santa Coloma de Gramenet;7.- Robos con fuerza en domicilios, establecimientos y otras instalaciones;Enero-diciembre 2021;250
-Municipio de Santa Coloma de Gramenet;7.1.-Robos con fuerza en domicilios;Enero-diciembre 2021;165
-Municipio de Santa Coloma de Gramenet;8.-Hurtos;Enero-diciembre 2021;1.488
-Municipio de Santa Coloma de Gramenet;9.-Sustracciones de vehículos;Enero-diciembre 2021;116
-Municipio de Santa Coloma de Gramenet;10.-Tráfico de drogas;Enero-diciembre 2021;21
-Municipio de Santa Coloma de Gramenet;Resto de infracciones penales;Enero-diciembre 2021;2.710
-Municipio de Santa Coloma de Gramenet;TOTAL INFRACCIONES PENALES;Enero-diciembre 2021;5.200
-Municipio de Santa Perpètua de Mogoda;1.-Homicidios dolosos y asesinatos consumados;Enero-diciembre 2021;0
-Municipio de Santa Perpètua de Mogoda;2.-Homicidios dolosos y asesinatos en grado tentativa;Enero-diciembre 2021;0
-Municipio de Santa Perpètua de Mogoda;3.-Delitos graves y menos graves de lesiones y riña tumultuaria;Enero-diciembre 2021;6
-Municipio de Santa Perpètua de Mogoda;4.-Secuestro;Enero-diciembre 2021;0
-Municipio de Santa Perpètua de Mogoda;5.-Delitos contra la libertad e indemnidad sexual;Enero-diciembre 2021;8
-Municipio de Santa Perpètua de Mogoda;5.1.-Agresión sexual con penetración;Enero-diciembre 2021;1
-Municipio de Santa Perpètua de Mogoda;5.2.-Resto de delitos contra la libertad e indemnidad sexual;Enero-diciembre 2021;7
-Municipio de Santa Perpètua de Mogoda;6.-Robos con violencia e intimidación;Enero-diciembre 2021;35
-Municipio de Santa Perpètua de Mogoda;7.- Robos con fuerza en domicilios, establecimientos y otras instalaciones;Enero-diciembre 2021;74
-Municipio de Santa Perpètua de Mogoda;7.1.-Robos con fuerza en domicilios;Enero-diciembre 2021;41
-Municipio de Santa Perpètua de Mogoda;8.-Hurtos;Enero-diciembre 2021;218
-Municipio de Santa Perpètua de Mogoda;9.-Sustracciones de vehículos;Enero-diciembre 2021;16
-Municipio de Santa Perpètua de Mogoda;10.-Tráfico de drogas;Enero-diciembre 2021;115
-Municipio de Santa Perpètua de Mogoda;Resto de infracciones penales;Enero-diciembre 2021;711
-Municipio de Santa Perpètua de Mogoda;TOTAL INFRACCIONES PENALES;Enero-diciembre 2021;1.183
-Municipio de Sant Vicenç dels Horts;1.-Homicidios dolosos y asesinatos consumados;Enero-diciembre 2021;0
-Municipio de Sant Vicenç dels Horts;2.-Homicidios dolosos y asesinatos en grado tentativa;Enero-diciembre 2021;0
-Municipio de Sant Vicenç dels Horts;3.-Delitos graves y menos graves de lesiones y riña tumultuaria;Enero-diciembre 2021;10
-Municipio de Sant Vicenç dels Horts;4.-Secuestro;Enero-diciembre 2021;0
-Municipio de Sant Vicenç dels Horts;5.-Delitos contra la libertad e indemnidad sexual;Enero-diciembre 2021;16
-Municipio de Sant Vicenç dels Horts;5.1.-Agresión sexual con penetración;Enero-diciembre 2021;3
-Municipio de Sant Vicenç dels Horts;5.2.-Resto de delitos contra la libertad e indemnidad sexual;Enero-diciembre 2021;13
-Municipio de Sant Vicenç dels Horts;6.-Robos con violencia e intimidación;Enero-diciembre 2021;33
-Municipio de Sant Vicenç dels Horts;7.- Robos con fuerza en domicilios, establecimientos y otras instalaciones;Enero-diciembre 2021;76
-Municipio de Sant Vicenç dels Horts;7.1.-Robos con fuerza en domicilios;Enero-diciembre 2021;47
-Municipio de Sant Vicenç dels Horts;8.-Hurtos;Enero-diciembre 2021;226
-Municipio de Sant Vicenç dels Horts;9.-Sustracciones de vehículos;Enero-diciembre 2021;15
-Municipio de Sant Vicenç dels Horts;10.-Tráfico de drogas;Enero-diciembre 2021;4
-Municipio de Sant Vicenç dels Horts;Resto de infracciones penales;Enero-diciembre 2021;757
-Municipio de Sant Vicenç dels Horts;TOTAL INFRACCIONES PENALES;Enero-diciembre 2021;1.137
-Municipio de Sitges;1.-Homicidios dolosos y asesinatos consumados;Enero-diciembre 2021;0
-Municipio de Sitges;2.-Homicidios dolosos y asesinatos en grado tentativa;Enero-diciembre 2021;0
-Municipio de Sitges;3.-Delitos graves y menos graves de lesiones y riña tumultuaria;Enero-diciembre 2021;11
-Municipio de Sitges;4.-Secuestro;Enero-diciembre 2021;0
-Municipio de Sitges;5.-Delitos contra la libertad e indemnidad sexual;Enero-diciembre 2021;16
-Municipio de Sitges;5.1.-Agresión sexual con penetración;Enero-diciembre 2021;2
-Municipio de Sitges;5.2.-Resto de delitos contra la libertad e indemnidad sexual;Enero-diciembre 2021;14
-Municipio de Sitges;6.-Robos con violencia e intimidación;Enero-diciembre 2021;56
-Municipio de Sitges;7.- Robos con fuerza en domicilios, establecimientos y otras instalaciones;Enero-diciembre 2021;159
-Municipio de Sitges;7.1.-Robos con fuerza en domicilios;Enero-diciembre 2021;126
-Municipio de Sitges;8.-Hurtos;Enero-diciembre 2021;732
-Municipio de Sitges;9.-Sustracciones de vehículos;Enero-diciembre 2021;26
-Municipio de Sitges;10.-Tráfico de drogas;Enero-diciembre 2021;10
-Municipio de Sitges;Resto de infracciones penales;Enero-diciembre 2021;1.206
-Municipio de Sitges;TOTAL INFRACCIONES PENALES;Enero-diciembre 2021;2.216
-Municipio de Terrassa;1.-Homicidios dolosos y asesinatos consumados;Enero-diciembre 2021;1
-Municipio de Terrassa;2.-Homicidios dolosos y asesinatos en grado tentativa;Enero-diciembre 2021;3
-Municipio de Terrassa;3.-Delitos graves y menos graves de lesiones y riña tumultuaria;Enero-diciembre 2021;85
-Municipio de Terrassa;4.-Secuestro;Enero-diciembre 2021;2
-Municipio de Terrassa;5.-Delitos contra la libertad e indemnidad sexual;Enero-diciembre 2021;77
-Municipio de Terrassa;5.1.-Agresión sexual con penetración;Enero-diciembre 2021;16
-Municipio de Terrassa;5.2.-Resto de delitos contra la libertad e indemnidad sexual;Enero-diciembre 2021;61
-Municipio de Terrassa;6.-Robos con violencia e intimidación;Enero-diciembre 2021;446
-Municipio de Terrassa;7.- Robos con fuerza en domicilios, establecimientos y otras instalaciones;Enero-diciembre 2021;562
-Municipio de Terrassa;7.1.-Robos con fuerza en domicilios;Enero-diciembre 2021;348
-Municipio de Terrassa;8.-Hurtos;Enero-diciembre 2021;2.199
-Municipio de Terrassa;9.-Sustracciones de vehículos;Enero-diciembre 2021;129
-Municipio de Terrassa;10.-Tráfico de drogas;Enero-diciembre 2021;42
-Municipio de Terrassa;Resto de infracciones penales;Enero-diciembre 2021;4.916
-Municipio de Terrassa;TOTAL INFRACCIONES PENALES;Enero-diciembre 2021;8.462
-Municipio de Vic;1.-Homicidios dolosos y asesinatos consumados;Enero-diciembre 2021;0
-Municipio de Vic;2.-Homicidios dolosos y asesinatos en grado tentativa;Enero-diciembre 2021;0
-Municipio de Vic;3.-Delitos graves y menos graves de lesiones y riña tumultuaria;Enero-diciembre 2021;25
-Municipio de Vic;4.-Secuestro;Enero-diciembre 2021;0
-Municipio de Vic;5.-Delitos contra la libertad e indemnidad sexual;Enero-diciembre 2021;19
-Municipio de Vic;5.1.-Agresión sexual con penetración;Enero-diciembre 2021;5
-Municipio de Vic;5.2.-Resto de delitos contra la libertad e indemnidad sexual;Enero-diciembre 2021;14
-Municipio de Vic;6.-Robos con violencia e intimidación;Enero-diciembre 2021;56
-Municipio de Vic;7.- Robos con fuerza en domicilios, establecimientos y otras instalaciones;Enero-diciembre 2021;154
-Municipio de Vic;7.1.-Robos con fuerza en domicilios;Enero-diciembre 2021;69
-Municipio de Vic;8.-Hurtos;Enero-diciembre 2021;600
-Municipio de Vic;9.-Sustracciones de vehículos;Enero-diciembre 2021;22
-Municipio de Vic;10.-Tráfico de drogas;Enero-diciembre 2021;8
-Municipio de Vic;Resto de infracciones penales;Enero-diciembre 2021;1.027
-Municipio de Vic;TOTAL INFRACCIONES PENALES;Enero-diciembre 2021;1.911
-Municipio de Viladecans;1.-Homicidios dolosos y asesinatos consumados;Enero-diciembre 2021;1
-Municipio de Viladecans;2.-Homicidios dolosos y asesinatos en grado tentativa;Enero-diciembre 2021;3
-Municipio de Viladecans;3.-Delitos graves y menos graves de lesiones y riña tumultuaria;Enero-diciembre 2021;18
-Municipio de Viladecans;4.-Secuestro;Enero-diciembre 2021;0
-Municipio de Viladecans;5.-Delitos contra la libertad e indemnidad sexual;Enero-diciembre 2021;14
-Municipio de Viladecans;5.1.-Agresión sexual con penetración;Enero-diciembre 2021;0
-Municipio de Viladecans;5.2.-Resto de delitos contra la libertad e indemnidad sexual;Enero-diciembre 2021;14
-Municipio de Viladecans;6.-Robos con violencia e intimidación;Enero-diciembre 2021;92
-Municipio de Viladecans;7.- Robos con fuerza en domicilios, establecimientos y otras instalaciones;Enero-diciembre 2021;143
-Municipio de Viladecans;7.1.-Robos con fuerza en domicilios;Enero-diciembre 2021;75
-Municipio de Viladecans;8.-Hurtos;Enero-diciembre 2021;984
-Municipio de Viladecans;9.-Sustracciones de vehículos;Enero-diciembre 2021;40
-Municipio de Viladecans;10.-Tráfico de drogas;Enero-diciembre 2021;8
-Municipio de Viladecans;Resto de infracciones penales;Enero-diciembre 2021;1.601
-Municipio de Viladecans;TOTAL INFRACCIONES PENALES;Enero-diciembre 2021;2.904
-Municipio de Vilafranca del Penedès;1.-Homicidios dolosos y asesinatos consumados;Enero-diciembre 2021;1
-Municipio de Vilafranca del Penedès;2.-Homicidios dolosos y asesinatos en grado tentativa;Enero-diciembre 2021;3
-Municipio de Vilafranca del Penedès;3.-Delitos graves y menos graves de lesiones y riña tumultuaria;Enero-diciembre 2021;25
-Municipio de Vilafranca del Penedès;4.-Secuestro;Enero-diciembre 2021;0
-Municipio de Vilafranca del Penedès;5.-Delitos contra la libertad e indemnidad sexual;Enero-diciembre 2021;17
-Municipio de Vilafranca del Penedès;5.1.-Agresión sexual con penetración;Enero-diciembre 2021;4
-Municipio de Vilafranca del Penedès;5.2.-Resto de delitos contra la libertad e indemnidad sexual;Enero-diciembre 2021;13
-Municipio de Vilafranca del Penedès;6.-Robos con violencia e intimidación;Enero-diciembre 2021;106
-Municipio de Vilafranca del Penedès;7.- Robos con fuerza en domicilios, establecimientos y otras instalaciones;Enero-diciembre 2021;104
-Municipio de Vilafranca del Penedès;7.1.-Robos con fuerza en domicilios;Enero-diciembre 2021;61
-Municipio de Vilafranca del Penedès;8.-Hurtos;Enero-diciembre 2021;575
-Municipio de Vilafranca del Penedès;9.-Sustracciones de vehículos;Enero-diciembre 2021;29
-Municipio de Vilafranca del Penedès;10.-Tráfico de drogas;Enero-diciembre 2021;5
-Municipio de Vilafranca del Penedès;Resto de infracciones penales;Enero-diciembre 2021;1.036
-Municipio de Vilafranca del Penedès;TOTAL INFRACCIONES PENALES;Enero-diciembre 2021;1.901
-Municipio de Vilanova i la Geltrú;1.-Homicidios dolosos y asesinatos consumados;Enero-diciembre 2021;0
-Municipio de Vilanova i la Geltrú;2.-Homicidios dolosos y asesinatos en grado tentativa;Enero-diciembre 2021;5
-Municipio de Vilanova i la Geltrú;3.-Delitos graves y menos graves de lesiones y riña tumultuaria;Enero-diciembre 2021;37
-Municipio de Vilanova i la Geltrú;4.-Secuestro;Enero-diciembre 2021;0
-Municipio de Vilanova i la Geltrú;5.-Delitos contra la libertad e indemnidad sexual;Enero-diciembre 2021;33
-Municipio de Vilanova i la Geltrú;5.1.-Agresión sexual con penetración;Enero-diciembre 2021;6
-Municipio de Vilanova i la Geltrú;5.2.-Resto de delitos contra la libertad e indemnidad sexual;Enero-diciembre 2021;27
-Municipio de Vilanova i la Geltrú;6.-Robos con violencia e intimidación;Enero-diciembre 2021;95
-Municipio de Vilanova i la Geltrú;7.- Robos con fuerza en domicilios, establecimientos y otras instalaciones;Enero-diciembre 2021;218
-Municipio de Vilanova i la Geltrú;7.1.-Robos con fuerza en domicilios;Enero-diciembre 2021;164
-Municipio de Vilanova i la Geltrú;8.-Hurtos;Enero-diciembre 2021;842
-Municipio de Vilanova i la Geltrú;9.-Sustracciones de vehículos;Enero-diciembre 2021;41
-Municipio de Vilanova i la Geltrú;10.-Tráfico de drogas;Enero-diciembre 2021;10
-Municipio de Vilanova i la Geltrú;Resto de infracciones penales;Enero-diciembre 2021;2.003
-Municipio de Vilanova i la Geltrú;TOTAL INFRACCIONES PENALES;Enero-diciembre 2021;3.284
